WB_Code,Year,Education_Spending_pct_GDP
AFG,2010,3.4794499874115
AFG,2011,3.4620099067688
AFG,2012,2.60419988632202
AFG,2013,3.45445990562439
AFG,2014,3.69521999359131
AFG,2015,3.2558000087738
AFG,2016,4.54397010803223
AFG,2017,4.34319019317627
ARE,2019,3.86020994186401
ARE,2020,3.98417997360229
ARE,2021,3.89403009414673
ARG,1970,1.4580899477005
ARG,1972,1.93620002269745
ARG,1973,1.78051996231079
ARG,1974,1.92351996898651
ARG,1975,1.84360003471374
ARG,1976,1.16563999652863
ARG,1977,1.71984004974365
ARG,1978,1.93554997444153
ARG,1979,2.4002799987793
ARG,1980,2.60715007781982
ARG,1982,1.59786999225616
ARG,1983,1.61749994754791
ARG,1984,2.56972002983093
ARG,1985,1.36186003684998
ARG,1986,1.261549949646
ARG,1987,1.28229999542236
ARG,1989,1.04612004756927
ARG,1990,1.06737995147705
ARG,1996,3.73198008537292
ARG,1998,4.03986978530884
ARG,1999,4.52167987823486
ARG,2000,4.58030986785889
ARG,2001,4.833740234375
ARG,2002,4.01734018325806
ARG,2003,3.53504991531372
ARG,2004,3.48652005195618
ARG,2005,3.86000990867615
ARG,2006,4.12821006774902
ARG,2007,4.46260023117065
ARG,2008,4.84440994262695
ARG,2009,5.53105020523071
ARG,2010,5.01971006393433
ARG,2011,5.29062986373901
ARG,2012,5.34582996368408
ARG,2013,5.43661022186279
ARG,2014,5.36144018173218
ARG,2015,5.77611017227173
ARG,2016,5.54548978805542
ARG,2017,5.45431995391846
ARG,2018,4.87773990631104
ARG,2019,4.7716498374939
ARG,2020,5.27689981460571
ARG,2021,4.65393018722534
ARG,2022,4.79263019561768
ARG,2023,5.89754023690244
ARM,1996,1.84843003749847
ARM,1999,2.23518991470337
ARM,2000,2.77273011207581
ARM,2001,2.46943998336792
ARM,2002,2.13504004478455
ARM,2003,2.1450400352478
ARM,2004,2.48673009872436
ARM,2005,2.71202993392944
ARM,2006,2.71577000617981
ARM,2007,3.01893997192383
ARM,2008,3.17272996902466
ARM,2009,3.84079003334045
ARM,2010,3.24900007247925
ARM,2011,3.14385008811951
ARM,2012,2.77248001098633
ARM,2013,2.65018010139465
ARM,2014,2.24724006652832
ARM,2015,2.80591011047363
ARM,2016,2.75812005996704
ARM,2017,2.70759010314941
ARM,2018,2.11331180512289
ARM,2019,2.15984239839771
ARM,2020,2.70555996894836
ARM,2021,2.76784992218018
ARM,2022,2.4918999671936
ARM,2023,2.43869996070862
AUT,1970,4.16346979141235
AUT,1971,4.29919004440308
AUT,1972,4.46764993667603
AUT,1973,4.53321981430054
AUT,1974,4.67425012588501
AUT,1975,5.14811992645264
AUT,1976,5.2582597732544
AUT,1977,4.9734902381897
AUT,1978,5.1800799369812
AUT,1979,5.05797004699707
AUT,1980,5.02866983413696
AUT,1981,5.38891983032227
AUT,1982,5.3840799331665
AUT,1983,5.32463979721069
AUT,1984,5.31528997421265
AUT,1985,5.318039894104
AUT,1986,5.5215802192688
AUT,1987,5.39725017547607
AUT,1988,5.21114015579224
AUT,1989,5.03790998458862
AUT,1990,4.97674989700317
AUT,1991,5.12328004837036
AUT,1992,5.31781005859375
AUT,1993,5.27264976501465
AUT,1995,5.44969987869263
AUT,1996,5.28883981704712
AUT,1998,6.13724994659424
AUT,1999,6.13599014282227
AUT,2000,5.62036991119385
AUT,2001,5.60475015640259
AUT,2002,5.56255006790161
AUT,2003,5.39253997802734
AUT,2004,5.34224987030029
AUT,2005,5.28515005111694
AUT,2006,5.26367998123169
AUT,2007,5.17918014526367
AUT,2008,5.29851007461548
AUT,2009,5.76567983627319
AUT,2010,5.73625993728638
AUT,2011,5.62787008285522
AUT,2012,5.51611995697021
AUT,2013,5.59405994415283
AUT,2014,5.4976601600647
AUT,2015,5.49144983291626
AUT,2016,5.50954008102417
AUT,2017,5.40181016921997
AUT,2018,5.25437021255493
AUT,2019,5.23678016662598
AUT,2020,5.57961988449097
AUT,2021,5.48071002960205
AUT,2022,5.27748012542725
AZE,1992,6.05797004699707
AZE,1995,3.33736991882324
AZE,1996,3.51256990432739
AZE,1998,3.38001990318298
AZE,1999,4.21214008331299
AZE,2000,3.85399007797241
AZE,2001,3.50342011451721
AZE,2002,3.15445995330811
AZE,2003,3.28614997863769
AZE,2004,3.44770002365112
AZE,2005,2.97462010383606
AZE,2006,2.55552005767822
AZE,2007,2.5492799282074
AZE,2008,2.44092988967896
AZE,2009,3.22430992126465
AZE,2010,2.78062009811401
AZE,2011,2.43564009666443
AZE,2012,2.06763005256653
AZE,2013,2.44213008880615
AZE,2014,2.63303995132446
AZE,2015,2.95167994499206
AZE,2016,2.90340995788574
AZE,2017,2.4738199710846
AZE,2018,2.45543003082275
AZE,2019,3.1764600276947
AZE,2020,4.33204984664917
AZE,2021,3.7020800113678
AZE,2022,3.04690003395081
AZE,2023,3.66400003433227
BEL,1975,5.76281976699829
BEL,1976,5.73104000091553
BEL,1977,5.98883008956909
BEL,1978,5.43633985519409
BEL,1979,5.38035011291504
BEL,1980,5.31063985824585
BEL,1981,5.4353199005127
BEL,1982,5.31673002243042
BEL,1986,4.85229015350342
BEL,1987,4.57712984085083
BEL,1988,4.30072021484375
BEL,1993,5.37231016159058
BEL,1994,5.41103982925415
BEL,1995,2.98866009712219
BEL,1996,3.04947996139526
BEL,2005,5.79585981369019
BEL,2008,6.33294010162354
BEL,2009,6.43465995788574
BEL,2010,6.44077014923096
BEL,2011,6.38481998443604
BEL,2012,6.56626987457275
BEL,2013,6.60135984420776
BEL,2014,6.55865001678467
BEL,2015,6.46963977813721
BEL,2016,6.48613023757935
BEL,2017,6.44915008544922
BEL,2018,6.38883018493652
BEL,2019,6.32381010055542
BEL,2020,6.75470018386841
BEL,2021,6.38112020492554
BEL,2022,6.27796983718872
BGR,1980,3.52947998046875
BGR,1990,4.45406007766724
BGR,1991,5.42961978912354
BGR,1992,5.26045989990234
BGR,1993,4.95048999786377
BGR,1994,4.1706600189209
BGR,1995,2.37207007408142
BGR,1996,2.23007988929748
BGR,1998,2.73942995071411
BGR,2001,3.38423991203308
BGR,2002,3.38608002662659
BGR,2003,3.99845004081726
BGR,2004,4.24988985061646
BGR,2005,4.10879993438721
BGR,2006,3.90346002578735
BGR,2007,3.680340051651
BGR,2008,4.2190899848938
BGR,2009,4.27429008483887
BGR,2010,3.85746002197266
BGR,2011,3.54690003395081
BGR,2012,3.47650003433227
BGR,2013,4.05766010284424
BGR,2017,4.07755994796753
BGR,2018,4.05202007293701
BGR,2019,4.21429014205933
BGR,2020,4.48297023773193
BGR,2021,4.7092399597168
BGR,2022,4.50109004974365
BLR,1999,6.00001001358032
BLR,2000,6.19661998748779
BLR,2004,5.7122597694397
BLR,2005,5.8710298538208
BLR,2006,6.07696008682251
BLR,2007,5.15210008621216
BLR,2009,4.3689398765564
BLR,2010,5.22003984451294
BLR,2011,4.68479013442993
BLR,2012,4.95964002609253
BLR,2013,5.0094199180603
BLR,2014,4.81832981109619
BLR,2015,4.78750991821289
BLR,2016,4.94654989242554
BLR,2017,4.79500007629395
BLR,2018,4.83656978607178
BLR,2019,4.97948980331421
BLR,2020,4.86263990402222
BLR,2021,4.60641002655029
BLR,2022,4.62823009490967
BLR,2023,4.9514799118042
BRA,1995,4.56816005706787
BRA,1998,4.75665998458862
BRA,1999,3.80062007904053
BRA,2000,3.94893002510071
BRA,2001,3.84468007087708
BRA,2002,3.75037002563477
BRA,2004,3.97447991371155
BRA,2005,4.47908020019531
BRA,2006,4.87060022354126
BRA,2007,4.97425985336304
BRA,2008,5.2688398361206
BRA,2009,5.46355009078979
BRA,2010,5.64879989624023
BRA,2011,5.73741006851196
BRA,2012,5.85510015487671
BRA,2013,5.8388500213623
BRA,2014,5.94848012924194
BRA,2015,6.24105978012085
BRA,2016,6.314040184021
BRA,2017,6.32047986984253
BRA,2018,6.08851003646851
BRA,2019,5.96346998214722
BRA,2020,5.77150011062622
BRA,2021,5.4969801902771
BRA,2022,5.61922979354858
BRB,1971,6.15065002441406
BRB,1972,6.79071998596191
BRB,1973,6.72242021560669
BRB,1974,7.52374982833862
BRB,1976,5.94479990005493
BRB,1977,6.51715993881226
BRB,1991,6.63870000839233
BRB,1999,4.34123992919922
BRB,2000,4.71585988998413
BRB,2001,6.05536985397339
BRB,2002,5.88062000274658
BRB,2003,6.24569988250732
BRB,2004,6.02428007125854
BRB,2005,5.66965007781982
BRB,2007,5.22061014175415
BRB,2008,4.92074012756348
BRB,2009,5.11040019989014
BRB,2010,6.05261993408203
BRB,2012,4.58823013305664
BRB,2013,4.50306987762451
BRB,2014,5.35950994491577
BRB,2015,5.15997517232471
BRB,2016,4.19719982147217
BRB,2017,3.956209897995
BRB,2018,5.40447825597088
BRB,2019,3.72228002548218
BRB,2020,3.86529994010925
BRB,2021,4.49793004989624
BRB,2022,4.14000988006592
BRB,2023,3.7754499912262
BWA,1971,4.38723993301392
BWA,1972,3.90638995170593
BWA,1973,3.2627899646759
BWA,1974,3.67424011230469
BWA,1975,5.64942979812622
BWA,1976,6.06396007537842
BWA,1977,5.40031003952026
BWA,1978,5.95213985443115
BWA,1979,6.14172983169556
BWA,1980,5.46931982040405
BWA,1983,5.55226993560791
BWA,1984,5.55166006088257
BWA,1985,5.65072011947632
BWA,1986,5.18592977523804
BWA,1987,6.11773014068604
BWA,1988,6.15111017227173
BWA,1990,5.73963022232056
BWA,1992,6.84061002731323
BWA,2005,10.6785898208618
BWA,2007,9.04666996002197
BWA,2009,9.8253002166748
BWA,2011,10.8265537416631
BWA,2012,8.1098729741114
BWA,2013,8.0172064061589
BWA,2014,7.88874188960311
BWA,2015,8.39457941644674
BWA,2016,8.73589296358928
BWA,2017,7.80924443947392
BWA,2018,7.9053860532971
BWA,2019,8.3989966033446
BWA,2020,8.05833660991541
CAN,1971,7.6842999458313
CAN,1972,7.58983993530273
CAN,1973,7.01386976242065
CAN,1974,6.66716003417969
CAN,1975,6.42131996154785
CAN,1976,6.69842004776001
CAN,1977,6.71091985702515
CAN,1978,7.07383012771606
CAN,1979,6.69220018386841
CAN,1980,6.46289014816284
CAN,1981,6.409019947052
CAN,1982,6.49725008010864
CAN,1983,6.85547018051147
CAN,1984,6.61841011047363
CAN,1985,6.18943023681641
CAN,1986,6.02058982849121
CAN,1987,6.29827976226807
CAN,1988,6.15022993087769
CAN,1989,6.07406997680664
CAN,1990,5.96922016143799
CAN,1991,6.85951995849609
CAN,1992,6.74663019180298
CAN,1993,7.67834997177124
CAN,1994,6.65829992294312
CAN,1995,6.30476999282837
CAN,1998,5.49377012252808
CAN,1999,5.53079986572266
CAN,2000,5.42331981658935
CAN,2001,4.95303010940552
CAN,2002,4.99308013916016
CAN,2005,4.76588010787964
CAN,2007,4.7664098739624
CAN,2008,4.62612009048462
CAN,2009,4.84057998657227
CAN,2010,5.356369972229
CAN,2011,5.26205015182495
CAN,2013,4.5890097618103
CAN,2014,4.84358978271484
CAN,2015,4.7393798828125
CAN,2016,4.81642007827759
CAN,2017,4.95996999740601
CAN,2018,4.8889799118042
CAN,2019,4.77293014526367
CAN,2020,4.88794994354248
CAN,2021,4.74860000610352
CAN,2022,4.88021993637085
CHE,1970,3.39252996444702
CHE,1971,3.49644994735718
CHE,1972,3.65762996673584
CHE,1973,3.91472005844116
CHE,1974,4.11416006088257
CHE,1975,4.37446022033691
CHE,1976,4.47360992431641
CHE,1977,4.4963698387146
CHE,1978,4.37052011489868
CHE,1979,4.34770011901855
CHE,1980,4.23401021957397
CHE,1981,4.1969199180603
CHE,1982,4.26316976547241
CHE,1983,4.36717987060547
CHE,1984,4.22711992263794
CHE,1985,4.1746301651001
CHE,1986,4.21008014678955
CHE,1987,4.16635990142822
CHE,1988,4.23081016540527
CHE,1989,4.14315986633301
CHE,1990,4.39194011688232
CHE,1991,4.5450701713562
CHE,1993,4.94459009170532
CHE,1994,4.90888977050781
CHE,1995,4.9128999710083
CHE,1996,4.92260980606079
CHE,1998,4.75152015686035
CHE,1999,4.75953006744385
CHE,2000,4.65878009796143
CHE,2001,4.82218980789185
CHE,2002,5.17881011962891
CHE,2003,5.38400983810425
CHE,2004,5.3142900466919
CHE,2005,5.08472013473511
CHE,2006,4.84120988845825
CHE,2007,4.58395004272461
CHE,2008,4.75725984573364
CHE,2009,4.92561006546021
CHE,2010,4.80210018157959
CHE,2011,4.85663986206055
CHE,2012,4.89862012863159
CHE,2013,4.91392993927002
CHE,2014,4.93057012557983
CHE,2015,4.99559020996094
CHE,2016,4.98163986206055
CHE,2017,5.01765012741089
CHE,2018,4.93008995056152
CHE,2019,5.01438999176025
CHE,2020,5.27676010131836
CHE,2021,5.03708982467651
CHE,2022,4.92419004440308
CHL,1974,3.75120997428894
CHL,1975,3.59472990036011
CHL,1978,3.07045006752014
CHL,1979,3.48236989974976
CHL,1980,4.21999979019165
CHL,1981,4.91429996490479
CHL,1987,2.8232901096344
CHL,1990,2.25015997886658
CHL,1993,2.38371992111206
CHL,1994,2.51182007789612
CHL,1995,2.56469988822937
CHL,1996,2.77720999717712
CHL,1997,2.98516988754273
CHL,1998,3.32312989234924
CHL,1999,3.7083899974823
CHL,2000,3.75707006454468
CHL,2002,4.04881000518799
CHL,2003,3.91868996620178
CHL,2004,3.54307007789612
CHL,2005,3.28016996383667
CHL,2006,3.04014992713928
CHL,2007,3.2331600189209
CHL,2008,3.79189991950989
CHL,2009,4.25475978851318
CHL,2010,4.18953990936279
CHL,2011,4.0617299079895
CHL,2013,4.54814004898071
CHL,2014,4.75167989730835
CHL,2015,4.90390014648438
CHL,2016,5.3664698600769
CHL,2017,5.43278980255127
CHL,2018,5.473060131073
CHL,2019,5.62630987167358
CHL,2020,5.62993001937866
CHL,2021,4.99923992156982
CHL,2022,4.89753007888794
CHN,1971,1.38873994350433
CHN,1972,1.60476005077362
CHN,1973,1.65082001686096
CHN,1974,1.76115000247955
CHN,1975,1.70850002765655
CHN,1976,1.81657004356384
CHN,1977,1.74953997135162
CHN,1978,1.95884001255035
CHN,1979,2.14805006980896
CHN,1980,1.91190004348755
CHN,1981,1.94880998134613
CHN,1982,2.03448009490967
CHN,1983,2.07692003250122
CHN,1984,1.99863004684448
CHN,1985,2.00814008712769
CHN,1986,2.06154990196228
CHN,1987,1.80425000190735
CHN,1988,1.76417994499206
CHN,1992,1.65455996990204
CHN,1993,1.65785002708435
CHN,1994,1.98571002483368
CHN,1995,1.84192001819611
CHN,1996,1.85338997840881
CHN,1998,1.84432995319366
CHN,1999,1.88803994655609
CHN,2023,4.00127983093262
CIV,1970,5.86538982391357
CIV,1972,7.53185987472534
CIV,1973,7.04560995101929
CIV,1974,5.69039011001587
CIV,1975,6.78573989868164
CIV,1976,6.46212005615234
CIV,1978,6.75367021560669
CIV,1979,8.23138999938965
CIV,1980,6.85975980758667
CIV,1992,6.78113985061646
CIV,1993,6.50304985046387
CIV,1994,4.78869009017944
CIV,1995,4.3014497756958
CIV,1996,2.72476005554199
CIV,1997,2.61811995506287
CIV,1998,2.43498992919922
CIV,1999,2.68529009819031
CIV,2000,2.40031003952026
CIV,2001,2.44477009773254
CIV,2002,2.81048011779785
CIV,2003,2.86437010765076
CIV,2004,2.91176009178162
CIV,2005,2.91944003105164
CIV,2006,2.8199999332428
CIV,2007,3.01613998413086
CIV,2008,3.09853005409241
CIV,2009,3.1739399433136
CIV,2010,3.24651002883911
CIV,2011,2.86576008796692
CIV,2012,3.4344699382782
CIV,2013,3.45860004425049
CIV,2014,3.31416988372803
CIV,2015,3.49412989616394
CIV,2016,3.93593001365662
CIV,2017,3.73654007911682
CIV,2018,3.21164989471436
CIV,2019,3.4130699634552
CIV,2020,3.78674006462097
CIV,2021,3.32718992233276
CIV,2022,3.51197004318237
CIV,2023,3.42617011070252
CMR,1971,3.07986998558044
CMR,1972,3.36388993263245
CMR,1982,2.98497009277344
CMR,1983,3.4968900680542
CMR,1984,3.24637007713318
CMR,1986,2.84834003448486
CMR,1987,2.93091011047363
CMR,1988,2.71473002433777
CMR,1989,2.64896011352539
CMR,1990,3.28710007667542
CMR,1991,3.22023010253906
CMR,1992,2.75099992752075
CMR,2000,1.70284998416901
CMR,2001,2.29733991622925
CMR,2003,2.82259011268616
CMR,2004,2.79530000686646
CMR,2005,2.65651988983154
CMR,2006,2.53991007804871
CMR,2007,2.87815999984741
CMR,2008,2.49827003479004
CMR,2009,2.90790009498596
CMR,2010,2.84803009033203
CMR,2011,2.65336990356445
CMR,2012,2.60306000709534
CMR,2013,2.6554799079895
CMR,2014,2.58396005630493
CMR,2015,2.65791988372803
CMR,2016,2.56234002113342
CMR,2017,3.05962991714477
CMR,2018,3.03096008300781
CMR,2019,3.0473994932468
CMR,2020,3.10390139858492
CMR,2021,2.8493076272306
CMR,2022,2.65952378267367
CMR,2023,2.83907623667935
COL,1979,1.75434005260468
COL,1980,1.72912001609802
COL,1981,2.59723997116089
COL,1984,3.00429010391235
COL,1985,2.71527004241943
COL,1989,2.70525002479553
COL,1998,3.92644000053406
COL,1999,4.44080018997192
COL,2000,3.5112099647522
COL,2001,3.70867991447449
COL,2002,4.26812982559204
COL,2003,4.32513999938965
COL,2004,4.07934999465942
COL,2005,4.02098989486694
COL,2006,3.91671991348267
COL,2007,4.08301019668579
COL,2008,3.9387800693512
COL,2009,4.77651977539062
COL,2010,4.83382987976074
COL,2011,4.46608018875122
COL,2012,4.37038993835449
COL,2013,4.87855005264282
COL,2014,4.62945985794067
COL,2015,4.47038984298706
COL,2016,4.47721004486084
COL,2017,4.53551006317139
COL,2018,4.44910001754761
COL,2019,4.51069021224976
COL,2020,5.26166009902954
CRI,1980,7.34716987609863
CRI,1982,4.88506984710693
CRI,1983,4.95777988433838
CRI,1986,4.42026996612549
CRI,1988,4.01322984695435
CRI,1989,4.07784986495972
CRI,1995,3.35272002220154
CRI,1996,3.89071989059448
CRI,1999,5.39436006546021
CRI,2000,4.66695022583008
CRI,2001,4.83202981948853
CRI,2002,5.15044021606445
CRI,2003,5.13373994827271
CRI,2004,4.89062976837158
CRI,2006,4.61613988876343
CRI,2007,4.6345100402832
CRI,2008,4.88697004318237
CRI,2009,6.01030015945435
CRI,2010,6.56574010848999
CRI,2011,6.37988996505737
CRI,2012,6.58239984512329
CRI,2013,6.68739986419678
CRI,2014,6.67952013015747
CRI,2015,6.87349987030029
CRI,2016,6.89395999908447
CRI,2017,7.06980991363525
CRI,2018,6.76991987228394
CRI,2019,6.73808002471924
CRI,2020,6.62898015975952
CRI,2021,6.24841976165771
CUB,1980,8.36909008026123
CUB,1991,7.14496994018555
CUB,1993,7.07476997375488
CUB,1994,5.61948013305664
CUB,1998,6.20873022079468
CUB,1999,6.75523996353149
CUB,2000,7.70481014251709
CUB,2001,8.3580904006958
CUB,2002,9.57116985321045
CUB,2003,9.9408597946167
CUB,2004,10.2682304382324
CUB,2005,10.5577802658081
CUB,2006,9.05716991424561
CUB,2007,11.8682098388672
CUB,2008,14.0590801239014
CUB,2009,13.1248598098755
CUB,2010,12.8373098373413
CUB,2012,11.5516604913797
CUB,2013,10.67169596101
CUB,2014,9.6074568445536
CUB,2015,8.9633578559392
CUB,2016,9.01309318032688
CUB,2017,8.44413540438793
CUB,2018,8.02498461098619
CUB,2019,9.04700486137163
CUB,2020,11.5248184008093
CUB,2021,9.3858620562531
CUB,2022,8.44086351669284
CYP,1975,4.33502006530762
CYP,1976,3.81970000267029
CYP,1977,3.38548994064331
CYP,1978,3.31234002113342
CYP,1979,3.35313010215759
CYP,1980,3.42600989341736
CYP,1981,3.79132008552551
CYP,1982,3.73178005218506
CYP,1984,3.60191011428833
CYP,1985,3.58696007728577
CYP,1986,3.48897004127502
CYP,1987,3.4487099647522
CYP,1988,3.37546992301941
CYP,1989,3.37627005577087
CYP,1990,3.33924007415771
CYP,1991,3.57539010047913
CYP,1992,3.78029990196228
CYP,1993,4.09555006027222
CYP,1994,4.15996980667114
CYP,1995,3.74123001098633
CYP,1999,4.7720799446106
CYP,2000,4.98954010009766
CYP,2001,5.11552000045776
CYP,2002,5.58166980743408
CYP,2003,6.6702299118042
CYP,2004,6.11772012710571
CYP,2005,6.28667020797729
CYP,2006,6.33027982711792
CYP,2007,6.28083992004395
CYP,2008,6.72277021408081
CYP,2009,7.20547008514404
CYP,2010,6.52559995651245
CYP,2011,6.52042007446289
CYP,2013,6.46747016906738
CYP,2014,6.42111015319824
CYP,2015,6.30491018295288
CYP,2016,6.11811017990112
CYP,2017,5.69961977005005
CYP,2019,5.16293001174927
CYP,2020,5.56462001800537
CYP,2021,5.08243989944458
CYP,2022,4.73588991165161
CZE,1992,3.72543001174927
CZE,1993,4.12947988510132
CZE,1994,4.61731004714966
CZE,1995,4.48583984375
CZE,1996,4.21885013580322
CZE,1998,3.55989003181458
CZE,1999,3.64440989494324
CZE,2000,3.61999011039734
CZE,2001,3.71490001678467
CZE,2002,3.93903994560242
CZE,2003,4.10311985015869
CZE,2004,3.98130011558533
CZE,2005,3.86250996589661
CZE,2006,4.19624996185303
CZE,2007,3.85006999969482
CZE,2008,3.73207998275757
CZE,2009,4.1553201675415
CZE,2010,3.99341988563538
CZE,2011,4.2078800201416
CZE,2012,4.19049978256226
CZE,2013,4.02132987976074
CZE,2014,3.93603992462158
CZE,2015,5.71913003921509
CZE,2016,5.50080013275146
CZE,2017,3.75573992729187
CZE,2018,4.21541023254395
CZE,2019,4.46737003326416
CZE,2020,4.62503004074097
CZE,2021,4.65163993835449
CZE,2022,4.30291986465454
DEU,1993,4.39173984527588
DEU,1994,4.31664991378784
DEU,1995,4.41835021972656
DEU,1996,4.47798013687134
DEU,1998,4.44445991516113
DEU,2008,4.47337007522583
DEU,2010,4.99525022506714
DEU,2011,4.88583993911743
DEU,2012,4.83153009414673
DEU,2013,4.83911991119385
DEU,2014,4.82582998275757
DEU,2015,4.76157999038696
DEU,2016,4.74631023406982
DEU,2017,4.77830982208252
DEU,2018,4.88400983810425
DEU,2019,5.02757978439331
DEU,2020,5.51600980758667
DEU,2021,5.36734008789062
DEU,2022,5.23916006088257
DJI,1999,7.62947988510132
DJI,2000,9.65999984741211
DJI,2001,7.80542993545532
DJI,2002,8.44760036468506
DJI,2003,8.88984966278076
DJI,2004,9.26467037200928
DJI,2005,8.36588954925537
DJI,2006,8.27877998352051
DJI,2007,8.40625
DJI,2010,4.49022006988525
DJI,2012,6.35127551762696
DJI,2013,4.64782533103312
DJI,2014,4.38407521258509
DJI,2015,3.59894990921021
DJI,2016,3.92226004600525
DJI,2017,3.73344993591309
DJI,2018,3.75143003463745
DNK,1970,5.95553016662598
DNK,1971,6.39341020584106
DNK,1972,6.48179006576538
DNK,1973,6.26864004135132
DNK,1974,6.588210105896
DNK,1975,6.72234010696411
DNK,1977,5.68040990829468
DNK,1978,5.75755977630615
DNK,1979,5.58436012268066
DNK,1980,5.93732976913452
DNK,1986,5.86020994186401
DNK,1987,6.09093999862671
DNK,1988,6.33603000640869
DNK,1989,5.84319019317627
DNK,1991,5.59853982925415
DNK,1993,7.77740001678467
DNK,1994,7.47798013687134
DNK,1995,7.47743988037109
DNK,1996,7.89130020141602
DNK,1998,8.11201000213623
DNK,1999,7.93460988998413
DNK,2000,8.09000015258789
DNK,2001,8.21094989776611
DNK,2002,8.20600032806396
DNK,2003,8.10984039306641
DNK,2004,8.18766021728516
DNK,2005,8.0647497177124
DNK,2006,7.71623992919922
DNK,2007,7.59681987762451
DNK,2008,7.44195985794067
DNK,2009,8.41279983520508
DNK,2010,8.55025005340576
DNK,2011,8.47716045379639
DNK,2012,7.24570989608765
DNK,2013,8.46864032745361
DNK,2014,7.63833999633789
DNK,2016,7.71534013748169
DNK,2017,7.3700098991394
DNK,2018,7.32746982574463
DNK,2019,7.27587985992432
DNK,2020,7.38573980331421
DNK,2021,6.95915985107422
DNK,2022,6.35586977005005
DOM,1970,2.64078998565674
DOM,1982,1.53891003131866
DOM,1983,1.46382999420166
DOM,1984,1.33455002307892
DOM,1985,1.21019005775452
DOM,1993,0.773949980735779
DOM,1994,0.893369972705841
DOM,1995,1.03330004215241
DOM,1996,1.22724997997284
DOM,2000,1.88829004764557
DOM,2001,1.96782994270325
DOM,2002,1.9140100479126
DOM,2003,1.84465003013611
DOM,2007,2.04678988456726
DOM,2010,1.88728788680129
DOM,2011,1.87925755786153
DOM,2013,3.62818152019188
DOM,2014,3.62243443144513
DOM,2015,3.60400277306673
DOM,2016,3.85049560792469
DOM,2017,3.92026752279272
DOM,2018,3.92849467476802
DOM,2019,4.04276873126053
DOM,2020,4.51769850778985
DOM,2021,3.58043271614957
DOM,2022,3.61088872070271
DOM,2023,3.7606477375256
DZA,1979,7.18201017379761
DZA,1980,6.59742021560669
DZA,2008,4.11142015457153
DZA,2010,8.6917709007891
DZA,2011,9.12453448642892
DZA,2012,7.02950889772261
DZA,2013,6.65906035504841
DZA,2014,6.54889841545277
DZA,2015,6.17633014564047
DZA,2016,6.50210843472458
DZA,2017,5.73482350888796
DZA,2018,5.8127512720176
DZA,2019,5.57536563446523
DZA,2020,6.19391724496515
DZA,2021,5.51403281769924
DZA,2022,4.74924673000603
DZA,2023,5.61015717726636
ECU,1970,2.00283002853394
ECU,1971,1.87940001487732
ECU,1977,2.41883993148804
ECU,1984,4.20342016220093
ECU,1985,5.23334980010986
ECU,1986,6.87237977981567
ECU,1995,1.99764001369476
ECU,1998,2.19536995887756
ECU,1999,1.54734003543854
ECU,2000,1.20265996456146
ECU,2009,4.51763010025024
ECU,2010,4.60028982162476
ECU,2011,4.74424982070923
ECU,2012,4.65310001373291
ECU,2013,4.92997980117798
ECU,2014,5.21020984649658
ECU,2015,5.10570001602173
ECU,2016,4.46397668804552
ECU,2017,4.60667733499397
ECU,2018,4.6250260585881
ECU,2019,4.2457799911499
ECU,2020,4.26103019714355
ECU,2021,3.64776992797852
ECU,2022,3.59897994995117
ECU,2023,3.89365005493164
ERI,1996,1.63855004310608
ERI,1998,4.62058019638062
ERI,1999,5.26281023025513
ERI,2001,4.0471601486206
ERI,2002,3.52390003204346
ERI,2004,3.14896988868713
ERI,2006,2.12700009346008
ESP,1970,1.83431994915009
ESP,1971,1.89063000679016
ESP,1972,2.0661199092865
ESP,1974,1.46060001850128
ESP,1976,1.900750041008
ESP,1977,2.07864999771118
ESP,1978,2.23232007026672
ESP,1979,2.33973002433777
ESP,1987,3.13040995597839
ESP,1988,3.33067989349365
ESP,1989,3.5543200969696
ESP,1990,3.63618993759155
ESP,1991,3.74502992630005
ESP,1992,3.83991003036499
ESP,1993,4.24792003631592
ESP,1994,4.48788022994995
ESP,1995,4.43779993057251
ESP,1996,4.45979976654053
ESP,1998,4.29121017456055
ESP,1999,4.26387977600098
ESP,2000,4.16786003112793
ESP,2001,4.11147022247315
ESP,2002,4.13351011276245
ESP,2003,4.17126989364624
ESP,2004,4.15485000610352
ESP,2005,4.14090013504028
ESP,2006,4.18001985549927
ESP,2007,4.24615001678467
ESP,2008,4.51629018783569
ESP,2009,4.89520978927612
ESP,2010,4.8360800743103
ESP,2011,4.71897983551025
ESP,2012,4.46011018753052
ESP,2013,4.32851982116699
ESP,2014,4.27524995803833
ESP,2015,4.24902009963989
ESP,2016,4.19328022003174
ESP,2017,4.17845010757446
ESP,2018,4.15046977996826
ESP,2019,4.20255994796753
ESP,2020,4.85116004943848
ESP,2021,4.81315994262695
ESP,2022,4.58553981781006
EST,1992,5.28141021728516
EST,1993,5.69822978973389
EST,1994,5.49428987503052
EST,1995,5.89866018295288
EST,1996,6.0549201965332
EST,1997,6.33788013458252
EST,1998,6.23536014556885
EST,1999,6.65249013900757
EST,2000,5.33945989608765
EST,2001,5.23217010498047
EST,2002,5.433030128479
EST,2003,5.27171993255615
EST,2004,4.87566995620728
EST,2005,4.80935001373291
EST,2007,4.6196699142456
EST,2008,5.48375988006592
EST,2009,5.9597601890564
EST,2010,5.51753997802734
EST,2011,4.99514007568359
EST,2012,4.67340993881226
EST,2013,4.78006982803345
EST,2014,4.32586002349854
EST,2015,5.05127000808716
EST,2016,5.05511999130249
EST,2017,4.86288022994995
EST,2018,5.13962984085083
EST,2019,5.16415023803711
EST,2020,5.44180011749268
EST,2021,5.21514987945557
EST,2022,5.20733976364136
FIN,1970,5.41300010681152
FIN,1971,5.33090019226074
FIN,1972,5.00775003433228
FIN,1973,5.09291982650757
FIN,1974,4.48191022872925
FIN,1975,5.032790184021
FIN,1976,5.22785997390747
FIN,1979,4.79649019241333
FIN,1980,4.82531976699829
FIN,1981,4.83411979675293
FIN,1982,4.78051996231079
FIN,1983,4.8572301864624
FIN,1984,4.70050001144409
FIN,1985,5.0471601486206
FIN,1986,5.10178995132446
FIN,1987,5.20250988006592
FIN,1988,5.06788015365601
FIN,1989,5.07349014282227
FIN,1990,5.33860015869141
FIN,1991,6.33646011352539
FIN,1992,6.52018976211548
FIN,1993,7.49572992324829
FIN,1994,6.86486005783081
FIN,1995,6.81648015975952
FIN,1996,6.86610984802246
FIN,1999,5.87123012542725
FIN,2000,5.71163988113403
FIN,2001,5.84084987640381
FIN,2002,6.01865005493164
FIN,2003,6.168869972229
FIN,2004,6.15823984146118
FIN,2005,6.02582979202271
FIN,2006,5.92960977554321
FIN,2007,5.67164993286133
FIN,2008,5.83046007156372
FIN,2009,6.45998001098633
FIN,2010,6.504310131073
FIN,2011,6.45624017715454
FIN,2012,7.1715497970581
FIN,2013,7.15288019180298
FIN,2014,7.13832998275757
FIN,2015,7.07199001312256
FIN,2016,6.90873003005981
FIN,2017,6.40826988220215
FIN,2018,6.31771993637085
FIN,2019,6.45300006866455
FIN,2020,6.6812801361084
FIN,2021,6.58820009231567
FIN,2022,6.37603998184204
FJI,1979,5.19760990142822
FJI,1981,5.82120990753174
FJI,1983,6.48669004440308
FJI,1989,4.83109998703003
FJI,1998,5.52470016479492
FJI,1999,5.16864013671875
FJI,2000,5.87773990631104
FJI,2001,5.6431097984314
FJI,2002,6.27586984634399
FJI,2004,6.20915985107422
FJI,2005,5.16705989837646
FJI,2006,5.6553201675415
FJI,2007,5.89472007751465
FJI,2008,4.25357007980347
FJI,2009,4.49847984313965
FJI,2011,4.17305994033813
FJI,2012,4.46150592221937
FJI,2013,3.88288998603821
FJI,2014,3.76960923580896
FJI,2015,4.80931781024695
FJI,2016,4.83590249175322
FJI,2017,4.65119160575452
FJI,2018,4.79706049383602
FJI,2019,5.15273175975853
FJI,2020,5.80519512902055
FJI,2021,4.8526862712935
FJI,2022,3.93839539074194
FJI,2023,4.24679790890603
FRA,1970,3.46544003486633
FRA,1971,3.20760011672974
FRA,1972,3.39037990570068
FRA,1973,3.25571990013123
FRA,1974,4.27874994277954
FRA,1975,4.47882986068726
FRA,1976,4.47070980072021
FRA,1977,4.47384023666382
FRA,1978,4.38827991485596
FRA,1979,4.32152986526489
FRA,1980,4.34960985183716
FRA,1981,4.78016996383667
FRA,1982,4.90848016738892
FRA,1983,4.9094500541687
FRA,1984,4.91992998123169
FRA,1985,4.90402984619141
FRA,1986,4.74809980392456
FRA,1987,4.66263008117676
FRA,1988,4.58078002929688
FRA,1989,4.49351978302002
FRA,1990,4.5553297996521
FRA,1991,4.8809700012207
FRA,1992,4.77560997009277
FRA,1993,5.46441984176636
FRA,1994,5.65956020355225
FRA,1995,5.81204986572266
FRA,1996,5.7811598777771
FRA,1998,5.71148014068604
FRA,2017,5.46482992172241
FRA,2018,5.42540979385376
FRA,2019,5.36638021469116
FRA,2020,5.65872001647949
FRA,2021,5.41742992401123
FRA,2022,5.32435989379883
GAB,1992,2.80552005767822
GAB,1998,3.41966009140015
GAB,1999,3.08122992515564
GAB,2000,3.82709002494812
GAB,2010,3.07808995246887
GAB,2011,2.987459897995
GAB,2012,3.01340007781982
GAB,2013,3.02971005439758
GAB,2014,2.66667008399963
GAB,2015,2.82435985823512
GAB,2016,2.66773089670199
GAB,2017,3.55570801059931
GAB,2018,3.071542956299
GAB,2019,2.87430983233369
GAB,2020,3.39874087928788
GAB,2021,2.7007928993976
GAB,2022,2.20773650357931
GAB,2023,2.31594287726056
GBR,1971,5.03205013275146
GBR,1972,5.15937995910645
GBR,1973,5.44860982894897
GBR,1974,5.39099979400635
GBR,1975,6.26878023147583
GBR,1976,6.42422008514404
GBR,1977,6.06335020065308
GBR,1980,5.07011985778809
GBR,1981,5.2884202003479
GBR,1982,5.1887001991272
GBR,1983,5.06150007247925
GBR,1984,4.89905977249146
GBR,1985,4.5940899848938
GBR,1986,4.38083982467651
GBR,1987,4.37180995941162
GBR,1988,4.26831007003784
GBR,1989,4.12511014938354
GBR,1990,4.05552005767822
GBR,1991,4.1224799156189
GBR,1992,4.3344898223877
GBR,1994,4.850830078125
GBR,1995,4.83926010131836
GBR,1996,4.37826013565063
GBR,1998,4.20707988739014
GBR,1999,3.988450050354
GBR,2000,4.01821994781494
GBR,2001,4.10014009475708
GBR,2002,4.61192989349365
GBR,2003,4.8012900352478
GBR,2004,4.73554992675781
GBR,2005,4.92976999282837
GBR,2006,4.97649002075195
GBR,2007,4.9244499206543
GBR,2008,4.90973997116089
GBR,2009,5.06263017654419
GBR,2010,5.69867992401123
GBR,2011,5.57218980789185
GBR,2013,5.52530002593994
GBR,2014,5.60134983062744
GBR,2015,5.55452013015747
GBR,2016,5.42795991897583
GBR,2017,5.45256996154785
GBR,2018,5.20437002182007
GBR,2019,5.26115989685059
GBR,2020,5.43935012817383
GBR,2021,5.90682983398438
GEO,1994,6.91565990447998
GEO,1998,2.10888004302979
GEO,1999,2.15512990951538
GEO,2000,2.18105006217956
GEO,2001,2.13750004768372
GEO,2002,2.23501992225647
GEO,2003,2.06559991836548
GEO,2004,2.91420006752014
GEO,2005,2.48431992530823
GEO,2006,3.00364995002747
GEO,2007,2.69687008857727
GEO,2008,2.9195499420166
GEO,2009,3.22237992286682
GEO,2010,2.76179333360622
GEO,2011,2.5149199962616
GEO,2012,1.86033999919891
GEO,2013,2.8330966857175
GEO,2014,2.94113947736272
GEO,2015,3.10870368877345
GEO,2016,3.52338004112244
GEO,2017,3.52442002296448
GEO,2018,3.46094989776611
GEO,2019,3.82985997200012
GEO,2020,3.80951130708125
GEO,2021,3.59441995620727
GEO,2022,3.75498008728027
GEO,2023,3.70918011665344
GHA,1971,4.22444009780884
GHA,1972,4.62139987945557
GHA,1974,3.80271005630493
GHA,1975,4.876540184021
GHA,1976,5.82882976531982
GHA,1977,6.09528017044067
GHA,1979,2.31135010719299
GHA,1980,2.70777010917664
GHA,1981,1.80812001228332
GHA,1982,1.90453994274139
GHA,1986,3.35448002815247
GHA,1987,3.3066999912262
GHA,1988,3.18741989135742
GHA,1999,4.11037015914917
GHA,2001,5.35444021224976
GHA,2004,7.53558015823364
GHA,2005,7.42208003997803
GHA,2006,5.14794015884399
GHA,2007,5.51986980438232
GHA,2008,5.75795984268188
GHA,2009,5.31744003295898
GHA,2010,5.54059982299805
GHA,2011,8.14097023010254
GHA,2012,7.91913986206055
GHA,2013,4.57646989822388
GHA,2014,4.39978981018066
GHA,2015,4.4340500831604
GHA,2016,4.3945198059082
GHA,2017,3.53362989425659
GHA,2018,3.8861300945282
GHA,2019,3.15307114842573
GHA,2020,3.40915991351725
GHA,2021,3.4005042684722
GHA,2022,2.90963831638452
GRC,1970,1.56831002235413
GRC,1971,1.32082998752594
GRC,1973,1.12830996513367
GRC,1974,1.35493004322052
GRC,1975,1.48145997524261
GRC,1976,1.46867001056671
GRC,1977,1.51479995250702
GRC,1978,1.70948004722595
GRC,1981,1.71667003631592
GRC,1982,1.71063005924225
GRC,1983,1.71249997615814
GRC,1984,1.83555996417999
GRC,1986,1.85922002792358
GRC,1987,1.8600800037384
GRC,1988,1.89530003070831
GRC,1989,2.04388999938965
GRC,1990,2.07493996620178
GRC,1991,1.96161997318268
GRC,1998,2.9923300743103
GRC,1999,3.14823007583618
GRC,2000,3.35085010528564
GRC,2001,3.47308993339539
GRC,2002,3.52254009246826
GRC,2003,3.52407002449036
GRC,2004,3.76058006286621
GRC,2005,4.05491018295288
GRC,2015,3.68239998817444
GRC,2017,3.46778011322021
GRC,2018,3.57627010345459
GRC,2019,3.55062007904053
GRC,2022,3.37547993659973
GTM,1970,1.85871994495392
GTM,1971,2.0255401134491
GTM,1976,1.62729001045227
GTM,1993,1.66575002670288
GTM,1994,1.43998003005981
GTM,1995,1.60479998588562
GTM,1996,1.56369996070862
GTM,2006,3.03285002708435
GTM,2007,3.08808994293213
GTM,2008,3.23686003684998
GTM,2010,2.84864997863769
GTM,2011,2.96865010261536
GTM,2012,3.00524997711182
GTM,2013,2.88808989524841
GTM,2014,2.98562002182007
GTM,2015,3.03032994270325
GTM,2016,2.94474005699158
GTM,2017,2.95009994506836
GTM,2018,3.13193988800049
GTM,2019,3.19297003746033
GTM,2020,3.29485011100769
GTM,2021,3.091059923172
GTM,2022,3.20823001861572
GTM,2023,3.10633993148804
GUY,1970,4.32897996902466
GUY,1977,7.08872985839844
GUY,1979,9.37786960601807
GUY,1983,8.2534704208374
GUY,1984,7.22747993469238
GUY,1994,3.72445011138916
GUY,1995,3.60933995246887
GUY,1999,8.56105995178223
GUY,2000,8.48414993286133
GUY,2001,8.39729976654053
GUY,2002,8.36553955078125
GUY,2003,6.95590019226074
GUY,2004,5.51293992996216
GUY,2005,8.13973045349121
GUY,2006,3.11891007423401
GUY,2007,2.39117002487183
GUY,2009,2.15057992935181
GUY,2010,2.40938997268677
GUY,2011,2.50669002532959
GUY,2012,2.24131989479065
GUY,2014,4.36033010482788
GUY,2015,3.89569997787476
GUY,2016,4.73775005340576
GUY,2017,4.6647801399231
GUY,2018,4.45058012008667
HRV,2002,3.82305002212524
HRV,2003,3.87019991874695
HRV,2004,3.82386994361877
HRV,2007,3.96898007392883
HRV,2008,4.2783899307251
HRV,2009,4.36217021942139
HRV,2010,4.20651006698608
HRV,2011,4.10584020614624
HRV,2013,4.50127983093262
HRV,2017,3.87207007408142
HRV,2018,3.92432999610901
HRV,2019,3.94555997848511
HRV,2020,4.40854978561401
HRV,2021,4.0916600227356
HTI,1981,1.39374005794525
HTI,1982,1.07954001426697
HTI,1983,1.0222100019455
HTI,1984,0.986190021038055
HTI,1985,0.969290018081665
HTI,1991,1.07398998737335
HTI,2014,1.75226998329163
HTI,2015,1.85497999191284
HTI,2016,1.38776004314423
HTI,2017,1.49846994876862
HTI,2018,1.63715994358063
HTI,2019,1.08414978067408
HTI,2020,1.11353641558643
HTI,2021,1.24275181117048
HTI,2022,1.02689812206798
HTI,2023,0.964648012977964
HUN,1970,3.45141005516052
HUN,1971,3.4363899230957
HUN,1972,3.36103010177612
HUN,1973,3.40099000930786
HUN,1974,3.60735988616943
HUN,1975,3.7323100566864
HUN,1976,3.53689002990723
HUN,1977,3.605299949646
HUN,1978,3.72723007202148
HUN,1979,3.70742988586426
HUN,1980,4.30394983291626
HUN,1981,4.43302011489868
HUN,1982,4.43564987182617
HUN,1983,5.20669984817505
HUN,1984,4.77393007278442
HUN,1985,4.54767990112305
HUN,1986,4.75103998184204
HUN,1987,4.64593982696533
HUN,1988,4.49736022949219
HUN,1989,5.06343984603882
HUN,1990,5.43190002441406
HUN,1991,5.87939977645874
HUN,1992,6.07956981658935
HUN,1993,5.91958999633789
HUN,1994,5.83488988876343
HUN,1995,4.84748983383179
HUN,1996,4.33475017547607
HUN,1998,4.40864992141724
HUN,1999,4.56704998016357
HUN,2000,4.86840009689331
HUN,2001,4.9310097694397
HUN,2002,5.17923021316528
HUN,2003,5.7923002243042
HUN,2004,5.32762002944946
HUN,2005,5.3200798034668
HUN,2006,5.28974008560181
HUN,2007,5.13495016098022
HUN,2008,4.9676399230957
HUN,2009,4.94636011123657
HUN,2010,4.72375011444092
HUN,2011,4.5631799697876
HUN,2012,4.14249992370605
HUN,2013,4.18921995162964
HUN,2014,4.60187005996704
HUN,2015,4.49539995193481
HUN,2016,4.61547994613647
HUN,2017,4.64757013320923
HUN,2018,4.62343978881836
HUN,2019,4.22488021850586
HUN,2020,4.1535701751709
HUN,2021,4.68406009674072
HUN,2022,3.81258988380432
IDN,1972,2.78820991516113
IDN,1989,0.871410012245178
IDN,1994,0.998549997806549
IDN,1995,1.00434994697571
IDN,1996,1.07854998111725
IDN,1997,1.07208001613617
IDN,2001,2.46003007888794
IDN,2002,2.64568996429443
IDN,2003,3.21799993515015
IDN,2004,2.7484700679779
IDN,2005,2.87281990051269
IDN,2007,3.04425001144409
IDN,2008,2.90190005302429
IDN,2009,3.52513003349304
IDN,2010,2.81227993965149
IDN,2011,3.18944001197815
IDN,2012,3.40748000144958
IDN,2013,3.35904002189636
IDN,2014,3.28800988197327
IDN,2015,3.58360004425049
IDN,2016,1.21023452496964
IDN,2017,1.05324382490056
IDN,2018,0.994436460846179
IDN,2019,0.964399077622927
IDN,2020,1.01593221347809
IDN,2021,1.03221750658374
IDN,2022,0.863943349575907
IDN,2023,1.27517088245674
IND,1997,3.3613600730896
IND,1998,3.57256007194519
IND,1999,4.41539001464844
IND,2000,4.32479000091553
IND,2003,3.61340999603271
IND,2004,3.35254001617432
IND,2005,3.18875002861023
IND,2006,3.14284992218018
IND,2009,3.27824997901917
IND,2010,3.377690076828
IND,2011,3.79618000984192
IND,2012,3.8675000667572
IND,2013,3.84467005729675
IND,2014,3.89878023242693
IND,2015,4.11457014083862
IND,2016,4.25407981872559
IND,2017,4.30544996261597
IND,2018,4.36373996734619
IND,2019,3.89732003211975
IND,2020,4.29335021972656
IND,2021,4.62949991226196
IND,2022,4.09865814174589
IRL,1971,4.48641014099121
IRL,1972,4.6168999671936
IRL,1973,4.60856008529663
IRL,1974,4.68602991104126
IRL,1976,4.29649019241333
IRL,1977,5.08531999588013
IRL,1978,5.0676097869873
IRL,1979,5.28812980651855
IRL,1980,5.32220983505249
IRL,1981,5.73201990127563
IRL,1982,5.38953018188477
IRL,1983,5.44653987884521
IRL,1984,5.28170013427734
IRL,1985,5.24837017059326
IRL,1986,5.30120992660522
IRL,1987,5.5288200378418
IRL,1988,5.0161600112915
IRL,1989,4.71301984786987
IRL,1990,4.60056018829346
IRL,1991,4.78267002105713
IRL,1992,5.0056300163269
IRL,1993,5.11556005477905
IRL,1994,5.18871021270752
IRL,1995,4.87162017822266
IRL,1996,4.75392007827759
IRL,1998,4.28753995895386
IRL,1999,4.13379001617432
IRL,2000,4.13225984573364
IRL,2001,4.08749008178711
IRL,2002,4.10487985610962
IRL,2003,4.20493984222412
IRL,2004,4.48296022415161
IRL,2005,4.51898002624512
IRL,2006,4.54742002487183
IRL,2007,4.71541023254395
IRL,2008,5.45828008651733
IRL,2009,6.15610980987549
IRL,2010,6.04836988449097
IRL,2011,5.77199983596802
IRL,2012,5.70777988433838
IRL,2013,5.23177003860474
IRL,2014,4.73554992675781
IRL,2015,3.62438011169434
IRL,2016,3.65882992744446
IRL,2017,3.37737989425659
IRL,2018,3.30347990989685
IRL,2019,3.22984004020691
IRL,2020,3.19163990020752
IRL,2021,2.904629945755
IRN,1971,2.77033996582031
IRN,1972,2.76672005653381
IRN,1973,2.87667989730835
IRN,1974,2.69034004211426
IRN,1975,2.96556997299194
IRN,1977,5.416259765625
IRN,1981,7.1314001083374
IRN,1982,5.80205011367798
IRN,1983,4.18053007125854
IRN,1984,3.80160999298096
IRN,1985,3.46019005775452
IRN,1986,3.56991004943848
IRN,1987,4.14092016220093
IRN,1988,3.68129992485046
IRN,1989,3.99721002578735
IRN,1990,3.77391004562378
IRN,1991,3.74353003501892
IRN,1992,3.64046001434326
IRN,1993,4.31462001800537
IRN,1995,4.08180999755859
IRN,1996,3.53776001930237
IRN,1999,4.22040987014771
IRN,2000,4.03064012527466
IRN,2001,4.07168006896973
IRN,2002,4.48487997055054
IRN,2003,4.36322021484375
IRN,2004,4.29662990570068
IRN,2005,4.05650997161865
IRN,2006,4.28998994827271
IRN,2007,4.59680986404419
IRN,2008,3.91375994682312
IRN,2009,3.84244990348816
IRN,2010,3.70918011665344
IRN,2011,3.48497009277344
IRN,2012,2.93899989128113
IRN,2013,2.85279011726379
IRN,2014,2.61668992042542
IRN,2015,2.62911009788513
IRN,2016,3.17396998405456
IRN,2017,3.45956993103027
IRN,2018,3.61979007720947
IRN,2019,3.24005007743835
IRN,2020,3.20495009422302
IRN,2022,2.6699800491333
IRN,2023,2.82443290958712
IRQ,1977,3.8570499420166
IRQ,1980,2.42378997802734
IRQ,1989,3.55150008201599
ISL,1990,4.25862979888916
ISL,1993,5.14158010482788
ISL,1994,4.75557994842529
ISL,1995,4.78062009811401
ISL,1996,5.21834993362427
ISL,1998,6.78387022018433
ISL,1999,6.43401002883911
ISL,2000,6.4314398765564
ISL,2001,6.70592021942139
ISL,2002,7.29892015457153
ISL,2003,7.24507999420166
ISL,2004,7.16118001937866
ISL,2005,7.33843994140625
ISL,2006,7.19521999359131
ISL,2007,6.9443302154541
ISL,2008,7.03601980209351
ISL,2009,7.18984985351562
ISL,2010,6.9442400932312
ISL,2011,6.78997993469238
ISL,2012,7.58223009109497
ISL,2013,7.44868993759155
ISL,2014,7.6414098739624
ISL,2015,7.4579701423645
ISL,2016,7.43219995498657
ISL,2017,7.58385992050171
ISL,2018,7.56349992752075
ISL,2019,7.60129976272583
ISL,2020,8.58382987976074
ISL,2021,8.20907974243164
ISL,2022,7.28923988342285
ITA,1970,3.35906004905701
ITA,1971,2.8921000957489
ITA,1974,3.82631993293762
ITA,1975,3.70307993888855
ITA,1976,3.91051006317139
ITA,1978,3.77167010307312
ITA,1979,4.15415000915527
ITA,1983,4.4777398109436
ITA,1984,4.76358985900879
ITA,1985,4.67901992797852
ITA,1986,4.64419984817505
ITA,1988,4.58221006393433
ITA,1993,4.72301006317139
ITA,1994,4.42311000823975
ITA,1995,4.30872011184692
ITA,1996,4.43969011306763
ITA,1998,4.4409499168396
ITA,1999,4.50165987014771
ITA,2000,4.27994012832642
ITA,2001,4.63415002822876
ITA,2002,4.41520023345947
ITA,2003,4.52655982971191
ITA,2004,4.37003993988037
ITA,2005,4.22292995452881
ITA,2006,4.50463008880615
ITA,2007,4.08762979507446
ITA,2008,4.37188005447388
ITA,2009,4.50415992736816
ITA,2010,4.31625986099243
ITA,2011,4.09430980682373
ITA,2012,4.03481006622315
ITA,2013,4.12192010879517
ITA,2014,4.04026985168457
ITA,2015,4.05422019958496
ITA,2016,3.795490026474
ITA,2017,4.02662992477417
ITA,2018,4.24093008041382
ITA,2019,4.07843017578125
ITA,2020,4.41802978515625
ITA,2021,4.17118978500366
ITA,2022,4.0698299407959
JAM,1973,3.63143992424011
JAM,1974,4.24897003173828
JAM,1975,5.22878980636597
JAM,1976,5.85832977294922
JAM,1977,6.02651977539062
JAM,1985,5.39190006256104
JAM,1986,4.60398006439209
JAM,1988,3.94086003303528
JAM,1989,5.18397998809815
JAM,1990,4.7791600227356
JAM,1991,4.38306999206543
JAM,1992,3.33665990829468
JAM,1993,3.21403002738953
JAM,1994,4.06418991088867
JAM,1995,3.38908004760742
JAM,1996,3.67773008346558
JAM,1997,4.37953996658325
JAM,2000,4.98346996307373
JAM,2001,5.38103008270264
JAM,2002,5.37522983551025
JAM,2003,4.25684976577759
JAM,2004,3.91254997253418
JAM,2005,4.61641979217529
JAM,2007,5.49022006988525
JAM,2008,6.19131994247437
JAM,2009,6.19848012924194
JAM,2010,6.37060022354126
JAM,2011,6.26664018630981
JAM,2012,6.11246013641357
JAM,2013,6.25108003616333
JAM,2014,6.01586008071899
JAM,2015,5.45522022247315
JAM,2016,5.31461000442505
JAM,2017,5.26016998291016
JAM,2018,5.41380977630615
JAM,2019,5.16364002227783
JAM,2020,5.38065828197341
JAM,2021,5.63123989105225
JAM,2022,5.35435009002685
JAM,2023,5.65453693979426
KGZ,1994,5.58819007873535
KGZ,1995,6.15642976760864
KGZ,1996,4.90260982513428
KGZ,1998,4.91963005065918
KGZ,1999,4.0852198600769
KGZ,2000,3.50838994979858
KGZ,2001,3.85418009757996
KGZ,2002,4.44545984268188
KGZ,2003,4.47541999816895
KGZ,2004,4.62243986129761
KGZ,2005,4.87383985519409
KGZ,2006,5.54986000061035
KGZ,2007,6.4670000076294
KGZ,2008,5.91318988800049
KGZ,2009,6.23267984390259
KGZ,2010,5.81883001327515
KGZ,2011,6.79061985015869
KGZ,2012,7.38423013687134
KGZ,2013,6.78020000457764
KGZ,2014,5.53159999847412
KGZ,2015,5.98550987243652
KGZ,2016,6.58615016937256
KGZ,2017,6.02618980407715
KGZ,2018,5.55267000198364
KGZ,2019,5.08025979995728
KGZ,2020,5.7331600189209
KGZ,2021,5.16667985916138
KGZ,2022,7.16884382244099
KGZ,2023,6.82694680798777
KOR,1970,3.41404008865356
KOR,1971,3.73918008804321
KOR,1972,3.22075009346008
KOR,1973,2.68021988868713
KOR,1975,2.08925008773804
KOR,1976,2.75457000732422
KOR,1977,2.42641997337341
KOR,1979,3.01883006095886
KOR,1980,3.45873999595642
KOR,1981,2.89862990379333
KOR,1982,6.32966995239258
KOR,1983,4.31538009643555
KOR,1984,4.00532007217407
KOR,1985,3.98644995689392
KOR,1986,3.63594007492065
KOR,1987,3.37423992156982
KOR,1988,2.74737000465393
KOR,1989,3.06262993812561
KOR,1990,3.03873991966248
KOR,1991,3.48924994468689
KOR,1992,3.57788991928101
KOR,1993,3.69697999954224
KOR,1994,3.01831007003784
KOR,1995,2.93543004989624
KOR,1998,3.36813998222351
KOR,1999,3.3692901134491
KOR,2015,4.45423984527588
KOR,2016,4.33309984207153
KOR,2017,4.32823991775513
KOR,2018,4.45807981491089
KOR,2019,4.68465995788574
KOR,2020,4.8017201423645
KOR,2021,4.86627006530762
KOR,2022,5.81446981430054
KWT,1971,3.28733992576599
KWT,1972,2.81574988365173
KWT,1973,3.30368995666504
KWT,1974,3.52160000801086
KWT,1975,2.13554000854492
KWT,1976,3.11508011817932
KWT,1977,3.36866998672485
KWT,1978,4.08185005187988
KWT,1979,3.42856001853943
KWT,1980,2.79101991653442
KWT,1981,2.71914005279541
KWT,1982,3.0335099697113
KWT,1983,5.09027004241943
KWT,1984,5.14888000488281
KWT,1985,5.00761985778809
KWT,1986,5.40083980560303
KWT,1992,14.1988296508789
KWT,1996,5.85961008071899
KWT,1997,5.5826301574707
KWT,2001,6.5858302116394
KWT,2002,6.551109790802
KWT,2004,5.53506994247437
KWT,2005,4.73833990097046
KWT,2006,3.75997996330261
KWT,2016,5.95593958839578
KWT,2017,6.35444222156987
KWT,2018,6.39165256830382
KWT,2019,6.72789551402991
KWT,2020,6.24513034913966
KWT,2021,7.76246706467929
KWT,2022,6.58236499988891
KWT,2023,5.0262608311279
LIE,2003,2.4601399898529
LIE,2004,2.43333005905151
LIE,2006,2.05380988121033
LIE,2007,1.92119002342224
LIE,2008,2.04836988449097
LIE,2011,2.55604004859924
LTU,1993,3.91314005851746
LTU,1994,4.76287984848022
LTU,1995,4.73458003997803
LTU,1996,4.81781005859375
LTU,1997,5.42383003234863
LTU,1998,6.08957004547119
LTU,2001,5.83644008636475
LTU,2002,5.79093980789185
LTU,2003,5.1067099571228
LTU,2004,5.14797019958496
LTU,2005,4.87698984146118
LTU,2006,4.83653020858765
LTU,2007,4.59159994125366
LTU,2008,4.83649015426636
LTU,2009,5.56941986083984
LTU,2010,5.36880016326904
LTU,2011,5.15469980239868
LTU,2012,4.78232002258301
LTU,2013,4.62416982650757
LTU,2014,4.5076699256897
LTU,2015,4.21646022796631
LTU,2016,4.01143980026245
LTU,2017,3.81236004829407
LTU,2018,3.85628008842468
LTU,2019,3.9415500164032
LTU,2020,4.47348022460938
LTU,2021,4.23977994918823
LTU,2022,4.25285005569458
MAR,1973,4.67168998718262
MAR,1974,4.27548980712891
MAR,1975,5.21270990371704
MAR,1976,6.0271201133728
MAR,1977,6.08424997329712
MAR,1978,6.20182991027832
MAR,1979,6.31548023223877
MAR,1980,5.10485982894897
MAR,1981,5.68926000595093
MAR,1982,6.12268018722534
MAR,1983,6.17467021942139
MAR,1984,5.19013023376465
MAR,1985,5.10216999053955
MAR,1986,5.25928020477295
MAR,1987,5.16213989257812
MAR,1988,4.57781982421875
MAR,1989,4.7573299407959
MAR,1990,4.51048994064331
MAR,1991,4.30316019058228
MAR,1993,4.82496976852417
MAR,1995,4.73480987548828
MAR,1998,4.59939002990723
MAR,1999,4.62526988983154
MAR,2008,4.85339021682739
MAR,2009,4.83119010925293
MAR,2012,5.55294838577208
MAR,2014,5.48276036642721
MAR,2015,5.133369043677
MAR,2016,5.08530197423073
MAR,2017,4.73564982004448
MAR,2018,4.96022713486949
MAR,2019,5.0032567210502
MAR,2020,6.28428263644307
MAR,2021,5.64273401285138
MAR,2022,5.91224674061277
MAR,2023,6.02096928801329
MCO,1988,0.88102000951767
MCO,1989,0.957539975643158
MCO,1992,0.913609981536865
MCO,1995,1.06456005573273
MCO,1996,1.08222997188568
MCO,1997,1.21240997314453
MCO,1998,1.20881998538971
MCO,1999,1.19526994228363
MCO,2000,1.25537002086639
MCO,2004,1.26668000221252
MCO,2009,1.35431003570557
MCO,2010,1.31735002994537
MCO,2011,1.58989000320435
MCO,2012,1.78004002571106
MCO,2013,1.33440005779266
MCO,2014,1.02186000347137
MCO,2016,1.37126004695892
MCO,2017,1.45816004276276
MCO,2019,1.15896999835968
MCO,2021,1.41926002502441
MCO,2022,1.17105996608734
MCO,2023,1.73223996162415
MDA,1996,9.89663982391357
MDA,1999,4.6625599861145
MDA,2000,4.48639011383057
MDA,2001,4.84684991836548
MDA,2002,5.4979100227356
MDA,2003,5.42489004135132
MDA,2004,6.77103996276855
MDA,2005,7.16270017623901
MDA,2006,7.49899005889893
MDA,2007,8.29337024688721
MDA,2008,8.23727035522461
MDA,2009,9.5097599029541
MDA,2010,7.5922999382019
MDA,2011,7.13638019561768
MDA,2012,6.98338985443115
MDA,2013,5.90975516494477
MDA,2014,6.33806991577148
MDA,2015,5.76665405944246
MDA,2016,5.67208003997803
MDA,2017,5.71016979217529
MDA,2018,5.53887987136841
MDA,2019,6.22576999664307
MDA,2020,6.6012601852417
MDA,2021,5.82405996322632
MDA,2022,6.11053991317749
MDA,2023,6.62547016143799
MEX,1989,2.28201007843018
MEX,1990,2.32498002052307
MEX,1991,2.54800009727478
MEX,1992,3.00501990318298
MEX,1994,3.47707009315491
MEX,1995,3.49746990203857
MEX,1998,3.17838001251221
MEX,1999,3.36164999008179
MEX,2000,3.80870008468628
MEX,2001,4.0313401222229
MEX,2002,4.24307012557983
MEX,2003,4.83262014389038
MEX,2004,4.51204013824463
MEX,2005,4.63395023345947
MEX,2006,4.4931697845459
MEX,2007,4.47921991348267
MEX,2008,4.60609006881714
MEX,2009,4.94933986663818
MEX,2010,4.93695020675659
MEX,2011,4.90405988693237
MEX,2012,4.88348007202148
MEX,2013,4.50858020782471
MEX,2014,5.06808996200562
MEX,2015,5.05087995529175
MEX,2016,4.75795984268188
MEX,2017,4.39752006530762
MEX,2018,4.13945007324219
MEX,2020,4.49967002868652
MEX,2021,4.23823022842407
MEX,2022,4.0658597946167
MKD,1992,4.73344993591309
MKD,1993,4.63056993484497
MKD,1994,4.52628993988037
MKD,1995,4.27123022079468
MKD,1996,4.30311012268066
MKD,2002,3.30014991760254
MNG,1997,3.948970079422
MNG,1998,5.49302005767822
MNG,1999,5.14565992355347
MNG,2000,5.55037021636963
MNG,2002,7.21078014373779
MNG,2004,4.32572984695435
MNG,2007,4.69013023376465
MNG,2009,5.14484977722168
MNG,2010,4.64510011672974
MNG,2011,4.60902976989746
MNG,2012,5.19520998001099
MNG,2013,4.94077014923096
MNG,2014,4.71484994888306
MNG,2015,4.22361993789673
MNG,2016,5.18310022354126
MNG,2017,4.06897020339966
MNG,2023,3.65764999389648
MOZ,1998,1.80137002468109
MOZ,1999,2.64153003692627
MOZ,2004,3.19839000701904
MOZ,2005,3.85834002494812
MOZ,2006,3.7359299659729
MOZ,2010,5.24539789470058
MOZ,2011,5.53052494030773
MOZ,2012,5.5575098991394
MOZ,2013,6.03576993942261
MOZ,2014,6.39920843528224
MOZ,2015,5.91515660575298
MOZ,2016,5.80086994171143
MOZ,2017,5.48664999008179
MOZ,2018,5.38976001739502
MOZ,2019,5.99969523584354
MOZ,2020,6.17059556957808
MOZ,2021,6.34063583505687
MOZ,2022,5.97607342054314
MUS,1971,3.11274003982544
MUS,1972,3.07091999053955
MUS,1973,2.78133010864258
MUS,1975,2.51991009712219
MUS,1977,4.3818998336792
MUS,1978,5.49202013015747
MUS,1981,4.98683977127075
MUS,1982,4.54262018203735
MUS,1983,4.39455986022949
MUS,1984,4.03251981735229
MUS,1985,3.91043996810913
MUS,1986,3.43728995323181
MUS,1987,3.01674008369446
MUS,1988,3.08984994888306
MUS,1989,3.46896004676819
MUS,1990,3.12822008132935
MUS,1991,3.46325993537903
MUS,1999,3.88741993904114
MUS,2000,3.71903991699219
MUS,2001,3.07347989082336
MUS,2002,3.02024006843567
MUS,2003,4.35717010498047
MUS,2004,4.25577020645142
MUS,2005,4.02402019500732
MUS,2006,3.64839005470276
MUS,2007,3.18540000915527
MUS,2008,3.06307005882263
MUS,2009,3.04731011390686
MUS,2010,3.55147004127502
MUS,2011,3.33207011222839
MUS,2012,3.41820001602173
MUS,2013,3.56775999069214
MUS,2014,4.81514978408813
MUS,2015,4.75847005844116
MUS,2016,4.88207006454468
MUS,2017,4.87887001037598
MUS,2018,4.67447996139526
MUS,2019,4.54195022583008
MUS,2020,4.35243988037109
MUS,2021,4.67151021957397
MUS,2022,4.84085988998413
MUS,2023,4.56763982772827
MYS,1971,4.55094003677368
MYS,1979,5.08760976791382
MYS,1980,5.72619009017944
MYS,1981,6.69696998596191
MYS,1982,7.03278017044067
MYS,1984,5.66629981994629
MYS,1985,6.1111102104187
MYS,1986,7.24336004257202
MYS,1987,6.32600021362305
MYS,1992,5.11143016815185
MYS,1993,4.65463018417358
MYS,1994,4.70528984069824
MYS,1995,4.3425498008728
MYS,1996,4.91384983062744
MYS,1997,4.62037992477417
MYS,1999,5.68678998947144
MYS,2000,5.9716100692749
MYS,2001,7.48446989059448
MYS,2002,7.65792989730835
MYS,2003,7.50288009643555
MYS,2004,5.92389011383057
MYS,2006,4.48576021194458
MYS,2007,4.37253999710083
MYS,2008,3.95851993560791
MYS,2009,5.97418022155762
MYS,2010,4.96645021438599
MYS,2011,5.76293992996216
MYS,2012,5.73902988433838
MYS,2013,5.48120021820068
MYS,2014,5.21263980865479
MYS,2015,4.89486980438232
MYS,2016,4.75192022323608
MYS,2017,4.6753101348877
MYS,2018,4.47865009307861
MYS,2019,4.15776014328003
MYS,2020,3.91176009178162
MYS,2021,4.26109393398867
MYS,2022,3.49933781956284
MYS,2023,3.51480007171631
NAM,1999,7.13076019287109
NAM,2000,6.901780128479
NAM,2001,6.88886976242065
NAM,2002,6.7423300743103
NAM,2003,6.13713979721069
NAM,2006,6.03171014785767
NAM,2008,6.40342998504639
NAM,2010,8.24330043792725
NAM,2011,8.02137930818109
NAM,2012,9.24281237985165
NAM,2013,8.59541659523254
NAM,2014,3.66711166353218
NAM,2015,9.8507685020388
NAM,2016,10.5927948535144
NAM,2017,1.39524534605831
NAM,2018,8.88112249415185
NAM,2019,9.32253195522987
NAM,2020,9.27799879073429
NAM,2021,10.3914477380895
NAM,2022,9.3919470845238
NER,1971,1.0522700548172
NER,1990,2.07436990737915
NER,1991,2.30833005905151
NER,1992,2.24298000335693
NER,1993,2.06511998176575
NER,1994,2.26538991928101
NER,1995,2.32975006103516
NER,1996,2.14418005943298
NER,1999,2.56853008270264
NER,2000,2.5650200843811
NER,2001,2.27981996536255
NER,2002,2.40134000778198
NER,2003,1.93705999851227
NER,2006,2.55852007865906
NER,2007,3.01462006568909
NER,2008,2.72311997413635
NER,2009,3.33588004112244
NER,2010,2.7219500541687
NER,2011,3.07762002944946
NER,2012,3.1868200302124
NER,2013,3.68952989578247
NER,2014,5.10368013381958
NER,2015,4.48669004440308
NER,2016,2.95843005180359
NER,2017,2.57818007469177
NER,2018,3.44956994056702
NER,2019,3.53358621816013
NER,2020,3.81906792754322
NER,2021,3.82175828133515
NER,2022,3.71231832079626
NER,2023,4.07412707618114
NGA,1974,3.21017003059387
NGA,1975,3.0636899471283
NGA,2012,0.549233086121929
NGA,2013,0.534206768008091
NGA,2014,0.470742539133469
NGA,2015,0.436954905120644
NGA,2016,0.393045646249364
NGA,2017,0.396354013591345
NGA,2018,0.419998493796127
NGA,2019,0.358479005206684
NGA,2020,0.35963763718498
NGA,2021,0.381919104397325
NGA,2022,0.348516707890877
NGA,2023,0.319069049792343
NLD,1970,6.2120099067688
NLD,1971,6.3189001083374
NLD,1972,6.3092098236084
NLD,1973,5.83436012268066
NLD,1974,6.3265700340271
NLD,1975,6.36229991912842
NLD,1976,6.30300998687744
NLD,1977,6.17341995239258
NLD,1978,6.17533016204834
NLD,1979,6.0813798904419
NLD,1980,5.88414001464844
NLD,1981,5.7409200668335
NLD,1982,5.6866397857666
NLD,1983,5.49270009994507
NLD,1984,5.0826301574707
NLD,1985,5.46482992172241
NLD,1986,5.55336999893188
NLD,1987,5.88924980163574
NLD,1988,5.4634199142456
NLD,1990,5.22109985351562
NLD,1991,5.1540699005127
NLD,1993,4.74961996078491
NLD,1994,4.65639019012451
NLD,1995,4.57215023040771
NLD,1996,4.48540019989014
NLD,1998,4.53430986404419
NLD,1999,4.4996600151062
NLD,2000,4.58325004577637
NLD,2001,4.68933010101318
NLD,2002,4.78904008865356
NLD,2003,5.0199499130249
NLD,2004,5.0411901473999
NLD,2005,5.08871984481812
NLD,2006,5.01913976669312
NLD,2007,4.85854005813599
NLD,2008,4.99737977981567
NLD,2009,5.38561010360718
NLD,2010,5.45634984970093
NLD,2011,5.41595983505249
NLD,2012,5.36694002151489
NLD,2013,5.48417997360229
NLD,2014,5.40205001831055
NLD,2015,5.27802991867065
NLD,2016,5.38952016830444
NLD,2017,5.08747005462646
NLD,2018,5.26723003387451
NLD,2019,5.0559401512146
NLD,2020,5.29139995574951
NLD,2021,5.37661981582642
NLD,2022,5.17918014526367
NOR,1972,5.90405988693237
NOR,1973,5.89171981811523
NOR,1974,5.67365980148315
NOR,1975,5.55022001266479
NOR,1976,6.16359996795654
NOR,1977,5.97280979156494
NOR,1978,6.44437980651855
NOR,1980,5.78014993667603
NOR,1981,5.54364013671875
NOR,1982,5.6788501739502
NOR,1983,5.64629983901978
NOR,1984,5.42936992645264
NOR,1985,5.25567007064819
NOR,1986,5.53984022140503
NOR,1987,5.7880802154541
NOR,1988,5.86597013473511
NOR,1989,6.29984998703003
NOR,1990,6.31036996841431
NOR,1991,6.37321996688843
NOR,1992,6.63613986968994
NOR,1993,7.6766300201416
NOR,1994,7.83044004440308
NOR,1995,7.69568014144897
NOR,1996,7.1380500793457
NOR,1997,7.30343008041382
NOR,1998,7.35759019851685
NOR,1999,6.96222019195557
NOR,2000,6.45934009552002
NOR,2001,6.82015991210938
NOR,2002,7.42246007919312
NOR,2003,7.39933013916016
NOR,2004,7.27744007110596
NOR,2005,6.84082984924316
NOR,2006,6.35822010040283
NOR,2007,6.50671005249023
NOR,2008,6.24915981292725
NOR,2009,7.07067012786865
NOR,2010,6.71042013168335
NOR,2011,6.41490983963013
NOR,2012,7.32766008377075
NOR,2013,7.43906021118164
NOR,2014,7.64403009414673
NOR,2015,7.52334976196289
NOR,2016,7.98444986343384
NOR,2017,7.84598016738892
NOR,2018,7.59563016891479
NOR,2019,7.8645601272583
NOR,2020,8.3728199005127
NOR,2021,6.9602198600769
NOR,2022,5.45586013793945
NPL,1998,2.89287996292114
NPL,1999,2.89331007003784
NPL,2000,2.9751501083374
NPL,2001,3.70837998390198
NPL,2002,3.15283989906311
NPL,2003,3.11435008049011
NPL,2004,3.1719400882721
NPL,2005,3.3646399974823
NPL,2006,3.60536003112793
NPL,2007,3.51721000671387
NPL,2008,3.8051700592041
NPL,2009,4.6637601852417
NPL,2010,3.63172006607056
NPL,2011,3.84261989593506
NPL,2012,3.29736995697021
NPL,2013,3.01811003684998
NPL,2014,3.47213006019592
NPL,2015,3.25902009010315
NPL,2016,3.90320992469788
NPL,2017,4.76722002029419
NPL,2018,4.43445014953613
NPL,2019,3.89212886881753
NPL,2020,4.24355670934502
NPL,2021,4.42801034633091
NPL,2022,4.13645081690396
NPL,2023,3.95641148036706
NZL,1973,4.75323009490967
NZL,1974,4.7467999458313
NZL,1975,5.16753005981445
NZL,1976,5.45474004745483
NZL,1977,4.45267009735107
NZL,1978,4.53252983093262
NZL,1979,4.46765995025635
NZL,1980,4.23264980316162
NZL,1981,4.44054985046387
NZL,1982,4.5327000617981
NZL,1984,4.04568004608154
NZL,1985,3.54629993438721
NZL,1986,3.43031001091003
NZL,1987,3.91739010810852
NZL,1988,4.4258599281311
NZL,1989,4.81824016571045
NZL,1994,5.92605018615723
NZL,1995,5.74212980270386
NZL,1996,6.38371992111206
NZL,1997,6.15721988677979
NZL,1999,6.6362099647522
NZL,2000,5.60442018508911
NZL,2013,5.88855981826782
NZL,2014,5.80853986740112
NZL,2015,5.70734977722168
NZL,2016,5.50559997558594
NZL,2017,5.28000020980835
NZL,2018,5.19308996200562
NZL,2019,5.17797994613647
NZL,2020,5.65149021148682
NZL,2021,5.54822015762329
NZL,2022,5.22557020187378
NZL,2023,5.27568006515503
PAK,1971,1.65421998500824
PAK,1972,1.56881999969482
PAK,1973,1.83042001724243
PAK,1974,1.88065004348755
PAK,1975,1.98008000850677
PAK,1976,2.23794007301331
PAK,1977,2.14983010292053
PAK,1978,2.20418000221252
PAK,1979,2.19807004928589
PAK,1980,2.13094997406006
PAK,1981,1.97245001792908
PAK,1982,2.01366996765137
PAK,1983,1.99576997756958
PAK,1984,2.06984996795654
PAK,1985,2.43543004989624
PAK,1986,2.67812991142273
PAK,1987,2.97745990753174
PAK,1989,2.36382007598877
PAK,1990,2.51680994033814
PAK,1991,2.56676006317139
PAK,1992,2.54967999458313
PAK,1993,2.38644003868103
PAK,1994,2.58930993080139
PAK,1995,2.79531002044678
PAK,1996,2.81057000160217
PAK,1997,3.02230000495911
PAK,1999,2.61149001121521
PAK,2000,1.83782005310059
PAK,2004,1.44337999820709
PAK,2005,1.67058002948761
PAK,2006,1.98055994510651
PAK,2007,2.23465991020203
PAK,2008,2.2726399898529
PAK,2009,2.17916011810303
PAK,2010,2.05268001556396
PAK,2011,2.00100994110107
PAK,2012,1.97879004478455
PAK,2013,2.23698997497559
PAK,2014,2.2043399810791
PAK,2015,2.38609004020691
PAK,2016,2.66804003715515
PAK,2017,2.57616996765137
PAK,2018,2.33216949688293
PAK,2019,2.21492004394531
PAK,2020,2.05718240718423
PAK,2021,1.68746129213991
PAK,2022,1.97300945756988
PAK,2023,1.94658005237579
PAN,1970,4.04328012466431
PAN,1971,3.35391998291016
PAN,1972,3.9828200340271
PAN,1973,3.48574995994568
PAN,1974,3.81979990005493
PAN,1975,4.15451002120972
PAN,1976,4.31272983551025
PAN,1977,4.28096008300781
PAN,1978,3.60597991943359
PAN,1979,3.64254999160767
PAN,1980,3.53567004203796
PAN,1981,3.43179988861084
PAN,1982,3.41850996017456
PAN,1983,3.55090999603271
PAN,1984,3.46870994567871
PAN,1985,3.52146005630493
PAN,1986,3.34574007987976
PAN,1987,3.87012004852295
PAN,1994,3.47054004669189
PAN,1995,3.94780993461609
PAN,1996,4.39390993118286
PAN,1997,4.08364009857178
PAN,1999,4.75114011764526
PAN,2000,4.89397001266479
PAN,2001,4.18935012817383
PAN,2002,4.2549901008606
PAN,2003,4.19644021987915
PAN,2004,3.55807995796204
PAN,2008,3.42529010772705
PAN,2011,3.07034993171692
PAN,2014,3.08107995986939
PAN,2015,3.26552009582519
PAN,2016,3.32278990745544
PAN,2017,3.37834000587463
PAN,2018,3.4524199962616
PAN,2019,3.28122011579173
PAN,2020,4.30487012863159
PAN,2021,3.71198010444641
PAN,2022,3.37781000137329
PAN,2023,2.47225999832153
PER,1973,3.39172005653381
PER,1996,3.11879992485046
PER,1998,3.27817988395691
PER,1999,3.44133996963501
PER,2000,3.22802996635437
PER,2001,3.03712010383606
PER,2002,2.82056999206543
PER,2003,2.93779993057251
PER,2004,2.95787000656128
PER,2005,2.83903002738953
PER,2006,2.65281009674072
PER,2007,2.62940001487732
PER,2008,2.8677499294281
PER,2009,3.13994002342224
PER,2010,2.86730003356934
PER,2011,2.6635000705719
PER,2012,2.92276000976562
PER,2013,3.29729008674622
PER,2014,3.69599008560181
PER,2015,3.96933007240295
PER,2016,3.81316995620727
PER,2017,3.93130993843079
PER,2018,3.71392011642456
PER,2019,3.822429895401
PER,2020,4.25937986373901
PER,2021,3.92721009254456
PER,2022,3.83315992355347
PER,2023,4.23516988754272
POL,1991,3.89144992828369
POL,1992,4.1879301071167
POL,1993,4.1827597618103
POL,1995,4.31374979019165
POL,1996,6.23327016830444
POL,1998,4.92518997192383
POL,1999,4.57368993759155
POL,2000,4.96281003952026
POL,2001,5.29358005523682
POL,2002,5.37052011489868
POL,2003,5.30664014816284
POL,2004,5.33129978179932
POL,2005,5.41065979003906
POL,2006,5.18850994110107
POL,2007,4.86086988449097
POL,2008,5.02344989776611
POL,2009,4.97664022445679
POL,2010,5.08126020431519
POL,2011,4.82903003692627
POL,2012,4.83311986923218
POL,2013,4.99780988693237
POL,2014,4.93859004974365
POL,2015,4.78747987747192
POL,2016,4.62726020812988
POL,2017,4.54247999191284
POL,2018,4.55985021591187
POL,2019,4.62736988067627
POL,2020,4.80081987380981
POL,2021,4.61998987197876
POL,2022,4.31372976303101
PRI,1971,7.2505202293396
PRI,1972,7.21458005905151
PRI,1973,6.47992992401123
PRI,1974,7.28690004348755
PRI,1975,6.22974014282227
PRI,1976,7.14049005508423
PRI,1977,6.38756990432739
PRI,1978,6.68102979660034
PRI,2013,6.48108005523682
PRI,2014,6.07265996932983
PRI,2015,3.34032241682023
PRI,2016,2.78358429967595
PRI,2017,2.72538873126429
PRI,2018,2.60388715714737
PRI,2019,3.32791002069889
PRI,2020,4.28663184360846
PRI,2021,3.7296700261025
PRI,2022,3.86129930773508
PRI,2023,4.26898753959873
PRT,1973,1.63391995429993
PRT,1974,1.93535995483398
PRT,1975,3.06245994567871
PRT,1976,3.07873010635376
PRT,1978,2.90048003196716
PRT,1979,2.69930005073547
PRT,1980,3.06743001937866
PRT,1981,3.18575000762939
PRT,1982,3.32909989356995
PRT,1983,3.23281002044678
PRT,1984,3.14253997802734
PRT,1985,3.26249003410339
PRT,1986,3.04924988746643
PRT,1987,3.15797996520996
PRT,1988,3.38753008842468
PRT,1989,3.47523999214172
PRT,1990,3.56972002983093
PRT,1991,4.0713300704956
PRT,1992,4.33747005462646
PRT,1993,4.84095001220703
PRT,1994,4.67129993438721
PRT,1995,4.61330986022949
PRT,1996,5.065110206604
PRT,1999,5.0468602180481
PRT,2000,5.16384983062744
PRT,2001,5.33713006973267
PRT,2002,5.25871992111206
PRT,2003,5.28152990341187
PRT,2004,5.04638004302979
PRT,2005,5.07394981384277
PRT,2006,4.90767002105713
PRT,2007,4.92147016525269
PRT,2008,4.69609022140503
PRT,2009,5.56314992904663
PRT,2010,5.40498018264771
PRT,2011,5.11688995361328
PRT,2012,4.94226980209351
PRT,2013,5.2652997970581
PRT,2014,5.12006998062134
PRT,2015,4.8942699432373
PRT,2017,5.02685022354126
PRT,2018,4.67940998077393
PRT,2019,4.62753009796143
PRT,2020,4.86408996582031
PRT,2021,4.77342987060547
PRT,2022,4.55159997940063
PRY,1970,2.10519003868103
PRY,1971,2.26543998718262
PRY,1985,1.39584994316101
PRY,1990,1.04070997238159
PRY,1998,4.19833993911743
PRY,1999,4.23087978363037
PRY,2000,4.2302098274231
PRY,2001,3.83357000350952
PRY,2002,3.40773010253906
PRY,2003,3.3827600479126
PRY,2004,2.86989998817444
PRY,2007,2.73951005935669
PRY,2010,2.7707200050354
PRY,2011,3.69282007217407
PRY,2012,3.668790102005
PRY,2013,2.67871193892232
PRY,2014,2.59655894629063
PRY,2015,3.33377822870463
PRY,2016,3.4349799156189
PRY,2017,3.09062070242279
PRY,2018,3.2961960606943
PRY,2019,3.48983027194334
PRY,2020,3.93615007400513
PRY,2021,3.41070008277893
PRY,2022,3.39619994163513
PRY,2023,3.40649008750915
QAT,1971,3.00027990341186
QAT,1972,2.69144010543823
QAT,1973,2.86783003807068
QAT,1976,1.74697005748749
QAT,1977,1.97005999088287
QAT,1978,2.77696990966797
QAT,1998,3.57767009735107
QAT,1999,4.34530019760132
QAT,2000,3.72598004341125
QAT,2001,3.20019006729126
QAT,2002,3.84656000137329
QAT,2003,3.37393999099731
QAT,2004,3.46258997917175
QAT,2005,3.97187995910644
QAT,2008,4.22755002975464
QAT,2009,3.41315007209778
QAT,2010,4.53965997695923
QAT,2011,4.01223993301392
QAT,2012,3.50744009017944
QAT,2013,4.07384014129639
QAT,2014,3.60535001754761
QAT,2017,2.96745991706848
QAT,2019,2.80378007888794
QAT,2020,3.2336699962616
RUS,2000,2.93979001045227
RUS,2001,3.10601997375488
RUS,2002,3.83502006530762
RUS,2003,3.67853999137878
RUS,2004,3.54786992073059
RUS,2005,3.77192997932434
RUS,2006,3.86626005172729
RUS,2008,4.10174989700317
RUS,2010,4.08974230526824
RUS,2011,3.71261270253186
RUS,2012,3.79310011863708
RUS,2013,3.76382994651794
RUS,2014,4.01387977600098
RUS,2015,3.83402991294861
RUS,2016,3.76044011116028
RUS,2017,4.68990993499756
RUS,2018,4.67819976806641
RUS,2019,3.69561429198336
RUS,2020,4.01641864383637
RUS,2021,3.99480697864774
RUS,2022,4.05402755323777
RUS,2023,4.16454853394225
SAU,1981,3.89024996757507
SAU,1982,4.14254999160767
SAU,1983,5.97797012329102
SAU,1984,6.10957002639771
SAU,1986,6.25535011291504
SAU,1991,5.77946996688843
SAU,1992,5.14463996887207
SAU,1993,5.99928998947144
SAU,1994,6.34382009506226
SAU,1995,5.69247007369995
SAU,1996,4.94373989105225
SAU,1997,4.37706995010376
SAU,1998,8.28131008148193
SAU,1999,7.07226991653442
SAU,2000,5.90982007980347
SAU,2001,7.71887016296387
SAU,2002,7.63688993453979
SAU,2003,7.10509014129639
SAU,2004,6.27747011184692
SAU,2005,5.43092012405396
SAU,2006,5.89117002487183
SAU,2008,5.13781023025513
SAU,2023,5.11466979980469
SDN,2000,1.01217997074127
SDN,2002,1.16425001621246
SDN,2004,1.31254994869232
SDN,2005,1.17842996120453
SDN,2006,1.55353999137878
SDN,2008,1.85150003433227
SDN,2009,2.02213001251221
SEN,1998,2.47457003593445
SEN,1999,2.45981001853943
SEN,2000,2.46335005760193
SEN,2001,2.47150993347168
SEN,2002,2.59441995620727
SEN,2003,2.75125002861023
SEN,2004,3.07778000831604
SEN,2005,4.06443023681641
SEN,2006,3.82137989997864
SEN,2008,4.02568006515503
SEN,2009,4.92073011398315
SEN,2010,0.544770002365112
SEN,2011,4.90302991867065
SEN,2012,4.77698993682861
SEN,2013,5.68656015396118
SEN,2014,5.72907018661499
SEN,2015,5.4563798904419
SEN,2016,5.11309003829956
SEN,2017,4.74007987976074
SEN,2018,5.11019992828369
SEN,2019,5.03527021408081
SEN,2020,5.6869797706604
SEN,2021,5.61201000213623
SEN,2022,5.98753976821899
SEN,2023,6.16277045366329
SGP,1971,3.10976004600525
SGP,1972,2.86826992034912
SGP,1973,2.48882007598877
SGP,1974,2.38852000236511
SGP,1975,2.43949007987976
SGP,1976,2.69238996505737
SGP,1977,2.4507999420166
SGP,1978,2.29099988937378
SGP,1979,2.24924993515015
SGP,1980,2.55966997146606
SGP,1981,2.58365988731384
SGP,1982,3.26776003837585
SGP,1983,3.94772005081177
SGP,1988,3.65207004547119
SGP,2000,3.32130002975464
SGP,2001,3.54249000549316
SGP,2002,3.87853002548218
SGP,2003,3.98194003105164
SGP,2004,3.65276002883911
SGP,2005,3.19596004486084
SGP,2006,2.85911989212036
SGP,2007,2.9467499256134
SGP,2008,2.76460003852844
SGP,2009,3.01012992858887
SGP,2010,3.08044004440308
SGP,2011,3.03077006340027
SGP,2012,3.07085990905762
SGP,2013,2.85435009002686
SGP,2014,3.01358665503678
SGP,2015,2.99161870509909
SGP,2016,2.94466258946576
SGP,2017,2.87916382421742
SGP,2018,2.85660004615784
SGP,2019,2.72951006889343
SGP,2020,2.6869900226593
SGP,2021,2.82470989227295
SGP,2022,2.48891997337341
SGP,2023,2.14826011657715
SRB,2007,4.04879999160767
SRB,2009,4.3127498626709
SRB,2011,4.0735502243042
SRB,2016,3.50274991989136
SRB,2017,3.56539011001587
SRB,2018,3.43663001060486
SRB,2019,3.45865988731384
SRB,2021,3.14615988731384
SRB,2022,3.08255004882812
SRB,2023,3.40377998352051
SUR,2015,5.53479610522553
SUR,2016,5.64051904970974
SUR,2017,5.45861311514349
SUR,2018,4.92259355761269
SUR,2019,6.77857289012664
SUR,2020,4.58425708265782
SUR,2021,4.13154972947739
SUR,2022,3.43460841988051
SUR,2023,2.86623341491363
SVN,1991,4.07291984558105
SVN,1992,4.72125005722046
SVN,1993,4.9570198059082
SVN,1994,4.69971990585327
SVN,1995,4.90210008621216
SVN,2001,5.81461000442505
SVN,2002,5.74013996124268
SVN,2003,5.75657987594604
SVN,2004,5.68693017959595
SVN,2005,5.64437007904053
SVN,2006,5.62207984924316
SVN,2007,5.13660001754761
SVN,2008,5.13438987731934
SVN,2009,5.62079000473022
SVN,2010,5.59362983703613
SVN,2011,5.58290004730225
SVN,2012,5.6702299118042
SVN,2013,5.46767997741699
SVN,2014,5.34328985214233
SVN,2015,4.95528984069824
SVN,2016,4.84419012069702
SVN,2017,4.82381010055542
SVN,2018,4.97948980331421
SVN,2019,4.93479013442993
SVN,2020,5.41901016235352
SVN,2021,5.39167022705078
SVN,2022,5.28065013885498
SWE,1979,6.3815598487854
SWE,1980,6.54646015167236
SWE,1981,6.79096984863281
SWE,1990,5.21969985961914
SWE,1991,5.45165014266968
SWE,1992,5.26607990264893
SWE,1993,5.51495981216431
SWE,1995,6.15396022796631
SWE,1996,6.83373022079468
SWE,1998,7.05915021896362
SWE,1999,6.84252977371216
SWE,2000,6.7383599281311
SWE,2001,6.61482000350952
SWE,2002,6.91077995300293
SWE,2003,6.79678010940552
SWE,2004,6.6729998588562
SWE,2005,6.51516008377075
SWE,2006,6.37276983261108
SWE,2007,6.1867299079895
SWE,2008,6.38263988494873
SWE,2009,6.78425979614258
SWE,2010,6.56318998336792
SWE,2011,6.40656995773315
SWE,2012,7.57456016540527
SWE,2013,7.64657020568848
SWE,2014,7.62924003601074
SWE,2015,7.49443006515503
SWE,2016,7.63990020751953
SWE,2017,7.63850021362305
SWE,2018,7.69824981689453
SWE,2019,7.66306018829346
SWE,2020,7.95333003997803
SWE,2021,7.60224008560181
SWE,2022,7.31909990310669
SYR,1972,3.5835599899292
SYR,1973,3.68990993499756
SYR,1975,3.93450999259949
SYR,1976,5.83145999908447
SYR,1977,5.71441984176636
SYR,1978,5.51425981521606
SYR,1979,4.96616983413696
SYR,1980,4.57553005218506
SYR,1981,5.38392019271851
SYR,1982,5.89761018753052
SYR,1984,6.13389015197754
SYR,1985,6.07004976272583
SYR,1986,5.62294006347656
SYR,1987,4.56184005737305
SYR,1988,3.61585998535156
SYR,1989,4.03414011001587
SYR,1996,3.699049949646
SYR,2001,4.54640007019043
SYR,2002,5.26984977722168
SYR,2003,6.48084020614624
SYR,2004,5.37147998809815
SYR,2006,5.27965021133423
SYR,2007,4.86470985412598
SYR,2008,4.59525012969971
SYR,2009,5.13013982772827
TGO,1970,1.49680995941162
TGO,1979,4.72959995269775
TGO,1981,4.16519021987915
TGO,1984,3.81926989555359
TGO,1987,3.34063005447388
TGO,1992,4.01865005493164
TGO,1996,3.12451004981995
TGO,1998,2.82130002975464
TGO,1999,2.96396994590759
TGO,2000,2.77644991874695
TGO,2001,2.66750001907349
TGO,2002,2.4695200920105
TGO,2003,2.35524988174439
TGO,2004,2.20198011398315
TGO,2005,2.23748993873596
TGO,2006,2.43237996101379
TGO,2007,2.48604011535644
TGO,2008,2.38472008705139
TGO,2009,2.76807999610901
TGO,2010,2.95977997779846
TGO,2011,3.07750010490417
TGO,2012,3.37651991844177
TGO,2013,3.17475008964539
TGO,2014,3.4237699508667
TGO,2015,3.71097993850708
TGO,2016,3.6624801158905
TGO,2017,3.76526999473572
TGO,2018,4.09162998199463
TGO,2019,4.20164196626882
TGO,2020,4.08528017372931
TGO,2021,4.22702442483079
TGO,2022,3.77811083266775
TGO,2023,4.14281885166484
TJK,1993,8.18558979034424
TJK,1995,2.06590008735657
TJK,1996,2.04345011711121
TJK,1998,2.52849006652832
TJK,1999,2.07651996612549
TJK,2000,2.32871007919311
TJK,2001,2.37659001350403
TJK,2002,2.77578997612
TJK,2003,2.42078995704651
TJK,2004,2.77203011512756
TJK,2005,3.51213002204895
TJK,2006,3.40350008010864
TJK,2007,3.41326999664307
TJK,2008,3.45983004570007
TJK,2009,4.0983099937439
TJK,2010,4.00675010681152
TJK,2011,3.93511009216309
TJK,2012,4.01803016662598
TJK,2013,5.29397617900035
TJK,2014,5.59398898966753
TJK,2015,4.96774005889893
TJK,2016,5.73094142576332
TJK,2017,5.54471764262202
TJK,2018,5.38508736377556
TJK,2019,5.48427628435415
TJK,2020,5.13516829187823
TJK,2021,4.38253082077599
TJK,2022,5.39829770599001
TJK,2023,5.43682120015444
UKR,1970,4.57292985916138
UKR,1997,5.45600986480713
UKR,1998,4.44884014129639
UKR,1999,3.61807990074158
UKR,2000,4.02293014526367
UKR,2001,4.52568006515503
UKR,2002,5.24006986618042
UKR,2003,5.4001898765564
UKR,2004,5.12376022338867
UKR,2005,5.84819984436035
UKR,2006,5.97945976257324
UKR,2007,5.90244007110596
UKR,2008,6.15242004394531
UKR,2009,7.05074977874756
UKR,2011,5.93770980834961
UKR,2012,6.44269990921021
UKR,2013,6.41989994049072
UKR,2014,5.87493991851807
UKR,2015,5.33951727495092
UKR,2016,5.00977993011475
UKR,2017,5.41707992553711
UKR,2018,5.3199200630188
UKR,2019,5.44129991531372
UKR,2020,5.38231992721558
UKR,2021,5.14011001586914
URY,1979,1.98713004589081
URY,1980,2.15950989723206
URY,1984,2.37338995933533
URY,1985,2.56679010391235
URY,1986,3.1028299331665
URY,1991,2.47907996177673
URY,1992,2.41153001785278
URY,1994,2.27171993255615
URY,1995,2.521399974823
URY,1996,2.86986994743347
URY,1998,2.24337005615234
URY,2000,2.42254996299744
URY,2001,2.80096006393433
URY,2002,2.32220005989075
URY,2003,2.0682098865509
URY,2004,2.49954009056091
URY,2005,2.71475005149841
URY,2006,2.85664010047913
URY,2011,4.14937019348145
URY,2012,4.09353338283242
URY,2013,4.23892021179199
URY,2014,4.26735019683838
URY,2015,4.20636987686157
URY,2016,4.36420011520386
URY,2017,4.41787004470825
URY,2018,4.60361003875732
URY,2019,4.62833976745605
URY,2020,4.54292011260986
URY,2021,4.46065998077393
URY,2022,4.5073299407959
URY,2023,4.81125020980835
USA,2015,4.93063020706177
USA,2016,4.78327989578247
USA,2017,5.09296989440918
USA,2018,4.89502000808716
USA,2019,4.95746994018555
USA,2020,5.39531993865967
USA,2021,5.42038011550903
UZB,2013,5.74190998077393
UZB,2014,5.71323013305664
UZB,2015,5.49444007873535
UZB,2016,5.38089990615845
UZB,2017,4.48249006271362
UZB,2018,4.83589298172277
UZB,2019,6.29534678547216
UZB,2020,4.44021987915039
UZB,2021,4.13580989837646
UZB,2022,5.23477171022152
UZB,2023,5.47287597270024
ZWE,1979,2.31784009933472
ZWE,1980,2.54417991638184
ZWE,1981,3.35154008865356
ZWE,1983,4.14548015594482
ZWE,1984,5.79150009155273
ZWE,1985,7.41926002502441
ZWE,1987,11.6447601318359
ZWE,1988,12.3372898101807
ZWE,1989,12.2842302322388
ZWE,1990,12.4542598724365
ZWE,1992,22.3222103118896
ZWE,1994,44.3339805603027
ZWE,2010,1.54405999183655
ZWE,2012,6.07020998001099
ZWE,2013,5.99597978591919
ZWE,2014,6.13835000991821
ZWE,2017,2.00339007377625
ZWE,2018,2.05048990249634
ZWE,2023,0.384771297211919
