WB_Code,Year,HDI
AFG,1990,0.329910184
AFG,1991,0.334045576
AFG,1992,0.34022826
AFG,1993,0.356374407
AFG,1994,0.347560398
AFG,1995,0.31
AFG,1996,0.319
AFG,1997,0.323
AFG,1998,0.324
AFG,1999,0.332
AFG,2000,0.335
AFG,2001,0.337
AFG,2002,0.362
AFG,2003,0.376
AFG,2004,0.392
AFG,2005,0.4
AFG,2006,0.409
AFG,2007,0.424
AFG,2008,0.43
AFG,2009,0.44
AFG,2010,0.448
AFG,2011,0.456
AFG,2012,0.466
AFG,2013,0.474
AFG,2014,0.479
AFG,2015,0.478
AFG,2016,0.481
AFG,2017,0.482
AFG,2018,0.483
AFG,2019,0.488
AFG,2020,0.483
AFG,2021,0.478
AGO,1999,0.364
AGO,2000,0.375
AGO,2001,0.386
AGO,2002,0.403
AGO,2003,0.42
AGO,2004,0.433
AGO,2005,0.447
AGO,2006,0.459
AGO,2007,0.475
AGO,2008,0.486
AGO,2009,0.5
AGO,2010,0.51
AGO,2011,0.526
AGO,2012,0.541
AGO,2013,0.552
AGO,2014,0.563
AGO,2015,0.582
AGO,2016,0.596
AGO,2017,0.597
AGO,2018,0.595
AGO,2019,0.595
AGO,2020,0.59
AGO,2021,0.586
ALB,1990,0.647
ALB,1991,0.629
ALB,1992,0.614
ALB,1993,0.617
ALB,1994,0.624
ALB,1995,0.634
ALB,1996,0.645
ALB,1997,0.642
ALB,1998,0.657
ALB,1999,0.669
ALB,2000,0.677
ALB,2001,0.684
ALB,2002,0.689
ALB,2003,0.696
ALB,2004,0.7
ALB,2005,0.711
ALB,2006,0.718
ALB,2007,0.73
ALB,2008,0.736
ALB,2009,0.741
ALB,2010,0.754
ALB,2011,0.766
ALB,2012,0.778
ALB,2013,0.785
ALB,2014,0.792
ALB,2015,0.795
ALB,2016,0.798
ALB,2017,0.802
ALB,2018,0.806
ALB,2019,0.81
ALB,2020,0.794
ALB,2021,0.796
AND,2000,0.818
AND,2001,0.825
AND,2002,0.832
AND,2003,0.841
AND,2004,0.833
AND,2005,0.833
AND,2006,0.848
AND,2007,0.847
AND,2008,0.85
AND,2009,0.848
AND,2010,0.848
AND,2011,0.849
AND,2012,0.869
AND,2013,0.864
AND,2014,0.871
AND,2015,0.867
AND,2016,0.871
AND,2017,0.868
AND,2018,0.872
AND,2019,0.873
AND,2020,0.848
AND,2021,0.858
ARE,1990,0.728
ARE,1991,0.739
ARE,1992,0.742
ARE,1993,0.748
ARE,1994,0.755
ARE,1995,0.762
ARE,1996,0.767
ARE,1997,0.773
ARE,1998,0.779
ARE,1999,0.787
ARE,2000,0.796
ARE,2001,0.8
ARE,2002,0.804
ARE,2003,0.814
ARE,2004,0.818
ARE,2005,0.822
ARE,2006,0.827
ARE,2007,0.831
ARE,2008,0.834
ARE,2009,0.833
ARE,2010,0.835
ARE,2011,0.84
ARE,2012,0.846
ARE,2013,0.852
ARE,2014,0.859
ARE,2015,0.865
ARE,2016,0.87
ARE,2017,0.897
ARE,2018,0.909
ARE,2019,0.92
ARE,2020,0.912
ARE,2021,0.911
ARG,1990,0.723
ARG,1991,0.73
ARG,1992,0.735
ARG,1993,0.739
ARG,1994,0.744
ARG,1995,0.745
ARG,1996,0.751
ARG,1997,0.756
ARG,1998,0.762
ARG,1999,0.773
ARG,2000,0.779
ARG,2001,0.784
ARG,2002,0.785
ARG,2003,0.793
ARG,2004,0.798
ARG,2005,0.802
ARG,2006,0.814
ARG,2007,0.817
ARG,2008,0.825
ARG,2009,0.827
ARG,2010,0.834
ARG,2011,0.841
ARG,2012,0.843
ARG,2013,0.845
ARG,2014,0.846
ARG,2015,0.848
ARG,2016,0.847
ARG,2017,0.851
ARG,2018,0.85
ARG,2019,0.852
ARG,2020,0.84
ARG,2021,0.842
ARM,1990,0.656
ARM,1991,0.649
ARM,1992,0.618
ARM,1993,0.616
ARM,1994,0.62
ARM,1995,0.627
ARM,1996,0.632
ARM,1997,0.641
ARM,1998,0.654
ARM,1999,0.657
ARM,2000,0.662
ARM,2001,0.666
ARM,2002,0.676
ARM,2003,0.686
ARM,2004,0.694
ARM,2005,0.707
ARM,2006,0.721
ARM,2007,0.738
ARM,2008,0.742
ARM,2009,0.741
ARM,2010,0.746
ARM,2011,0.75
ARM,2012,0.755
ARM,2013,0.76
ARM,2014,0.764
ARM,2015,0.766
ARM,2016,0.765
ARM,2017,0.768
ARM,2018,0.771
ARM,2019,0.778
ARM,2020,0.757
ARM,2021,0.759
ATG,2007,0.802
ATG,2008,0.801
ATG,2009,0.795
ATG,2010,0.79
ATG,2011,0.783
ATG,2012,0.787
ATG,2013,0.787
ATG,2014,0.789
ATG,2015,0.791
ATG,2016,0.794
ATG,2017,0.795
ATG,2018,0.798
ATG,2019,0.8
ATG,2020,0.788
ATG,2021,0.788
AUS,1990,0.865
AUS,1991,0.867
AUS,1992,0.869
AUS,1993,0.873
AUS,1994,0.873
AUS,1995,0.882
AUS,1996,0.884
AUS,1997,0.887
AUS,1998,0.891
AUS,1999,0.894
AUS,2000,0.896
AUS,2001,0.9
AUS,2002,0.902
AUS,2003,0.906
AUS,2004,0.908
AUS,2005,0.911
AUS,2006,0.914
AUS,2007,0.915
AUS,2008,0.919
AUS,2009,0.921
AUS,2010,0.923
AUS,2011,0.926
AUS,2012,0.93
AUS,2013,0.929
AUS,2014,0.931
AUS,2015,0.933
AUS,2016,0.935
AUS,2017,0.937
AUS,2018,0.941
AUS,2019,0.941
AUS,2020,0.947
AUS,2021,0.951
AUT,1990,0.825
AUT,1991,0.829
AUT,1992,0.835
AUT,1993,0.84
AUT,1994,0.845
AUT,1995,0.849
AUT,1996,0.853
AUT,1997,0.857
AUT,1998,0.863
AUT,1999,0.866
AUT,2000,0.871
AUT,2001,0.876
AUT,2002,0.879
AUT,2003,0.881
AUT,2004,0.886
AUT,2005,0.889
AUT,2006,0.893
AUT,2007,0.896
AUT,2008,0.898
AUT,2009,0.898
AUT,2010,0.902
AUT,2011,0.905
AUT,2012,0.906
AUT,2013,0.905
AUT,2014,0.909
AUT,2015,0.91
AUT,2016,0.915
AUT,2017,0.916
AUT,2018,0.917
AUT,2019,0.919
AUT,2020,0.913
AUT,2021,0.916
AZE,1995,0.59
AZE,1996,0.59
AZE,1997,0.594
AZE,1998,0.604
AZE,1999,0.615
AZE,2000,0.622
AZE,2001,0.632
AZE,2002,0.642
AZE,2003,0.651
AZE,2004,0.659
AZE,2005,0.672
AZE,2006,0.692
AZE,2007,0.706
AZE,2008,0.716
AZE,2009,0.722
AZE,2010,0.727
AZE,2011,0.729
AZE,2012,0.734
AZE,2013,0.741
AZE,2014,0.745
AZE,2015,0.748
AZE,2016,0.75
AZE,2017,0.753
AZE,2018,0.757
AZE,2019,0.761
AZE,2020,0.73
AZE,2021,0.745
BDI,1990,0.317750009
BDI,1991,0.319353842
BDI,1992,0.317336521
BDI,1994,0.316789173
BDI,1995,0.311681512
BDI,1996,0.307699331
BDI,1997,0.312067978
BDI,1998,0.318397492
BDI,1999,0.321366504
BDI,2000,0.319988066
BDI,2001,0.32183024
BDI,2002,0.311
BDI,2003,0.319
BDI,2004,0.33
BDI,2005,0.338
BDI,2006,0.36
BDI,2007,0.372
BDI,2008,0.386
BDI,2009,0.395
BDI,2010,0.405
BDI,2011,0.41
BDI,2012,0.416
BDI,2013,0.421
BDI,2014,0.426
BDI,2015,0.428
BDI,2016,0.43
BDI,2017,0.428
BDI,2018,0.428
BDI,2019,0.431
BDI,2020,0.426
BDI,2021,0.426
BEL,1990,0.816
BEL,1991,0.819
BEL,1992,0.835
BEL,1993,0.85
BEL,1994,0.858
BEL,1995,0.865
BEL,1996,0.871
BEL,1997,0.876
BEL,1998,0.878
BEL,1999,0.882
BEL,2000,0.887
BEL,2001,0.89
BEL,2002,0.892
BEL,2003,0.895
BEL,2004,0.9
BEL,2005,0.902
BEL,2006,0.905
BEL,2007,0.908
BEL,2008,0.908
BEL,2009,0.91
BEL,2010,0.912
BEL,2011,0.914
BEL,2012,0.915
BEL,2013,0.916
BEL,2014,0.921
BEL,2015,0.924
BEL,2016,0.927
BEL,2017,0.931
BEL,2018,0.933
BEL,2019,0.936
BEL,2020,0.928
BEL,2021,0.937
BEN,1990,0.359
BEN,1991,0.364
BEN,1992,0.369
BEN,1993,0.375
BEN,1994,0.38
BEN,1995,0.386
BEN,1996,0.391
BEN,1997,0.397
BEN,1998,0.402
BEN,1999,0.409
BEN,2000,0.416
BEN,2001,0.428
BEN,2002,0.436
BEN,2003,0.443
BEN,2004,0.45
BEN,2005,0.457
BEN,2006,0.464
BEN,2007,0.472
BEN,2008,0.48
BEN,2009,0.486
BEN,2010,0.492
BEN,2011,0.499
BEN,2012,0.509
BEN,2013,0.52
BEN,2014,0.524
BEN,2015,0.529
BEN,2016,0.53
BEN,2017,0.53
BEN,2018,0.53
BEN,2019,0.53
BEN,2020,0.524
BEN,2021,0.525
BFA,1999,0.331586078
BFA,2000,0.334110786
BFA,2001,0.338084909
BFA,2002,0.303
BFA,2003,0.31
BFA,2004,0.32
BFA,2005,0.331
BFA,2006,0.339
BFA,2007,0.334
BFA,2008,0.349
BFA,2009,0.36
BFA,2010,0.372
BFA,2011,0.384
BFA,2012,0.395
BFA,2013,0.402
BFA,2014,0.408
BFA,2015,0.418
BFA,2016,0.427
BFA,2017,0.438
BFA,2018,0.449
BFA,2019,0.452
BFA,2020,0.449
BFA,2021,0.449
BGD,1990,0.397
BGD,1991,0.394
BGD,1992,0.413
BGD,1993,0.42
BGD,1994,0.427
BGD,1995,0.436
BGD,1996,0.441
BGD,1997,0.453
BGD,1998,0.467
BGD,1999,0.481
BGD,2000,0.485
BGD,2001,0.492
BGD,2002,0.499
BGD,2003,0.505
BGD,2004,0.511
BGD,2005,0.518
BGD,2006,0.524
BGD,2007,0.527
BGD,2008,0.53
BGD,2009,0.541
BGD,2010,0.553
BGD,2011,0.561
BGD,2012,0.572
BGD,2013,0.574
BGD,2014,0.583
BGD,2015,0.602
BGD,2016,0.612
BGD,2017,0.622
BGD,2018,0.635
BGD,2019,0.644
BGD,2020,0.655
BGD,2021,0.661
BGR,1990,0.684
BGR,1991,0.684
BGR,1992,0.686
BGR,1993,0.689
BGR,1994,0.691
BGR,1995,0.7
BGR,1996,0.711
BGR,1997,0.706
BGR,1998,0.716
BGR,1999,0.72
BGR,2000,0.725
BGR,2001,0.734
BGR,2002,0.74
BGR,2003,0.749
BGR,2004,0.756
BGR,2005,0.762
BGR,2006,0.767
BGR,2007,0.774
BGR,2008,0.782
BGR,2009,0.785
BGR,2010,0.79
BGR,2011,0.794
BGR,2012,0.798
BGR,2013,0.805
BGR,2014,0.807
BGR,2015,0.809
BGR,2016,0.809
BGR,2017,0.808
BGR,2018,0.809
BGR,2019,0.81
BGR,2020,0.802
BGR,2021,0.795
BHR,1990,0.742
BHR,1991,0.743
BHR,1992,0.749
BHR,1993,0.761
BHR,1994,0.764
BHR,1995,0.772
BHR,1996,0.778
BHR,1997,0.78
BHR,1998,0.785
BHR,1999,0.789
BHR,2000,0.798
BHR,2001,0.804
BHR,2002,0.804
BHR,2003,0.806
BHR,2004,0.804
BHR,2005,0.803
BHR,2006,0.804
BHR,2007,0.807
BHR,2008,0.808
BHR,2009,0.806
BHR,2010,0.808
BHR,2011,0.809
BHR,2012,0.817
BHR,2013,0.824
BHR,2014,0.83
BHR,2015,0.858
BHR,2016,0.865
BHR,2017,0.869
BHR,2018,0.879
BHR,2019,0.882
BHR,2020,0.877
BHR,2021,0.875
BHS,1995,0.781
BHS,1996,0.787
BHS,1997,0.784
BHS,1998,0.785
BHS,1999,0.794
BHS,2000,0.799
BHS,2001,0.801
BHS,2002,0.804
BHS,2003,0.805
BHS,2004,0.807
BHS,2005,0.811
BHS,2006,0.813
BHS,2007,0.812
BHS,2008,0.812
BHS,2009,0.81
BHS,2010,0.812
BHS,2011,0.812
BHS,2012,0.815
BHS,2013,0.816
BHS,2014,0.82
BHS,2015,0.82
BHS,2016,0.823
BHS,2017,0.825
BHS,2018,0.827
BHS,2019,0.816
BHS,2020,0.815
BHS,2021,0.812
BIH,2000,0.667
BIH,2001,0.672
BIH,2002,0.675
BIH,2003,0.683
BIH,2004,0.69
BIH,2005,0.691
BIH,2006,0.699
BIH,2007,0.707
BIH,2008,0.718
BIH,2009,0.721
BIH,2010,0.725
BIH,2011,0.732
BIH,2012,0.745
BIH,2013,0.751
BIH,2014,0.756
BIH,2015,0.761
BIH,2016,0.77
BIH,2017,0.772
BIH,2018,0.776
BIH,2019,0.783
BIH,2020,0.781
BIH,2021,0.78
BLR,1995,0.679
BLR,1996,0.686
BLR,1997,0.692
BLR,1998,0.697
BLR,1999,0.701
BLR,2000,0.712
BLR,2001,0.716
BLR,2002,0.721
BLR,2003,0.73
BLR,2004,0.742
BLR,2005,0.75
BLR,2006,0.762
BLR,2007,0.773
BLR,2008,0.783
BLR,2009,0.785
BLR,2010,0.79
BLR,2011,0.797
BLR,2012,0.806
BLR,2013,0.808
BLR,2014,0.812
BLR,2015,0.812
BLR,2016,0.813
BLR,2017,0.817
BLR,2018,0.818
BLR,2019,0.817
BLR,2020,0.807
BLR,2021,0.808
BLZ,1990,0.593
BLZ,1991,0.6
BLZ,1992,0.608
BLZ,1993,0.614
BLZ,1994,0.618
BLZ,1995,0.62
BLZ,1996,0.623
BLZ,1997,0.625
BLZ,1998,0.626
BLZ,1999,0.633
BLZ,2000,0.64
BLZ,2001,0.643
BLZ,2002,0.652
BLZ,2003,0.66
BLZ,2004,0.667
BLZ,2005,0.664
BLZ,2006,0.68
BLZ,2007,0.685
BLZ,2008,0.693
BLZ,2009,0.701
BLZ,2010,0.707
BLZ,2011,0.709
BLZ,2012,0.713
BLZ,2013,0.712
BLZ,2014,0.709
BLZ,2015,0.708
BLZ,2016,0.712
BLZ,2017,0.707
BLZ,2018,0.706
BLZ,2019,0.705
BLZ,2020,0.69
BLZ,2021,0.683
BOL,1990,0.55
BOL,1991,0.56
BOL,1992,0.568
BOL,1993,0.578
BOL,1994,0.587
BOL,1995,0.598
BOL,1996,0.609
BOL,1997,0.62
BOL,1998,0.632
BOL,1999,0.631
BOL,2000,0.632
BOL,2001,0.632
BOL,2002,0.63
BOL,2003,0.627
BOL,2004,0.626
BOL,2005,0.635
BOL,2006,0.638
BOL,2007,0.645
BOL,2008,0.652
BOL,2009,0.658
BOL,2010,0.662
BOL,2011,0.668
BOL,2012,0.674
BOL,2013,0.682
BOL,2014,0.684
BOL,2015,0.69
BOL,2016,0.701
BOL,2017,0.708
BOL,2018,0.714
BOL,2019,0.717
BOL,2020,0.694
BOL,2021,0.692
BRA,1990,0.61
BRA,1991,0.616
BRA,1992,0.622
BRA,1993,0.63
BRA,1994,0.638
BRA,1995,0.646
BRA,1996,0.653
BRA,1997,0.66
BRA,1998,0.666
BRA,1999,0.671
BRA,2000,0.679
BRA,2001,0.686
BRA,2002,0.692
BRA,2003,0.688
BRA,2004,0.692
BRA,2005,0.698
BRA,2006,0.7
BRA,2007,0.704
BRA,2008,0.715
BRA,2009,0.717
BRA,2010,0.723
BRA,2011,0.728
BRA,2012,0.732
BRA,2013,0.75
BRA,2014,0.754
BRA,2015,0.753
BRA,2016,0.755
BRA,2017,0.759
BRA,2018,0.764
BRA,2019,0.766
BRA,2020,0.758
BRA,2021,0.754
BRB,1990,0.725
BRB,1991,0.727
BRB,1992,0.727
BRB,1993,0.731
BRB,1994,0.736
BRB,1995,0.739
BRB,1996,0.744
BRB,1997,0.747
BRB,1998,0.748
BRB,1999,0.75
BRB,2000,0.756
BRB,2001,0.756
BRB,2002,0.76
BRB,2003,0.765
BRB,2004,0.77
BRB,2005,0.776
BRB,2006,0.781
BRB,2007,0.786
BRB,2008,0.789
BRB,2009,0.791
BRB,2010,0.788
BRB,2011,0.784
BRB,2012,0.787
BRB,2013,0.787
BRB,2014,0.789
BRB,2015,0.791
BRB,2016,0.794
BRB,2017,0.796
BRB,2018,0.797
BRB,2019,0.799
BRB,2020,0.788
BRB,2021,0.79
BRN,1990,0.77
BRN,1991,0.775
BRN,1992,0.781
BRN,1993,0.786
BRN,1994,0.79
BRN,1995,0.795
BRN,1996,0.798
BRN,1997,0.799
BRN,1998,0.801
BRN,1999,0.807
BRN,2000,0.808
BRN,2001,0.809
BRN,2002,0.813
BRN,2003,0.818
BRN,2004,0.822
BRN,2005,0.825
BRN,2006,0.828
BRN,2007,0.827
BRN,2008,0.826
BRN,2009,0.828
BRN,2010,0.828
BRN,2011,0.832
BRN,2012,0.838
BRN,2013,0.838
BRN,2014,0.837
BRN,2015,0.836
BRN,2016,0.835
BRN,2017,0.834
BRN,2018,0.83
BRN,2019,0.83
BRN,2020,0.83
BRN,2021,0.829
BTN,2010,0.581
BTN,2011,0.591
BTN,2012,0.598
BTN,2013,0.606
BTN,2014,0.617
BTN,2015,0.627
BTN,2016,0.638
BTN,2017,0.647
BTN,2018,0.658
BTN,2019,0.671
BTN,2020,0.668
BTN,2021,0.666
BWA,1990,0.586
BWA,1991,0.588
BWA,1992,0.586
BWA,1993,0.588
BWA,1994,0.578
BWA,1995,0.583
BWA,1996,0.583
BWA,1997,0.586
BWA,1998,0.586
BWA,1999,0.587
BWA,2000,0.585
BWA,2001,0.586
BWA,2002,0.583
BWA,2003,0.59
BWA,2004,0.595
BWA,2005,0.604
BWA,2006,0.618
BWA,2007,0.632
BWA,2008,0.642
BWA,2009,0.647
BWA,2010,0.66
BWA,2011,0.669
BWA,2012,0.674
BWA,2013,0.687
BWA,2014,0.696
BWA,2015,0.702
BWA,2016,0.713
BWA,2017,0.722
BWA,2018,0.716
BWA,2019,0.717
BWA,2020,0.713
BWA,2021,0.693
CAF,1990,0.338
CAF,1991,0.333
CAF,1992,0.319
CAF,1993,0.319
CAF,1994,0.321
CAF,1995,0.323
CAF,1996,0.319
CAF,1997,0.322
CAF,1998,0.325
CAF,1999,0.329
CAF,2000,0.329
CAF,2001,0.332
CAF,2002,0.333
CAF,2003,0.333
CAF,2004,0.337
CAF,2005,0.342
CAF,2006,0.345
CAF,2007,0.351
CAF,2008,0.358
CAF,2009,0.364
CAF,2010,0.372
CAF,2011,0.381
CAF,2012,0.388
CAF,2013,0.368
CAF,2014,0.37
CAF,2015,0.384
CAF,2016,0.391
CAF,2017,0.398
CAF,2018,0.405
CAF,2019,0.411
CAF,2020,0.407
CAF,2021,0.404
CAN,1990,0.86
CAN,1991,0.864
CAN,1992,0.868
CAN,1993,0.866
CAN,1994,0.872
CAN,1995,0.876
CAN,1996,0.879
CAN,1997,0.88
CAN,1998,0.879
CAN,1999,0.884
CAN,2000,0.89
CAN,2001,0.892
CAN,2002,0.894
CAN,2003,0.897
CAN,2004,0.901
CAN,2005,0.903
CAN,2006,0.907
CAN,2007,0.908
CAN,2008,0.91
CAN,2009,0.909
CAN,2010,0.911
CAN,2011,0.915
CAN,2012,0.921
CAN,2013,0.923
CAN,2014,0.925
CAN,2015,0.926
CAN,2016,0.928
CAN,2017,0.931
CAN,2018,0.933
CAN,2019,0.937
CAN,2020,0.931
CAN,2021,0.936
CHE,1990,0.851
CHE,1991,0.853
CHE,1992,0.856
CHE,1993,0.861
CHE,1994,0.863
CHE,1995,0.865
CHE,1996,0.87
CHE,1997,0.875
CHE,1998,0.88
CHE,1999,0.884
CHE,2000,0.887
CHE,2001,0.89
CHE,2002,0.89
CHE,2003,0.895
CHE,2004,0.901
CHE,2005,0.905
CHE,2006,0.914
CHE,2007,0.92
CHE,2008,0.926
CHE,2009,0.936
CHE,2010,0.942
CHE,2011,0.943
CHE,2012,0.945
CHE,2013,0.948
CHE,2014,0.952
CHE,2015,0.954
CHE,2016,0.956
CHE,2017,0.957
CHE,2018,0.959
CHE,2019,0.962
CHE,2020,0.956
CHE,2021,1.0
CHL,1990,0.706
CHL,1991,0.715
CHL,1992,0.723
CHL,1993,0.716
CHL,1994,0.722
CHL,1995,0.728
CHL,1996,0.735
CHL,1997,0.744
CHL,1998,0.749
CHL,1999,0.755
CHL,2000,0.763
CHL,2001,0.768
CHL,2002,0.775
CHL,2003,0.779
CHL,2004,0.787
CHL,2005,0.795
CHL,2006,0.796
CHL,2007,0.801
CHL,2008,0.813
CHL,2009,0.811
CHL,2010,0.813
CHL,2011,0.817
CHL,2012,0.824
CHL,2013,0.836
CHL,2014,0.841
CHL,2015,0.846
CHL,2016,0.85
CHL,2017,0.853
CHL,2018,0.856
CHL,2019,0.861
CHL,2020,0.852
CHL,2021,0.855
CHN,1990,0.484
CHN,1991,0.492
CHN,1992,0.504
CHN,1993,0.515
CHN,1994,0.525
CHN,1995,0.535
CHN,1996,0.545
CHN,1997,0.554
CHN,1998,0.564
CHN,1999,0.573
CHN,2000,0.584
CHN,2001,0.593
CHN,2002,0.604
CHN,2003,0.615
CHN,2004,0.626
CHN,2005,0.638
CHN,2006,0.65
CHN,2007,0.663
CHN,2008,0.672
CHN,2009,0.682
CHN,2010,0.691
CHN,2011,0.7
CHN,2012,0.709
CHN,2013,0.717
CHN,2014,0.725
CHN,2015,0.733
CHN,2016,0.74
CHN,2017,0.747
CHN,2018,0.755
CHN,2019,0.762
CHN,2020,0.764
CHN,2021,0.768
CIV,1990,0.427
CIV,1991,0.428
CIV,1992,0.43
CIV,1993,0.433
CIV,1994,0.436
CIV,1995,0.442
CIV,1996,0.448
CIV,1997,0.456
CIV,1998,0.461
CIV,1999,0.459
CIV,2000,0.457
CIV,2001,0.456
CIV,2002,0.454
CIV,2003,0.453
CIV,2004,0.455
CIV,2005,0.456
CIV,2006,0.458
CIV,2007,0.461
CIV,2008,0.464
CIV,2009,0.469
CIV,2010,0.473
CIV,2011,0.472
CIV,2012,0.477
CIV,2013,0.483
CIV,2014,0.502
CIV,2015,0.513
CIV,2016,0.524
CIV,2017,0.534
CIV,2018,0.542
CIV,2019,0.55
CIV,2020,0.551
CIV,2021,0.55
CMR,1990,0.452
CMR,1991,0.449
CMR,1992,0.446
CMR,1993,0.439
CMR,1994,0.436
CMR,1995,0.435
CMR,1996,0.434
CMR,1997,0.435
CMR,1998,0.436
CMR,1999,0.437
CMR,2000,0.442
CMR,2001,0.46
CMR,2002,0.461
CMR,2003,0.468
CMR,2004,0.474
CMR,2005,0.475
CMR,2006,0.477
CMR,2007,0.489
CMR,2008,0.497
CMR,2009,0.506
CMR,2010,0.513
CMR,2011,0.521
CMR,2012,0.533
CMR,2013,0.542
CMR,2014,0.551
CMR,2015,0.56
CMR,2016,0.564
CMR,2017,0.571
CMR,2018,0.577
CMR,2019,0.583
CMR,2020,0.578
CMR,2021,0.576
COD,1990,0.386
COD,1991,0.384
COD,1992,0.38
COD,1993,0.375
COD,1994,0.371
COD,1995,0.373
COD,1996,0.372
COD,1997,0.374
COD,1998,0.371
COD,1999,0.368
COD,2000,0.376
COD,2001,0.374
COD,2002,0.378
COD,2003,0.384
COD,2004,0.39
COD,2005,0.395
COD,2006,0.401
COD,2007,0.406
COD,2008,0.416
COD,2009,0.421
COD,2010,0.429
COD,2011,0.438
COD,2012,0.44
COD,2013,0.446
COD,2014,0.455
COD,2015,0.463
COD,2016,0.472
COD,2017,0.475
COD,2018,0.48
COD,2019,0.482
COD,2020,0.479
COD,2021,0.479
COG,1990,0.522
COG,1991,0.519
COG,1992,0.518
COG,1993,0.512
COG,1994,0.507
COG,1995,0.497
COG,1996,0.496
COG,1997,0.466
COG,1998,0.489
COG,1999,0.49
COG,2000,0.491
COG,2001,0.497
COG,2002,0.5
COG,2003,0.5
COG,2004,0.505
COG,2005,0.519
COG,2006,0.532
COG,2007,0.533
COG,2008,0.541
COG,2009,0.554
COG,2010,0.561
COG,2011,0.564
COG,2012,0.575
COG,2013,0.58
COG,2014,0.589
COG,2015,0.59
COG,2016,0.586
COG,2017,0.58
COG,2018,0.578
COG,2019,0.57
COG,2020,0.574
COG,2021,0.571
COL,1990,0.61
COL,1991,0.619
COL,1992,0.628
COL,1993,0.635
COL,1994,0.64
COL,1995,0.645
COL,1996,0.653
COL,1997,0.66
COL,1998,0.665
COL,1999,0.663
COL,2000,0.666
COL,2001,0.667
COL,2002,0.67
COL,2003,0.677
COL,2004,0.683
COL,2005,0.696
COL,2006,0.698
COL,2007,0.71
COL,2008,0.716
COL,2009,0.722
COL,2010,0.726
COL,2011,0.733
COL,2012,0.734
COL,2013,0.746
COL,2014,0.75
COL,2015,0.754
COL,2016,0.759
COL,2017,0.761
COL,2018,0.763
COL,2019,0.768
COL,2020,0.756
COL,2021,0.752
COM,2000,0.464
COM,2001,0.47
COM,2002,0.474
COM,2003,0.479
COM,2004,0.482
COM,2005,0.488
COM,2006,0.494
COM,2007,0.5
COM,2008,0.507
COM,2009,0.513
COM,2010,0.52
COM,2011,0.527
COM,2012,0.533
COM,2013,0.539
COM,2014,0.54
COM,2015,0.544
COM,2016,0.548
COM,2017,0.553
COM,2018,0.557
COM,2019,0.56
COM,2020,0.562
COM,2021,0.558
CPV,2000,0.569
CPV,2001,0.576
CPV,2002,0.587
CPV,2003,0.593
CPV,2004,0.597
CPV,2005,0.606
CPV,2006,0.62
CPV,2007,0.629
CPV,2008,0.635
CPV,2009,0.639
CPV,2010,0.644
CPV,2011,0.653
CPV,2012,0.656
CPV,2013,0.666
CPV,2014,0.667
CPV,2015,0.663
CPV,2016,0.67
CPV,2017,0.675
CPV,2018,0.673
CPV,2019,0.676
CPV,2020,0.662
CPV,2021,0.662
CRI,1990,0.66
CRI,1991,0.663
CRI,1992,0.674
CRI,1993,0.682
CRI,1994,0.685
CRI,1995,0.691
CRI,1996,0.693
CRI,1997,0.7
CRI,1998,0.705
CRI,1999,0.708
CRI,2000,0.71
CRI,2001,0.715
CRI,2002,0.722
CRI,2003,0.727
CRI,2004,0.732
CRI,2005,0.74
CRI,2006,0.747
CRI,2007,0.756
CRI,2008,0.765
CRI,2009,0.769
CRI,2010,0.772
CRI,2011,0.782
CRI,2012,0.786
CRI,2013,0.792
CRI,2014,0.796
CRI,2015,0.798
CRI,2016,0.803
CRI,2017,0.807
CRI,2018,0.811
CRI,2019,0.819
CRI,2020,0.816
CRI,2021,0.809
CUB,1990,0.68
CUB,1991,0.674
CUB,1992,0.668
CUB,1993,0.659
CUB,1994,0.656
CUB,1995,0.659
CUB,1996,0.67
CUB,1997,0.674
CUB,1998,0.678
CUB,1999,0.685
CUB,2000,0.693
CUB,2001,0.7
CUB,2002,0.706
CUB,2003,0.714
CUB,2004,0.728
CUB,2005,0.741
CUB,2006,0.761
CUB,2007,0.775
CUB,2008,0.784
CUB,2009,0.784
CUB,2010,0.78
CUB,2011,0.777
CUB,2012,0.773
CUB,2013,0.769
CUB,2014,0.771
CUB,2015,0.773
CUB,2016,0.774
CUB,2017,0.779
CUB,2018,0.783
CUB,2019,0.788
CUB,2020,0.781
CUB,2021,0.764
CYP,1990,0.716
CYP,1991,0.719
CYP,1992,0.726
CYP,1993,0.765
CYP,1994,0.77
CYP,1995,0.776
CYP,1996,0.781
CYP,1997,0.785
CYP,1998,0.794
CYP,1999,0.794
CYP,2000,0.797
CYP,2001,0.804
CYP,2002,0.816
CYP,2003,0.825
CYP,2004,0.83
CYP,2005,0.834
CYP,2006,0.841
CYP,2007,0.848
CYP,2008,0.857
CYP,2009,0.862
CYP,2010,0.857
CYP,2011,0.861
CYP,2012,0.86
CYP,2013,0.861
CYP,2014,0.865
CYP,2015,0.871
CYP,2016,0.877
CYP,2017,0.887
CYP,2018,0.892
CYP,2019,0.897
CYP,2020,0.894
CYP,2021,0.896
CZE,1990,0.742
CZE,1991,0.742
CZE,1992,0.743
CZE,1993,0.751
CZE,1994,0.762
CZE,1995,0.77
CZE,1996,0.782
CZE,1997,0.787
CZE,1998,0.792
CZE,1999,0.796
CZE,2000,0.808
CZE,2001,0.818
CZE,2002,0.825
CZE,2003,0.831
CZE,2004,0.836
CZE,2005,0.844
CZE,2006,0.852
CZE,2007,0.859
CZE,2008,0.863
CZE,2009,0.865
CZE,2010,0.87
CZE,2011,0.872
CZE,2012,0.874
CZE,2013,0.881
CZE,2014,0.887
CZE,2015,0.891
CZE,2016,0.895
CZE,2017,0.897
CZE,2018,0.894
CZE,2019,0.897
CZE,2020,0.892
CZE,2021,0.889
DEU,1990,0.829
DEU,1991,0.835
DEU,1992,0.842
DEU,1993,0.852
DEU,1994,0.858
DEU,1995,0.863
DEU,1996,0.868
DEU,1997,0.874
DEU,1998,0.879
DEU,1999,0.884
DEU,2000,0.889
DEU,2001,0.896
DEU,2002,0.901
DEU,2003,0.905
DEU,2004,0.914
DEU,2005,0.914
DEU,2006,0.917
DEU,2007,0.921
DEU,2008,0.923
DEU,2009,0.923
DEU,2010,0.926
DEU,2011,0.931
DEU,2012,0.933
DEU,2013,0.934
DEU,2014,0.937
DEU,2015,0.938
DEU,2016,0.941
DEU,2017,0.944
DEU,2018,0.945
DEU,2019,0.948
DEU,2020,0.944
DEU,2021,0.942
DJI,1995,0.351
DJI,1996,0.35
DJI,1997,0.353
DJI,1998,0.355
DJI,1999,0.36
DJI,2000,0.361
DJI,2001,0.371
DJI,2002,0.378
DJI,2003,0.388
DJI,2004,0.396
DJI,2005,0.405
DJI,2006,0.416
DJI,2007,0.426
DJI,2008,0.434
DJI,2009,0.445
DJI,2010,0.458
DJI,2011,0.47
DJI,2012,0.478
DJI,2013,0.483
DJI,2014,0.488
DJI,2015,0.493
DJI,2016,0.496
DJI,2017,0.499
DJI,2018,0.506
DJI,2019,0.512
DJI,2020,0.51
DJI,2021,0.509
DMA,2000,0.695
DMA,2001,0.694
DMA,2002,0.695
DMA,2003,0.695
DMA,2004,0.7
DMA,2005,0.701
DMA,2006,0.708
DMA,2007,0.707
DMA,2008,0.717
DMA,2009,0.713
DMA,2010,0.711
DMA,2011,0.702
DMA,2012,0.706
DMA,2013,0.699
DMA,2014,0.705
DMA,2015,0.7
DMA,2016,0.709
DMA,2017,0.692
DMA,2018,0.726
DMA,2019,0.729
DMA,2020,0.722
DMA,2021,0.72
DNK,1990,0.834
DNK,1991,0.838
DNK,1992,0.841
DNK,1993,0.844
DNK,1994,0.851
DNK,1995,0.854
DNK,1996,0.862
DNK,1997,0.869
DNK,1998,0.876
DNK,1999,0.886
DNK,2000,0.889
DNK,2001,0.895
DNK,2002,0.896
DNK,2003,0.901
DNK,2004,0.906
DNK,2005,0.911
DNK,2006,0.91
DNK,2007,0.911
DNK,2008,0.915
DNK,2009,0.909
DNK,2010,0.913
DNK,2011,0.926
DNK,2012,0.931
DNK,2013,0.933
DNK,2014,0.932
DNK,2015,0.936
DNK,2016,0.943
DNK,2017,0.944
DNK,2018,0.942
DNK,2019,0.946
DNK,2020,0.947
DNK,2021,0.948
DOM,1990,0.577
DOM,1991,0.583
DOM,1992,0.593
DOM,1993,0.6
DOM,1994,0.607
DOM,1995,0.613
DOM,1996,0.62
DOM,1997,0.627
DOM,1998,0.633
DOM,1999,0.64
DOM,2000,0.646
DOM,2001,0.651
DOM,2002,0.657
DOM,2003,0.659
DOM,2004,0.663
DOM,2005,0.674
DOM,2006,0.683
DOM,2007,0.692
DOM,2008,0.697
DOM,2009,0.701
DOM,2010,0.708
DOM,2011,0.713
DOM,2012,0.718
DOM,2013,0.722
DOM,2014,0.728
DOM,2015,0.736
DOM,2016,0.755
DOM,2017,0.757
DOM,2018,0.764
DOM,2019,0.771
DOM,2020,0.764
DOM,2021,0.767
DZA,1990,0.591
DZA,1991,0.594
DZA,1992,0.599
DZA,1993,0.601
DZA,1994,0.602
DZA,1995,0.606
DZA,1996,0.617
DZA,1997,0.624
DZA,1998,0.633
DZA,1999,0.641
DZA,2000,0.649
DZA,2001,0.655
DZA,2002,0.664
DZA,2003,0.67
DZA,2004,0.678
DZA,2005,0.685
DZA,2006,0.69
DZA,2007,0.697
DZA,2008,0.705
DZA,2009,0.714
DZA,2010,0.721
DZA,2011,0.727
DZA,2012,0.729
DZA,2013,0.731
DZA,2014,0.735
DZA,2015,0.74
DZA,2016,0.743
DZA,2017,0.744
DZA,2018,0.745
DZA,2019,0.748
DZA,2020,0.736
DZA,2021,0.745
ECU,1990,0.651
ECU,1991,0.652
ECU,1992,0.658
ECU,1993,0.662
ECU,1994,0.667
ECU,1995,0.671
ECU,1996,0.674
ECU,1997,0.679
ECU,1998,0.684
ECU,1999,0.683
ECU,2000,0.687
ECU,2001,0.693
ECU,2002,0.698
ECU,2003,0.703
ECU,2004,0.71
ECU,2005,0.715
ECU,2006,0.72
ECU,2007,0.723
ECU,2008,0.729
ECU,2009,0.731
ECU,2010,0.736
ECU,2011,0.743
ECU,2012,0.751
ECU,2013,0.755
ECU,2014,0.76
ECU,2015,0.765
ECU,2016,0.762
ECU,2017,0.762
ECU,2018,0.762
ECU,2019,0.76
ECU,2020,0.731
ECU,2021,0.74
EGY,1990,0.572
EGY,1991,0.578
EGY,1992,0.585
EGY,1993,0.591
EGY,1994,0.598
EGY,1995,0.605
EGY,1996,0.613
EGY,1997,0.619
EGY,1998,0.624
EGY,1999,0.629
EGY,2000,0.633
EGY,2001,0.637
EGY,2002,0.639
EGY,2003,0.637
EGY,2004,0.64
EGY,2005,0.643
EGY,2006,0.647
EGY,2007,0.655
EGY,2008,0.663
EGY,2009,0.668
EGY,2010,0.675
EGY,2011,0.679
EGY,2012,0.688
EGY,2013,0.694
EGY,2014,0.699
EGY,2015,0.706
EGY,2016,0.713
EGY,2017,0.721
EGY,2018,0.729
EGY,2019,0.735
EGY,2020,0.734
EGY,2021,0.731
ERI,2002,0.426
ERI,2003,0.437
ERI,2004,0.445
ERI,2005,0.449
ERI,2006,0.453
ERI,2007,0.457
ERI,2008,0.448
ERI,2009,0.457
ERI,2010,0.463
ERI,2011,0.481
ERI,2012,0.486
ERI,2013,0.483
ERI,2014,0.502
ERI,2015,0.483
ERI,2016,0.488
ERI,2017,0.484
ERI,2018,0.493
ERI,2019,0.495
ERI,2020,0.494
ERI,2021,0.492
ESP,1990,0.757
ESP,1991,0.764
ESP,1992,0.772
ESP,1993,0.781
ESP,1994,0.789
ESP,1995,0.796
ESP,1996,0.802
ESP,1997,0.808
ESP,1998,0.813
ESP,1999,0.818
ESP,2000,0.825
ESP,2001,0.83
ESP,2002,0.834
ESP,2003,0.837
ESP,2004,0.844
ESP,2005,0.85
ESP,2006,0.856
ESP,2007,0.858
ESP,2008,0.86
ESP,2009,0.861
ESP,2010,0.868
ESP,2011,0.872
ESP,2012,0.874
ESP,2013,0.88
ESP,2014,0.884
ESP,2015,0.889
ESP,2016,0.895
ESP,2017,0.897
ESP,2018,0.901
ESP,2019,0.908
ESP,2020,0.899
ESP,2021,0.905
EST,1990,0.732
EST,1991,0.729
EST,1992,0.719
EST,1993,0.71
EST,1994,0.712
EST,1995,0.725
EST,1996,0.742
EST,1997,0.757
EST,1998,0.764
EST,1999,0.773
EST,2000,0.787
EST,2001,0.797
EST,2002,0.807
EST,2003,0.816
EST,2004,0.826
EST,2005,0.839
EST,2006,0.847
EST,2007,0.853
EST,2008,0.856
EST,2009,0.856
EST,2010,0.861
EST,2011,0.871
EST,2012,0.874
EST,2013,0.88
EST,2014,0.879
EST,2015,0.882
EST,2016,0.885
EST,2017,0.887
EST,2018,0.891
EST,2019,0.896
EST,2020,0.892
EST,2021,0.89
ETH,2000,0.329675301
ETH,2001,0.301
ETH,2002,0.309
ETH,2003,0.313
ETH,2004,0.327
ETH,2005,0.346
ETH,2006,0.363
ETH,2007,0.38
ETH,2008,0.395
ETH,2009,0.402
ETH,2010,0.412
ETH,2011,0.422
ETH,2012,0.43
ETH,2013,0.441
ETH,2014,0.45
ETH,2015,0.46
ETH,2016,0.47
ETH,2017,0.48
ETH,2018,0.489
ETH,2019,0.498
ETH,2020,0.498
ETH,2021,0.498
FIN,1990,0.814
FIN,1991,0.818
FIN,1992,0.825
FIN,1993,0.829
FIN,1994,0.841
FIN,1995,0.847
FIN,1996,0.854
FIN,1997,0.863
FIN,1998,0.873
FIN,1999,0.881
FIN,2000,0.891
FIN,2001,0.9
FIN,2002,0.904
FIN,2003,0.907
FIN,2004,0.902
FIN,2005,0.905
FIN,2006,0.909
FIN,2007,0.911
FIN,2008,0.912
FIN,2009,0.907
FIN,2010,0.911
FIN,2011,0.915
FIN,2012,0.915
FIN,2013,0.926
FIN,2014,0.927
FIN,2015,0.93
FIN,2016,0.931
FIN,2017,0.934
FIN,2018,0.936
FIN,2019,0.939
FIN,2020,0.938
FIN,2021,0.94
FJI,1990,0.642
FJI,1991,0.647
FJI,1992,0.651
FJI,1993,0.654
FJI,1994,0.66
FJI,1995,0.666
FJI,1996,0.669
FJI,1997,0.67
FJI,1998,0.672
FJI,1999,0.679
FJI,2000,0.681
FJI,2001,0.686
FJI,2002,0.687
FJI,2003,0.692
FJI,2004,0.704
FJI,2005,0.702
FJI,2006,0.705
FJI,2007,0.706
FJI,2008,0.709
FJI,2009,0.711
FJI,2010,0.714
FJI,2011,0.719
FJI,2012,0.721
FJI,2013,0.726
FJI,2014,0.729
FJI,2015,0.729
FJI,2016,0.735
FJI,2017,0.741
FJI,2018,0.745
FJI,2019,0.746
FJI,2020,0.737
FJI,2021,0.73
FRA,1990,0.791
FRA,1991,0.799
FRA,1992,0.806
FRA,1993,0.809
FRA,1994,0.823
FRA,1995,0.828
FRA,1996,0.833
FRA,1997,0.838
FRA,1998,0.842
FRA,1999,0.84
FRA,2000,0.844
FRA,2001,0.847
FRA,2002,0.848
FRA,2003,0.851
FRA,2004,0.858
FRA,2005,0.866
FRA,2006,0.87
FRA,2007,0.873
FRA,2008,0.873
FRA,2009,0.872
FRA,2010,0.877
FRA,2011,0.881
FRA,2012,0.882
FRA,2013,0.887
FRA,2014,0.892
FRA,2015,0.892
FRA,2016,0.895
FRA,2017,0.898
FRA,2018,0.901
FRA,2019,0.905
FRA,2020,0.898
FRA,2021,0.903
FSM,2000,0.572
FSM,2001,0.581
FSM,2002,0.582
FSM,2003,0.594
FSM,2004,0.597
FSM,2005,0.604
FSM,2006,0.61
FSM,2007,0.614
FSM,2008,0.618
FSM,2009,0.62
FSM,2010,0.625
FSM,2011,0.628
FSM,2012,0.628
FSM,2013,0.626
FSM,2014,0.625
FSM,2015,0.626
FSM,2016,0.629
FSM,2017,0.632
FSM,2018,0.633
FSM,2019,0.633
FSM,2020,0.629
FSM,2021,0.628
GAB,1990,0.61
GAB,1991,0.615
GAB,1992,0.615
GAB,1993,0.619
GAB,1994,0.623
GAB,1995,0.627
GAB,1996,0.63
GAB,1997,0.634
GAB,1998,0.64
GAB,1999,0.636
GAB,2000,0.635
GAB,2001,0.641
GAB,2002,0.644
GAB,2003,0.648
GAB,2004,0.647
GAB,2005,0.652
GAB,2006,0.651
GAB,2007,0.655
GAB,2008,0.655
GAB,2009,0.66
GAB,2010,0.664
GAB,2011,0.668
GAB,2012,0.679
GAB,2013,0.685
GAB,2014,0.694
GAB,2015,0.699
GAB,2016,0.702
GAB,2017,0.706
GAB,2018,0.706
GAB,2019,0.709
GAB,2020,0.71
GAB,2021,0.706
GBR,1990,0.804
GBR,1991,0.809
GBR,1992,0.816
GBR,1993,0.82
GBR,1994,0.828
GBR,1995,0.828
GBR,1996,0.834
GBR,1997,0.842
GBR,1998,0.848
GBR,1999,0.855
GBR,2000,0.862
GBR,2001,0.868
GBR,2002,0.873
GBR,2003,0.878
GBR,2004,0.889
GBR,2005,0.895
GBR,2006,0.894
GBR,2007,0.897
GBR,2008,0.9
GBR,2009,0.906
GBR,2010,0.912
GBR,2011,0.908
GBR,2012,0.909
GBR,2013,0.922
GBR,2014,0.924
GBR,2015,0.924
GBR,2016,0.927
GBR,2017,0.93
GBR,2018,0.929
GBR,2019,0.935
GBR,2020,0.924
GBR,2021,0.929
GEO,2000,0.702
GEO,2001,0.706
GEO,2002,0.714
GEO,2003,0.723
GEO,2004,0.729
GEO,2005,0.738
GEO,2006,0.742
GEO,2007,0.753
GEO,2008,0.748
GEO,2009,0.753
GEO,2010,0.759
GEO,2011,0.766
GEO,2012,0.773
GEO,2013,0.777
GEO,2014,0.784
GEO,2015,0.79
GEO,2016,0.794
GEO,2017,0.8
GEO,2018,0.804
GEO,2019,0.81
GEO,2020,0.802
GEO,2021,0.802
GHA,1990,0.46
GHA,1991,0.466
GHA,1992,0.47
GHA,1993,0.475
GHA,1994,0.477
GHA,1995,0.483
GHA,1996,0.487
GHA,1997,0.492
GHA,1998,0.497
GHA,1999,0.502
GHA,2000,0.507
GHA,2001,0.505
GHA,2002,0.512
GHA,2003,0.515
GHA,2004,0.521
GHA,2005,0.533
GHA,2006,0.54
GHA,2007,0.55
GHA,2008,0.561
GHA,2009,0.566
GHA,2010,0.574
GHA,2011,0.585
GHA,2012,0.592
GHA,2013,0.6
GHA,2014,0.6
GHA,2015,0.607
GHA,2016,0.611
GHA,2017,0.616
GHA,2018,0.62
GHA,2019,0.631
GHA,2020,0.632
GHA,2021,0.632
GIN,1990,0.316852704
GIN,1991,0.321748623
GIN,1992,0.329248931
GIN,1993,0.337338084
GIN,1994,0.343537071
GIN,1995,0.303
GIN,1996,0.31
GIN,1997,0.321
GIN,1998,0.33
GIN,1999,0.339
GIN,2000,0.345
GIN,2001,0.352
GIN,2002,0.362
GIN,2003,0.37
GIN,2004,0.377
GIN,2005,0.387
GIN,2006,0.394
GIN,2007,0.402
GIN,2008,0.408
GIN,2009,0.41
GIN,2010,0.415
GIN,2011,0.42
GIN,2012,0.425
GIN,2013,0.429
GIN,2014,0.435
GIN,2015,0.44
GIN,2016,0.45
GIN,2017,0.458
GIN,2018,0.462
GIN,2019,0.467
GIN,2020,0.466
GIN,2021,0.465
GMB,1990,0.343
GMB,1991,0.35
GMB,1992,0.357
GMB,1993,0.363
GMB,1994,0.369
GMB,1995,0.376
GMB,1996,0.382
GMB,1997,0.385
GMB,1998,0.392
GMB,1999,0.398
GMB,2000,0.404
GMB,2001,0.41
GMB,2002,0.412
GMB,2003,0.419
GMB,2004,0.428
GMB,2005,0.431
GMB,2006,0.436
GMB,2007,0.442
GMB,2008,0.45
GMB,2009,0.455
GMB,2010,0.46
GMB,2011,0.46
GMB,2012,0.467
GMB,2013,0.471
GMB,2014,0.473
GMB,2015,0.478
GMB,2016,0.484
GMB,2017,0.489
GMB,2018,0.495
GMB,2019,0.503
GMB,2020,0.501
GMB,2021,0.5
GNB,2005,0.404
GNB,2006,0.417
GNB,2007,0.424
GNB,2008,0.429
GNB,2009,0.436
GNB,2010,0.443
GNB,2011,0.452
GNB,2012,0.456
GNB,2013,0.46
GNB,2014,0.466
GNB,2015,0.472
GNB,2016,0.478
GNB,2017,0.481
GNB,2018,0.482
GNB,2019,0.49
GNB,2020,0.483
GNB,2021,0.483
GNQ,2000,0.512
GNQ,2001,0.522
GNQ,2002,0.534
GNQ,2003,0.537
GNQ,2004,0.545
GNQ,2005,0.556
GNQ,2006,0.569
GNQ,2007,0.578
GNQ,2008,0.582
GNQ,2009,0.586
GNQ,2010,0.579
GNQ,2011,0.585
GNQ,2012,0.592
GNQ,2013,0.594
GNQ,2014,0.598
GNQ,2015,0.603
GNQ,2016,0.603
GNQ,2017,0.601
GNQ,2018,0.601
GNQ,2019,0.605
GNQ,2020,0.599
GNQ,2021,0.596
GRC,1990,0.759
GRC,1991,0.769
GRC,1992,0.769
GRC,1993,0.769
GRC,1994,0.774
GRC,1995,0.777
GRC,1996,0.782
GRC,1997,0.789
GRC,1998,0.799
GRC,1999,0.801
GRC,2000,0.81
GRC,2001,0.82
GRC,2002,0.83
GRC,2003,0.835
GRC,2004,0.843
GRC,2005,0.855
GRC,2006,0.863
GRC,2007,0.858
GRC,2008,0.863
GRC,2009,0.866
GRC,2010,0.869
GRC,2011,0.865
GRC,2012,0.866
GRC,2013,0.871
GRC,2014,0.879
GRC,2015,0.88
GRC,2016,0.877
GRC,2017,0.88
GRC,2018,0.886
GRC,2019,0.889
GRC,2020,0.886
GRC,2021,0.887
GRD,2002,0.739
GRD,2003,0.747
GRD,2004,0.742
GRD,2005,0.763
GRD,2006,0.765
GRD,2007,0.773
GRD,2008,0.778
GRD,2009,0.777
GRD,2010,0.782
GRD,2011,0.786
GRD,2012,0.784
GRD,2013,0.787
GRD,2014,0.787
GRD,2015,0.79
GRD,2016,0.791
GRD,2017,0.794
GRD,2018,0.797
GRD,2019,0.8
GRD,2020,0.792
GRD,2021,0.795
GTM,1990,0.484
GTM,1991,0.488
GTM,1992,0.492
GTM,1993,0.497
GTM,1994,0.501
GTM,1995,0.508
GTM,1996,0.516
GTM,1997,0.525
GTM,1998,0.534
GTM,1999,0.542
GTM,2000,0.55
GTM,2001,0.556
GTM,2002,0.561
GTM,2003,0.566
GTM,2004,0.571
GTM,2005,0.574
GTM,2006,0.581
GTM,2007,0.59
GTM,2008,0.596
GTM,2009,0.6
GTM,2010,0.605
GTM,2011,0.611
GTM,2012,0.616
GTM,2013,0.62
GTM,2014,0.637
GTM,2015,0.639
GTM,2016,0.639
GTM,2017,0.64
GTM,2018,0.64
GTM,2019,0.642
GTM,2020,0.635
GTM,2021,0.627
GUY,1990,0.509
GUY,1991,0.505
GUY,1992,0.52
GUY,1993,0.534
GUY,1994,0.544
GUY,1995,0.549
GUY,1996,0.559
GUY,1997,0.564
GUY,1998,0.569
GUY,1999,0.573
GUY,2000,0.577
GUY,2001,0.584
GUY,2002,0.59
GUY,2003,0.598
GUY,2004,0.612
GUY,2005,0.622
GUY,2006,0.631
GUY,2007,0.638
GUY,2008,0.644
GUY,2009,0.649
GUY,2010,0.656
GUY,2011,0.665
GUY,2012,0.669
GUY,2013,0.673
GUY,2014,0.681
GUY,2015,0.684
GUY,2016,0.691
GUY,2017,0.695
GUY,2018,0.701
GUY,2019,0.708
GUY,2020,0.721
GUY,2021,0.714
HKG,1990,0.788
HKG,1991,0.794
HKG,1992,0.802
HKG,1993,0.811
HKG,1994,0.819
HKG,1995,0.825
HKG,1996,0.831
HKG,1997,0.837
HKG,1998,0.839
HKG,1999,0.843
HKG,2000,0.851
HKG,2001,0.856
HKG,2002,0.859
HKG,2003,0.864
HKG,2004,0.872
HKG,2005,0.879
HKG,2006,0.887
HKG,2007,0.894
HKG,2008,0.899
HKG,2009,0.9
HKG,2010,0.907
HKG,2011,0.914
HKG,2012,0.918
HKG,2013,0.924
HKG,2014,0.93
HKG,2015,0.935
HKG,2016,0.938
HKG,2017,0.944
HKG,2018,0.949
HKG,2019,0.952
HKG,2020,0.949
HKG,2021,0.952
HND,1990,0.516
HND,1991,0.517
HND,1992,0.521
HND,1993,0.527
HND,1994,0.53
HND,1995,0.536
HND,1996,0.539
HND,1997,0.544
HND,1998,0.527
HND,1999,0.55
HND,2000,0.556
HND,2001,0.559
HND,2002,0.563
HND,2003,0.567
HND,2004,0.572
HND,2005,0.577
HND,2006,0.581
HND,2007,0.586
HND,2008,0.591
HND,2009,0.594
HND,2010,0.597
HND,2011,0.6
HND,2012,0.599
HND,2013,0.603
HND,2014,0.606
HND,2015,0.613
HND,2016,0.618
HND,2017,0.617
HND,2018,0.617
HND,2019,0.632
HND,2020,0.621
HND,2021,0.621
HRV,1995,0.712
HRV,1996,0.724
HRV,1997,0.732
HRV,1998,0.742
HRV,1999,0.749
HRV,2000,0.759
HRV,2001,0.769
HRV,2002,0.777
HRV,2003,0.783
HRV,2004,0.796
HRV,2005,0.802
HRV,2006,0.811
HRV,2007,0.815
HRV,2008,0.817
HRV,2009,0.816
HRV,2010,0.821
HRV,2011,0.826
HRV,2012,0.83
HRV,2013,0.838
HRV,2014,0.841
HRV,2015,0.843
HRV,2016,0.848
HRV,2017,0.852
HRV,2018,0.856
HRV,2019,0.861
HRV,2020,0.855
HRV,2021,0.858
HTI,1990,0.429
HTI,1991,0.433
HTI,1992,0.435
HTI,1993,0.436
HTI,1994,0.434
HTI,1995,0.444
HTI,1996,0.45
HTI,1997,0.455
HTI,1998,0.46
HTI,1999,0.466
HTI,2000,0.47
HTI,2001,0.472
HTI,2002,0.476
HTI,2003,0.482
HTI,2004,0.479
HTI,2005,0.49
HTI,2006,0.494
HTI,2007,0.499
HTI,2008,0.503
HTI,2009,0.508
HTI,2010,0.433
HTI,2011,0.512
HTI,2012,0.517
HTI,2013,0.521
HTI,2014,0.525
HTI,2015,0.529
HTI,2016,0.532
HTI,2017,0.539
HTI,2018,0.541
HTI,2019,0.543
HTI,2020,0.54
HTI,2021,0.535
HUN,1990,0.72
HUN,1991,0.715
HUN,1992,0.714
HUN,1993,0.722
HUN,1994,0.731
HUN,1995,0.735
HUN,1996,0.741
HUN,1997,0.749
HUN,1998,0.756
HUN,1999,0.763
HUN,2000,0.773
HUN,2001,0.782
HUN,2002,0.791
HUN,2003,0.798
HUN,2004,0.801
HUN,2005,0.806
HUN,2006,0.814
HUN,2007,0.817
HUN,2008,0.823
HUN,2009,0.825
HUN,2010,0.828
HUN,2011,0.83
HUN,2012,0.831
HUN,2013,0.84
HUN,2014,0.838
HUN,2015,0.838
HUN,2016,0.843
HUN,2017,0.845
HUN,2018,0.849
HUN,2019,0.853
HUN,2020,0.849
HUN,2021,0.846
IDN,1990,0.526
IDN,1991,0.532
IDN,1992,0.54
IDN,1993,0.548
IDN,1994,0.558
IDN,1995,0.569
IDN,1996,0.578
IDN,1997,0.589
IDN,1998,0.585
IDN,1999,0.59
IDN,2000,0.595
IDN,2001,0.604
IDN,2002,0.612
IDN,2003,0.621
IDN,2004,0.619
IDN,2005,0.632
IDN,2006,0.639
IDN,2007,0.643
IDN,2008,0.646
IDN,2009,0.657
IDN,2010,0.664
IDN,2011,0.671
IDN,2012,0.678
IDN,2013,0.683
IDN,2014,0.687
IDN,2015,0.695
IDN,2016,0.699
IDN,2017,0.704
IDN,2018,0.71
IDN,2019,0.716
IDN,2020,0.709
IDN,2021,0.705
IND,1990,0.434
IND,1991,0.437
IND,1992,0.442
IND,1993,0.446
IND,1994,0.452
IND,1995,0.458
IND,1996,0.466
IND,1997,0.471
IND,1998,0.478
IND,1999,0.486
IND,2000,0.491
IND,2001,0.496
IND,2002,0.503
IND,2003,0.516
IND,2004,0.525
IND,2005,0.534
IND,2006,0.543
IND,2007,0.553
IND,2008,0.56
IND,2009,0.565
IND,2010,0.575
IND,2011,0.588
IND,2012,0.598
IND,2013,0.607
IND,2014,0.619
IND,2015,0.629
IND,2016,0.639
IND,2017,0.644
IND,2018,0.645
IND,2019,0.645
IND,2020,0.642
IND,2021,0.633
IRL,1990,0.737
IRL,1991,0.743
IRL,1992,0.751
IRL,1993,0.76
IRL,1994,0.771
IRL,1995,0.777
IRL,1996,0.785
IRL,1997,0.794
IRL,1998,0.83
IRL,1999,0.837
IRL,2000,0.847
IRL,2001,0.855
IRL,2002,0.864
IRL,2003,0.873
IRL,2004,0.881
IRL,2005,0.888
IRL,2006,0.891
IRL,2007,0.896
IRL,2008,0.899
IRL,2009,0.895
IRL,2010,0.904
IRL,2011,0.902
IRL,2012,0.903
IRL,2013,0.908
IRL,2014,0.914
IRL,2015,0.925
IRL,2016,0.929
IRL,2017,0.934
IRL,2018,0.937
IRL,2019,0.942
IRL,2020,0.943
IRL,2021,0.945
IRN,1990,0.601
IRN,1991,0.62
IRN,1992,0.627
IRN,1993,0.634
IRN,1994,0.64
IRN,1995,0.647
IRN,1996,0.655
IRN,1997,0.662
IRN,1998,0.669
IRN,1999,0.677
IRN,2000,0.685
IRN,2001,0.693
IRN,2002,0.701
IRN,2003,0.704
IRN,2004,0.712
IRN,2005,0.717
IRN,2006,0.727
IRN,2007,0.733
IRN,2008,0.735
IRN,2009,0.738
IRN,2010,0.745
IRN,2011,0.754
IRN,2012,0.768
IRN,2013,0.769
IRN,2014,0.773
IRN,2015,0.776
IRN,2016,0.786
IRN,2017,0.789
IRN,2018,0.787
IRN,2019,0.783
IRN,2020,0.777
IRN,2021,0.774
IRQ,1990,0.528
IRQ,1991,0.496
IRQ,1992,0.524
IRQ,1993,0.545
IRQ,1994,0.543
IRQ,1995,0.532
IRQ,1996,0.551
IRQ,1997,0.558
IRQ,1998,0.571
IRQ,1999,0.582
IRQ,2000,0.589
IRQ,2001,0.596
IRQ,2002,0.598
IRQ,2003,0.579
IRQ,2004,0.602
IRQ,2005,0.606
IRQ,2006,0.604
IRQ,2007,0.607
IRQ,2008,0.623
IRQ,2009,0.633
IRQ,2010,0.64
IRQ,2011,0.649
IRQ,2012,0.66
IRQ,2013,0.667
IRQ,2014,0.67
IRQ,2015,0.675
IRQ,2016,0.679
IRQ,2017,0.685
IRQ,2018,0.692
IRQ,2019,0.696
IRQ,2020,0.679
IRQ,2021,0.686
ISL,1990,0.811
ISL,1991,0.822
ISL,1992,0.828
ISL,1993,0.829
ISL,1994,0.835
ISL,1995,0.833
ISL,1996,0.838
ISL,1997,0.849
ISL,1998,0.86
ISL,1999,0.862
ISL,2000,0.871
ISL,2001,0.879
ISL,2002,0.886
ISL,2003,0.891
ISL,2004,0.895
ISL,2005,0.901
ISL,2006,0.903
ISL,2007,0.909
ISL,2008,0.902
ISL,2009,0.9
ISL,2010,0.902
ISL,2011,0.912
ISL,2012,0.921
ISL,2013,0.929
ISL,2014,0.938
ISL,2015,0.945
ISL,2016,0.948
ISL,2017,0.954
ISL,2018,0.959
ISL,2019,0.96
ISL,2020,0.957
ISL,2021,0.959
ISR,1990,0.787
ISR,1991,0.793
ISR,1992,0.797
ISR,1993,0.804
ISR,1994,0.808
ISR,1995,0.811
ISR,1996,0.818
ISR,1997,0.825
ISR,1998,0.833
ISR,1999,0.841
ISR,2000,0.844
ISR,2001,0.848
ISR,2002,0.854
ISR,2003,0.855
ISR,2004,0.858
ISR,2005,0.866
ISR,2006,0.874
ISR,2007,0.885
ISR,2008,0.885
ISR,2009,0.889
ISR,2010,0.894
ISR,2011,0.897
ISR,2012,0.898
ISR,2013,0.904
ISR,2014,0.908
ISR,2015,0.909
ISR,2016,0.913
ISR,2017,0.917
ISR,2018,0.919
ISR,2019,0.921
ISR,2020,0.917
ISR,2021,0.919
ITA,1990,0.778
ITA,1991,0.783
ITA,1992,0.789
ITA,1993,0.795
ITA,1994,0.804
ITA,1995,0.81
ITA,1996,0.816
ITA,1997,0.824
ITA,1998,0.829
ITA,1999,0.835
ITA,2000,0.841
ITA,2001,0.849
ITA,2002,0.853
ITA,2003,0.858
ITA,2004,0.865
ITA,2005,0.868
ITA,2006,0.873
ITA,2007,0.877
ITA,2008,0.878
ITA,2009,0.878
ITA,2010,0.882
ITA,2011,0.885
ITA,2012,0.883
ITA,2013,0.882
ITA,2014,0.883
ITA,2015,0.882
ITA,2016,0.887
ITA,2017,0.888
ITA,2018,0.893
ITA,2019,0.897
ITA,2020,0.889
ITA,2021,0.895
JAM,1990,0.659
JAM,1991,0.662
JAM,1992,0.663
JAM,1993,0.667
JAM,1994,0.668
JAM,1995,0.669
JAM,1996,0.669
JAM,1997,0.668
JAM,1998,0.666
JAM,1999,0.667
JAM,2000,0.664
JAM,2001,0.673
JAM,2002,0.677
JAM,2003,0.671
JAM,2004,0.687
JAM,2005,0.69
JAM,2006,0.694
JAM,2007,0.697
JAM,2008,0.7
JAM,2009,0.7
JAM,2010,0.704
JAM,2011,0.709
JAM,2012,0.713
JAM,2013,0.714
JAM,2014,0.714
JAM,2015,0.713
JAM,2016,0.712
JAM,2017,0.715
JAM,2018,0.716
JAM,2019,0.719
JAM,2020,0.713
JAM,2021,0.709
JOR,1990,0.622
JOR,1991,0.625
JOR,1992,0.637
JOR,1993,0.641
JOR,1994,0.644
JOR,1995,0.651
JOR,1996,0.655
JOR,1997,0.661
JOR,1998,0.666
JOR,1999,0.671
JOR,2000,0.678
JOR,2001,0.685
JOR,2002,0.692
JOR,2003,0.698
JOR,2004,0.709
JOR,2005,0.716
JOR,2006,0.722
JOR,2007,0.729
JOR,2008,0.734
JOR,2009,0.731
JOR,2010,0.725
JOR,2011,0.721
JOR,2012,0.721
JOR,2013,0.719
JOR,2014,0.719
JOR,2015,0.718
JOR,2016,0.718
JOR,2017,0.718
JOR,2018,0.723
JOR,2019,0.727
JOR,2020,0.723
JOR,2021,0.72
JPN,1990,0.845
JPN,1991,0.849
JPN,1992,0.85
JPN,1993,0.855
JPN,1994,0.861
JPN,1995,0.863
JPN,1996,0.868
JPN,1997,0.871
JPN,1998,0.871
JPN,1999,0.872
JPN,2000,0.877
JPN,2001,0.88
JPN,2002,0.882
JPN,2003,0.884
JPN,2004,0.888
JPN,2005,0.889
JPN,2006,0.892
JPN,2007,0.895
JPN,2008,0.895
JPN,2009,0.896
JPN,2010,0.898
JPN,2011,0.899
JPN,2012,0.905
JPN,2013,0.91
JPN,2014,0.914
JPN,2015,0.918
JPN,2016,0.921
JPN,2017,0.922
JPN,2018,0.923
JPN,2019,0.924
JPN,2020,0.923
JPN,2021,0.925
KAZ,1990,0.673
KAZ,1991,0.668
KAZ,1992,0.667
KAZ,1993,0.663
KAZ,1994,0.657
KAZ,1995,0.655
KAZ,1996,0.659
KAZ,1997,0.663
KAZ,1998,0.666
KAZ,1999,0.671
KAZ,2000,0.68
KAZ,2001,0.695
KAZ,2002,0.706
KAZ,2003,0.718
KAZ,2004,0.73
KAZ,2005,0.739
KAZ,2006,0.752
KAZ,2007,0.758
KAZ,2008,0.758
KAZ,2009,0.761
KAZ,2010,0.767
KAZ,2011,0.775
KAZ,2012,0.783
KAZ,2013,0.792
KAZ,2014,0.799
KAZ,2015,0.805
KAZ,2016,0.805
KAZ,2017,0.811
KAZ,2018,0.814
KAZ,2019,0.819
KAZ,2020,0.814
KAZ,2021,0.811
KEN,1990,0.474
KEN,1991,0.474
KEN,1992,0.473
KEN,1993,0.471
KEN,1994,0.473
KEN,1995,0.475
KEN,1996,0.477
KEN,1997,0.477
KEN,1998,0.479
KEN,1999,0.48
KEN,2000,0.481
KEN,2001,0.485
KEN,2002,0.485
KEN,2003,0.495
KEN,2004,0.508
KEN,2005,0.516
KEN,2006,0.525
KEN,2007,0.533
KEN,2008,0.539
KEN,2009,0.539
KEN,2010,0.545
KEN,2011,0.55
KEN,2012,0.552
KEN,2013,0.554
KEN,2014,0.558
KEN,2015,0.561
KEN,2016,0.569
KEN,2017,0.572
KEN,2018,0.577
KEN,2019,0.581
KEN,2020,0.578
KEN,2021,0.575
KGZ,1990,0.638
KGZ,1991,0.632
KGZ,1992,0.622
KGZ,1993,0.609
KGZ,1994,0.591
KGZ,1995,0.587
KGZ,1996,0.594
KGZ,1997,0.603
KGZ,1998,0.609
KGZ,1999,0.616
KGZ,2000,0.621
KGZ,2001,0.63
KGZ,2002,0.631
KGZ,2003,0.64
KGZ,2004,0.643
KGZ,2005,0.644
KGZ,2006,0.65
KGZ,2007,0.656
KGZ,2008,0.66
KGZ,2009,0.663
KGZ,2010,0.664
KGZ,2011,0.665
KGZ,2012,0.675
KGZ,2013,0.682
KGZ,2014,0.688
KGZ,2015,0.69
KGZ,2016,0.693
KGZ,2017,0.696
KGZ,2018,0.698
KGZ,2019,0.698
KGZ,2020,0.689
KGZ,2021,0.692
KHM,1990,0.378
KHM,1991,0.383
KHM,1992,0.387
KHM,1993,0.39
KHM,1994,0.392
KHM,1995,0.397
KHM,1996,0.4
KHM,1997,0.404
KHM,1998,0.407
KHM,1999,0.416
KHM,2000,0.425
KHM,2001,0.441
KHM,2002,0.461
KHM,2003,0.475
KHM,2004,0.488
KHM,2005,0.499
KHM,2006,0.51
KHM,2007,0.521
KHM,2008,0.528
KHM,2009,0.534
KHM,2010,0.54
KHM,2011,0.548
KHM,2012,0.555
KHM,2013,0.562
KHM,2014,0.569
KHM,2015,0.574
KHM,2016,0.581
KHM,2017,0.586
KHM,2018,0.591
KHM,2019,0.598
KHM,2020,0.596
KHM,2021,0.593
KIR,2000,0.549
KIR,2001,0.59
KIR,2002,0.587
KIR,2003,0.593
KIR,2004,0.59
KIR,2005,0.591
KIR,2006,0.586
KIR,2007,0.587
KIR,2008,0.588
KIR,2009,0.585
KIR,2010,0.589
KIR,2011,0.587
KIR,2012,0.594
KIR,2013,0.602
KIR,2014,0.61
KIR,2015,0.622
KIR,2016,0.617
KIR,2017,0.621
KIR,2018,0.622
KIR,2019,0.63
KIR,2020,0.623
KIR,2021,0.624
KNA,2005,0.746
KNA,2006,0.75
KNA,2007,0.753
KNA,2008,0.757
KNA,2009,0.758
KNA,2010,0.759
KNA,2011,0.764
KNA,2012,0.766
KNA,2013,0.77
KNA,2014,0.772
KNA,2015,0.772
KNA,2016,0.779
KNA,2017,0.778
KNA,2018,0.779
KNA,2019,0.783
KNA,2020,0.779
KNA,2021,0.777
KOR,1990,0.737
KOR,1991,0.747
KOR,1992,0.754
KOR,1993,0.763
KOR,1994,0.773
KOR,1995,0.783
KOR,1996,0.793
KOR,1997,0.806
KOR,1998,0.804
KOR,1999,0.815
KOR,2000,0.825
KOR,2001,0.833
KOR,2002,0.84
KOR,2003,0.844
KOR,2004,0.852
KOR,2005,0.86
KOR,2006,0.866
KOR,2007,0.871
KOR,2008,0.875
KOR,2009,0.877
KOR,2010,0.89
KOR,2011,0.896
KOR,2012,0.897
KOR,2013,0.901
KOR,2014,0.906
KOR,2015,0.909
KOR,2016,0.912
KOR,2017,0.916
KOR,2018,0.919
KOR,2019,0.923
KOR,2020,0.922
KOR,2021,0.925
KWT,1990,0.718
KWT,1991,0.68
KWT,1992,0.678
KWT,1993,0.705
KWT,1994,0.733
KWT,1995,0.759
KWT,1996,0.782
KWT,1997,0.786
KWT,1998,0.789
KWT,1999,0.787
KWT,2000,0.787
KWT,2001,0.781
KWT,2002,0.784
KWT,2003,0.793
KWT,2004,0.797
KWT,2005,0.798
KWT,2006,0.799
KWT,2007,0.802
KWT,2008,0.807
KWT,2009,0.81
KWT,2010,0.813
KWT,2011,0.82
KWT,2012,0.826
KWT,2013,0.819
KWT,2014,0.823
KWT,2015,0.83
KWT,2016,0.833
KWT,2017,0.835
KWT,2018,0.836
KWT,2019,0.839
KWT,2020,0.822
KWT,2021,0.831
LAO,1990,0.405
LAO,1991,0.412
LAO,1992,0.417
LAO,1993,0.424
LAO,1994,0.432
LAO,1995,0.434
LAO,1996,0.447
LAO,1997,0.454
LAO,1998,0.46
LAO,1999,0.466
LAO,2000,0.47
LAO,2001,0.476
LAO,2002,0.484
LAO,2003,0.493
LAO,2004,0.5
LAO,2005,0.51
LAO,2006,0.511
LAO,2007,0.525
LAO,2008,0.532
LAO,2009,0.543
LAO,2010,0.551
LAO,2011,0.563
LAO,2012,0.572
LAO,2013,0.582
LAO,2014,0.592
LAO,2015,0.599
LAO,2016,0.604
LAO,2017,0.607
LAO,2018,0.607
LAO,2019,0.61
LAO,2020,0.608
LAO,2021,0.607
LBN,2005,0.737
LBN,2006,0.734
LBN,2007,0.752
LBN,2008,0.76
LBN,2009,0.767
LBN,2010,0.77
LBN,2011,0.771
LBN,2012,0.762
LBN,2013,0.759
LBN,2014,0.75
LBN,2015,0.746
LBN,2016,0.743
LBN,2017,0.75
LBN,2018,0.75
LBN,2019,0.745
LBN,2020,0.726
LBN,2021,0.706
LBR,1999,0.397
LBR,2000,0.438
LBR,2001,0.443
LBR,2002,0.447
LBR,2003,0.422
LBR,2004,0.434
LBR,2005,0.437
LBR,2006,0.443
LBR,2007,0.448
LBR,2008,0.453
LBR,2009,0.456
LBR,2010,0.46
LBR,2011,0.464
LBR,2012,0.47
LBR,2013,0.475
LBR,2014,0.472
LBR,2015,0.473
LBR,2016,0.478
LBR,2017,0.481
LBR,2018,0.483
LBR,2019,0.484
LBR,2020,0.48
LBR,2021,0.481
LBY,1990,0.666
LBY,1991,0.677
LBY,1992,0.681
LBY,1993,0.684
LBY,1994,0.689
LBY,1995,0.694
LBY,1996,0.699
LBY,1997,0.704
LBY,1998,0.706
LBY,1999,0.709
LBY,2000,0.712
LBY,2001,0.716
LBY,2002,0.716
LBY,2003,0.724
LBY,2004,0.731
LBY,2005,0.735
LBY,2006,0.739
LBY,2007,0.741
LBY,2008,0.741
LBY,2009,0.738
LBY,2010,0.739
LBY,2011,0.69
LBY,2012,0.726
LBY,2013,0.716
LBY,2014,0.699
LBY,2015,0.699
LBY,2016,0.696
LBY,2017,0.714
LBY,2018,0.722
LBY,2019,0.722
LBY,2020,0.703
LBY,2021,0.718
LCA,1990,0.69
LCA,1991,0.691
LCA,1992,0.695
LCA,1993,0.695
LCA,1994,0.695
LCA,1995,0.694
LCA,1996,0.696
LCA,1997,0.695
LCA,1998,0.697
LCA,1999,0.698
LCA,2000,0.698
LCA,2001,0.697
LCA,2002,0.699
LCA,2003,0.701
LCA,2004,0.704
LCA,2005,0.709
LCA,2006,0.718
LCA,2007,0.718
LCA,2008,0.723
LCA,2009,0.725
LCA,2010,0.728
LCA,2011,0.734
LCA,2012,0.734
LCA,2013,0.734
LCA,2014,0.735
LCA,2015,0.737
LCA,2016,0.744
LCA,2017,0.744
LCA,2018,0.746
LCA,2019,0.735
LCA,2020,0.723
LCA,2021,0.715
LIE,2000,0.873
LIE,2001,0.888
LIE,2002,0.891
LIE,2003,0.895
LIE,2004,0.907
LIE,2005,0.901
LIE,2006,0.905
LIE,2007,0.907
LIE,2008,0.917
LIE,2009,0.911
LIE,2010,0.913
LIE,2011,0.918
LIE,2012,0.923
LIE,2013,0.922
LIE,2014,0.92
LIE,2015,0.924
LIE,2016,0.923
LIE,2017,0.933
LIE,2018,0.928
LIE,2019,0.94
LIE,2020,0.933
LIE,2021,0.935
LKA,1990,0.636
LKA,1991,0.641
LKA,1992,0.65
LKA,1993,0.658
LKA,1994,0.663
LKA,1995,0.666
LKA,1996,0.672
LKA,1997,0.678
LKA,1998,0.683
LKA,1999,0.691
LKA,2000,0.688
LKA,2001,0.69
LKA,2002,0.694
LKA,2003,0.699
LKA,2004,0.683
LKA,2005,0.71
LKA,2006,0.714
LKA,2007,0.719
LKA,2008,0.721
LKA,2009,0.713
LKA,2010,0.737
LKA,2011,0.744
LKA,2012,0.751
LKA,2013,0.756
LKA,2014,0.76
LKA,2015,0.764
LKA,2016,0.767
LKA,2017,0.771
LKA,2018,0.776
LKA,2019,0.778
LKA,2020,0.78
LKA,2021,0.782
LSO,1990,0.479
LSO,1991,0.478
LSO,1992,0.476
LSO,1993,0.472
LSO,1994,0.475
LSO,1995,0.472
LSO,1996,0.467
LSO,1997,0.462
LSO,1998,0.46
LSO,1999,0.452
LSO,2000,0.452
LSO,2001,0.448
LSO,2002,0.446
LSO,2003,0.449
LSO,2004,0.448
LSO,2005,0.448
LSO,2006,0.446
LSO,2007,0.452
LSO,2008,0.457
LSO,2009,0.457
LSO,2010,0.467
LSO,2011,0.475
LSO,2012,0.486
LSO,2013,0.49
LSO,2014,0.496
LSO,2015,0.503
LSO,2016,0.514
LSO,2017,0.518
LSO,2018,0.522
LSO,2019,0.524
LSO,2020,0.521
LSO,2021,0.514
LTU,1990,0.734
LTU,1991,0.729
LTU,1992,0.714
LTU,1993,0.697
LTU,1994,0.693
LTU,1995,0.701
LTU,1996,0.717
LTU,1997,0.732
LTU,1998,0.744
LTU,1999,0.753
LTU,2000,0.766
LTU,2001,0.776
LTU,2002,0.786
LTU,2003,0.8
LTU,2004,0.809
LTU,2005,0.817
LTU,2006,0.823
LTU,2007,0.83
LTU,2008,0.84
LTU,2009,0.839
LTU,2010,0.842
LTU,2011,0.849
LTU,2012,0.851
LTU,2013,0.854
LTU,2014,0.861
LTU,2015,0.862
LTU,2016,0.868
LTU,2017,0.876
LTU,2018,0.88
LTU,2019,0.884
LTU,2020,0.879
LTU,2021,0.875
LUX,1990,0.786
LUX,1991,0.796
LUX,1992,0.8
LUX,1993,0.81
LUX,1994,0.819
LUX,1995,0.824
LUX,1996,0.832
LUX,1997,0.839
LUX,1998,0.846
LUX,1999,0.861
LUX,2000,0.864
LUX,2001,0.869
LUX,2002,0.874
LUX,2003,0.873
LUX,2004,0.882
LUX,2005,0.884
LUX,2006,0.885
LUX,2007,0.887
LUX,2008,0.9
LUX,2009,0.905
LUX,2010,0.912
LUX,2011,0.913
LUX,2012,0.916
LUX,2013,0.921
LUX,2014,0.926
LUX,2015,0.915
LUX,2016,0.923
LUX,2017,0.919
LUX,2018,0.922
LUX,2019,0.927
LUX,2020,0.924
LUX,2021,0.93
LVA,1990,0.73
LVA,1991,0.727
LVA,1992,0.706
LVA,1993,0.69
LVA,1994,0.687
LVA,1995,0.696
LVA,1996,0.711
LVA,1997,0.722
LVA,1998,0.733
LVA,1999,0.746
LVA,2000,0.756
LVA,2001,0.767
LVA,2002,0.778
LVA,2003,0.787
LVA,2004,0.799
LVA,2005,0.808
LVA,2006,0.815
LVA,2007,0.82
LVA,2008,0.827
LVA,2009,0.826
LVA,2010,0.824
LVA,2011,0.831
LVA,2012,0.833
LVA,2013,0.843
LVA,2014,0.846
LVA,2015,0.85
LVA,2016,0.855
LVA,2017,0.86
LVA,2018,0.866
LVA,2019,0.871
LVA,2020,0.871
LVA,2021,0.863
MAR,1990,0.447
MAR,1991,0.453
MAR,1992,0.457
MAR,1993,0.463
MAR,1994,0.475
MAR,1995,0.478
MAR,1996,0.49
MAR,1997,0.494
MAR,1998,0.501
MAR,1999,0.511
MAR,2000,0.521
MAR,2001,0.532
MAR,2002,0.542
MAR,2003,0.552
MAR,2004,0.56
MAR,2005,0.567
MAR,2006,0.573
MAR,2007,0.581
MAR,2008,0.588
MAR,2009,0.594
MAR,2010,0.603
MAR,2011,0.614
MAR,2012,0.624
MAR,2013,0.635
MAR,2014,0.644
MAR,2015,0.654
MAR,2016,0.661
MAR,2017,0.67
MAR,2018,0.676
MAR,2019,0.682
MAR,2020,0.679
MAR,2021,0.683
MDA,1990,0.653
MDA,1991,0.644
MDA,1992,0.632
MDA,1993,0.634
MDA,1994,0.614
MDA,1995,0.618
MDA,1996,0.617
MDA,1997,0.626
MDA,1998,0.628
MDA,1999,0.631
MDA,2000,0.641
MDA,2001,0.652
MDA,2002,0.663
MDA,2003,0.674
MDA,2004,0.685
MDA,2005,0.695
MDA,2006,0.704
MDA,2007,0.713
MDA,2008,0.723
MDA,2009,0.723
MDA,2010,0.73
MDA,2011,0.736
MDA,2012,0.741
MDA,2013,0.746
MDA,2014,0.75
MDA,2015,0.749
MDA,2016,0.756
MDA,2017,0.765
MDA,2018,0.768
MDA,2019,0.774
MDA,2020,0.766
MDA,2021,0.767
MDG,1999,0.436
MDG,2000,0.443
MDG,2001,0.451
MDG,2002,0.447
MDG,2003,0.457
MDG,2004,0.465
MDG,2005,0.469
MDG,2006,0.475
MDG,2007,0.482
MDG,2008,0.49
MDG,2009,0.493
MDG,2010,0.492
MDG,2011,0.494
MDG,2012,0.496
MDG,2013,0.499
MDG,2014,0.502
MDG,2015,0.504
MDG,2016,0.505
MDG,2017,0.507
MDG,2018,0.507
MDG,2019,0.51
MDG,2020,0.501
MDG,2021,0.501
MDV,1995,0.582
MDV,1996,0.593
MDV,1997,0.6
MDV,1998,0.606
MDV,1999,0.619
MDV,2000,0.628
MDV,2001,0.633
MDV,2002,0.636
MDV,2003,0.65
MDV,2004,0.65
MDV,2005,0.649
MDV,2006,0.664
MDV,2007,0.665
MDV,2008,0.677
MDV,2009,0.68
MDV,2010,0.688
MDV,2011,0.7
MDV,2012,0.709
MDV,2013,0.718
MDV,2014,0.728
MDV,2015,0.736
MDV,2016,0.741
MDV,2017,0.746
MDV,2018,0.75
MDV,2019,0.755
MDV,2020,0.734
MDV,2021,0.747
MEX,1990,0.662
MEX,1991,0.664
MEX,1992,0.667
MEX,1993,0.669
MEX,1994,0.674
MEX,1995,0.674
MEX,1996,0.681
MEX,1997,0.688
MEX,1998,0.696
MEX,1999,0.702
MEX,2000,0.709
MEX,2001,0.712
MEX,2002,0.719
MEX,2003,0.725
MEX,2004,0.73
MEX,2005,0.733
MEX,2006,0.741
MEX,2007,0.743
MEX,2008,0.745
MEX,2009,0.745
MEX,2010,0.746
MEX,2011,0.752
MEX,2012,0.76
MEX,2013,0.76
MEX,2014,0.764
MEX,2015,0.768
MEX,2016,0.772
MEX,2017,0.775
MEX,2018,0.777
MEX,2019,0.779
MEX,2020,0.756
MEX,2021,0.758
MHL,2011,0.633
MHL,2012,0.628
MHL,2013,0.632
MHL,2014,0.633
MHL,2015,0.638
MHL,2016,0.637
MHL,2017,0.638
MHL,2018,0.639
MHL,2019,0.64
MHL,2020,0.639
MHL,2021,0.639
MKD,1995,0.642
MKD,1996,0.65
MKD,1997,0.655
MKD,1998,0.661
MKD,1999,0.669
MKD,2000,0.675
MKD,2001,0.679
MKD,2002,0.683
MKD,2003,0.688
MKD,2004,0.694
MKD,2005,0.699
MKD,2006,0.707
MKD,2007,0.711
MKD,2008,0.73
MKD,2009,0.733
MKD,2010,0.738
MKD,2011,0.741
MKD,2012,0.743
MKD,2013,0.75
MKD,2014,0.755
MKD,2015,0.762
MKD,2016,0.767
MKD,2017,0.773
MKD,2018,0.779
MKD,2019,0.784
MKD,2020,0.774
MKD,2021,0.77
MLI,1994,0.301681516
MLI,1995,0.307864901
MLI,1996,0.317089576
MLI,1997,0.329594081
MLI,1998,0.339244435
MLI,1999,0.311
MLI,2000,0.317
MLI,2001,0.329
MLI,2002,0.338
MLI,2003,0.35
MLI,2004,0.357
MLI,2005,0.366
MLI,2006,0.375
MLI,2007,0.382
MLI,2008,0.39
MLI,2009,0.397
MLI,2010,0.404
MLI,2011,0.409
MLI,2012,0.407
MLI,2013,0.407
MLI,2014,0.415
MLI,2015,0.416
MLI,2016,0.421
MLI,2017,0.426
MLI,2018,0.43
MLI,2019,0.433
MLI,2020,0.427
MLI,2021,0.428
MLT,1990,0.73
MLT,1991,0.733
MLT,1992,0.737
MLT,1993,0.747
MLT,1994,0.751
MLT,1995,0.758
MLT,1996,0.756
MLT,1997,0.766
MLT,1998,0.776
MLT,1999,0.78
MLT,2000,0.779
MLT,2001,0.796
MLT,2002,0.8
MLT,2003,0.812
MLT,2004,0.825
MLT,2005,0.832
MLT,2006,0.831
MLT,2007,0.837
MLT,2008,0.841
MLT,2009,0.847
MLT,2010,0.861
MLT,2011,0.857
MLT,2012,0.864
MLT,2013,0.872
MLT,2014,0.881
MLT,2015,0.889
MLT,2016,0.891
MLT,2017,0.901
MLT,2018,0.91
MLT,2019,0.915
MLT,2020,0.911
MLT,2021,0.918
MMR,1990,0.333
MMR,1991,0.343
MMR,1992,0.356
MMR,1993,0.363
MMR,1994,0.369
MMR,1995,0.374
MMR,1996,0.381
MMR,1997,0.385
MMR,1998,0.392
MMR,1999,0.401
MMR,2000,0.41
MMR,2001,0.42
MMR,2002,0.43
MMR,2003,0.44
MMR,2004,0.45
MMR,2005,0.46
MMR,2006,0.47
MMR,2007,0.48
MMR,2008,0.465
MMR,2009,0.501
MMR,2010,0.51
MMR,2011,0.521
MMR,2012,0.531
MMR,2013,0.543
MMR,2014,0.553
MMR,2015,0.562
MMR,2016,0.572
MMR,2017,0.58
MMR,2018,0.59
MMR,2019,0.598
MMR,2020,0.6
MMR,2021,0.585
MNE,2003,0.756
MNE,2004,0.764
MNE,2005,0.767
MNE,2006,0.776
MNE,2007,0.787
MNE,2008,0.8
MNE,2009,0.8
MNE,2010,0.808
MNE,2011,0.811
MNE,2012,0.812
MNE,2013,0.817
MNE,2014,0.819
MNE,2015,0.822
MNE,2016,0.824
MNE,2017,0.83
MNE,2018,0.834
MNE,2019,0.837
MNE,2020,0.826
MNE,2021,0.832
MNG,1990,0.579
MNG,1991,0.575
MNG,1992,0.564
MNG,1993,0.551
MNG,1994,0.555
MNG,1995,0.56
MNG,1996,0.564
MNG,1997,0.572
MNG,1998,0.583
MNG,1999,0.591
MNG,2000,0.598
MNG,2001,0.609
MNG,2002,0.617
MNG,2003,0.631
MNG,2004,0.647
MNG,2005,0.658
MNG,2006,0.669
MNG,2007,0.68
MNG,2008,0.691
MNG,2009,0.695
MNG,2010,0.701
MNG,2011,0.709
MNG,2012,0.718
MNG,2013,0.726
MNG,2014,0.729
MNG,2015,0.732
MNG,2016,0.733
MNG,2017,0.732
MNG,2018,0.743
MNG,2019,0.746
MNG,2020,0.745
MNG,2021,0.739
MOZ,1998,0.308218098
MOZ,1999,0.321316125
MOZ,2000,0.303
MOZ,2001,0.316
MOZ,2002,0.324
MOZ,2003,0.337
MOZ,2004,0.347
MOZ,2005,0.357
MOZ,2006,0.364
MOZ,2007,0.377
MOZ,2008,0.387
MOZ,2009,0.395
MOZ,2010,0.402
MOZ,2011,0.407
MOZ,2012,0.413
MOZ,2013,0.427
MOZ,2014,0.433
MOZ,2015,0.44
MOZ,2016,0.443
MOZ,2017,0.445
MOZ,2018,0.451
MOZ,2019,0.456
MOZ,2020,0.453
MOZ,2021,0.446
MRT,1990,0.397
MRT,1991,0.402
MRT,1992,0.411
MRT,1993,0.423
MRT,1994,0.435
MRT,1995,0.441
MRT,1996,0.449
MRT,1997,0.45
MRT,1998,0.459
MRT,1999,0.465
MRT,2000,0.465
MRT,2001,0.466
MRT,2002,0.47
MRT,2003,0.475
MRT,2004,0.486
MRT,2005,0.49
MRT,2006,0.5
MRT,2007,0.499
MRT,2008,0.499
MRT,2009,0.508
MRT,2010,0.51
MRT,2011,0.515
MRT,2012,0.523
MRT,2013,0.531
MRT,2014,0.537
MRT,2015,0.544
MRT,2016,0.541
MRT,2017,0.545
MRT,2018,0.556
MRT,2019,0.563
MRT,2020,0.556
MRT,2021,0.556
MUS,1990,0.626
MUS,1991,0.633
MUS,1992,0.639
MUS,1993,0.643
MUS,1994,0.646
MUS,1995,0.651
MUS,1996,0.654
MUS,1997,0.66
MUS,1998,0.667
MUS,1999,0.674
MUS,2000,0.681
MUS,2001,0.69
MUS,2002,0.694
MUS,2003,0.703
MUS,2004,0.71
MUS,2005,0.719
MUS,2006,0.726
MUS,2007,0.734
MUS,2008,0.741
MUS,2009,0.749
MUS,2010,0.755
MUS,2011,0.762
MUS,2012,0.775
MUS,2013,0.782
MUS,2014,0.793
MUS,2015,0.795
MUS,2016,0.801
MUS,2017,0.805
MUS,2018,0.811
MUS,2019,0.817
MUS,2020,0.804
MUS,2021,0.802
MWI,1990,0.303
MWI,1991,0.309
MWI,1992,0.319
MWI,1993,0.327
MWI,1994,0.326
MWI,1995,0.367
MWI,1996,0.368
MWI,1997,0.369
MWI,1998,0.369
MWI,1999,0.375
MWI,2000,0.374
MWI,2001,0.38
MWI,2002,0.386
MWI,2003,0.393
MWI,2004,0.4
MWI,2005,0.406
MWI,2006,0.415
MWI,2007,0.423
MWI,2008,0.433
MWI,2009,0.445
MWI,2010,0.456
MWI,2011,0.463
MWI,2012,0.47
MWI,2013,0.478
MWI,2014,0.487
MWI,2015,0.491
MWI,2016,0.498
MWI,2017,0.505
MWI,2018,0.51
MWI,2019,0.519
MWI,2020,0.516
MWI,2021,0.512
MYS,1990,0.64
MYS,1991,0.648
MYS,1992,0.656
MYS,1993,0.663
MYS,1994,0.671
MYS,1995,0.679
MYS,1996,0.689
MYS,1997,0.7
MYS,1998,0.703
MYS,1999,0.709
MYS,2000,0.721
MYS,2001,0.722
MYS,2002,0.724
MYS,2003,0.732
MYS,2004,0.735
MYS,2005,0.732
MYS,2006,0.736
MYS,2007,0.747
MYS,2008,0.756
MYS,2009,0.762
MYS,2010,0.769
MYS,2011,0.773
MYS,2012,0.78
MYS,2013,0.785
MYS,2014,0.792
MYS,2015,0.797
MYS,2016,0.803
MYS,2017,0.805
MYS,2018,0.807
MYS,2019,0.81
MYS,2020,0.806
MYS,2021,0.803
NAM,1990,0.579
NAM,1991,0.585
NAM,1992,0.588
NAM,1993,0.588
NAM,1994,0.587
NAM,1995,0.582
NAM,1996,0.571
NAM,1997,0.562
NAM,1998,0.557
NAM,1999,0.548
NAM,2000,0.546
NAM,2001,0.543
NAM,2002,0.545
NAM,2003,0.548
NAM,2004,0.552
NAM,2005,0.555
NAM,2006,0.561
NAM,2007,0.569
NAM,2008,0.576
NAM,2009,0.581
NAM,2010,0.585
NAM,2011,0.592
NAM,2012,0.601
NAM,2013,0.611
NAM,2014,0.621
NAM,2015,0.628
NAM,2016,0.632
NAM,2017,0.635
NAM,2018,0.636
NAM,2019,0.639
NAM,2020,0.633
NAM,2021,0.615
NER,1999,0.300921504
NER,2000,0.303792423
NER,2001,0.309628118
NER,2002,0.315148623
NER,2003,0.320181949
NER,2004,0.330408371
NER,2005,0.340127951
NER,2006,0.306
NER,2007,0.311
NER,2008,0.32
NER,2009,0.327
NER,2010,0.338
NER,2011,0.346
NER,2012,0.354
NER,2013,0.362
NER,2014,0.37
NER,2015,0.376
NER,2016,0.383
NER,2017,0.39
NER,2018,0.399
NER,2019,0.406
NER,2020,0.401
NER,2021,0.4
NGA,2003,0.45
NGA,2004,0.462
NGA,2005,0.469
NGA,2006,0.477
NGA,2007,0.48
NGA,2008,0.484
NGA,2009,0.484
NGA,2010,0.482
NGA,2011,0.492
NGA,2012,0.499
NGA,2013,0.506
NGA,2014,0.512
NGA,2015,0.516
NGA,2016,0.521
NGA,2017,0.526
NGA,2018,0.531
NGA,2019,0.538
NGA,2020,0.535
NGA,2021,0.535
NIC,1990,0.49
NIC,1991,0.5
NIC,1992,0.505
NIC,1993,0.508
NIC,1994,0.513
NIC,1995,0.522
NIC,1996,0.532
NIC,1997,0.542
NIC,1998,0.544
NIC,1999,0.559
NIC,2000,0.566
NIC,2001,0.571
NIC,2002,0.575
NIC,2003,0.578
NIC,2004,0.582
NIC,2005,0.588
NIC,2006,0.593
NIC,2007,0.599
NIC,2008,0.605
NIC,2009,0.606
NIC,2010,0.614
NIC,2011,0.622
NIC,2012,0.629
NIC,2013,0.634
NIC,2014,0.641
NIC,2015,0.647
NIC,2016,0.653
NIC,2017,0.659
NIC,2018,0.662
NIC,2019,0.664
NIC,2020,0.654
NIC,2021,0.667
NLD,1990,0.847
NLD,1991,0.852
NLD,1992,0.853
NLD,1993,0.855
NLD,1994,0.881
NLD,1995,0.878
NLD,1996,0.882
NLD,1997,0.883
NLD,1998,0.886
NLD,1999,0.888
NLD,2000,0.893
NLD,2001,0.895
NLD,2002,0.892
NLD,2003,0.894
NLD,2004,0.897
NLD,2005,0.899
NLD,2006,0.906
NLD,2007,0.912
NLD,2008,0.912
NLD,2009,0.913
NLD,2010,0.917
NLD,2011,0.927
NLD,2012,0.927
NLD,2013,0.929
NLD,2014,0.931
NLD,2015,0.932
NLD,2016,0.933
NLD,2017,0.937
NLD,2018,0.939
NLD,2019,0.943
NLD,2020,0.939
NLD,2021,0.941
NOR,1990,0.838
NOR,1991,0.845
NOR,1992,0.851
NOR,1993,0.858
NOR,1994,0.873
NOR,1995,0.871
NOR,1996,0.879
NOR,1997,0.885
NOR,1998,0.895
NOR,1999,0.901
NOR,2000,0.913
NOR,2001,0.911
NOR,2002,0.912
NOR,2003,0.919
NOR,2004,0.927
NOR,2005,0.931
NOR,2006,0.937
NOR,2007,0.938
NOR,2008,0.94
NOR,2009,0.936
NOR,2010,0.941
NOR,2011,0.944
NOR,2012,0.946
NOR,2013,0.949
NOR,2014,0.952
NOR,2015,0.953
NOR,2016,0.955
NOR,2017,0.959
NOR,2018,0.962
NOR,2019,0.961
NOR,2020,0.959
NOR,2021,0.961
NPL,1990,0.399
NPL,1991,0.408
NPL,1992,0.416
NPL,1993,0.421
NPL,1994,0.428
NPL,1995,0.433
NPL,1996,0.442
NPL,1997,0.449
NPL,1998,0.455
NPL,1999,0.461
NPL,2000,0.467
NPL,2001,0.469
NPL,2002,0.476
NPL,2003,0.482
NPL,2004,0.489
NPL,2005,0.495
NPL,2006,0.505
NPL,2007,0.509
NPL,2008,0.518
NPL,2009,0.53
NPL,2010,0.543
NPL,2011,0.553
NPL,2012,0.561
NPL,2013,0.57
NPL,2014,0.576
NPL,2015,0.579
NPL,2016,0.586
NPL,2017,0.594
NPL,2018,0.601
NPL,2019,0.611
NPL,2020,0.604
NPL,2021,0.602
NZL,1990,0.806
NZL,1991,0.811
NZL,1992,0.818
NZL,1993,0.833
NZL,1994,0.846
NZL,1995,0.853
NZL,1996,0.857
NZL,1997,0.865
NZL,1998,0.874
NZL,1999,0.878
NZL,2000,0.887
NZL,2001,0.894
NZL,2002,0.897
NZL,2003,0.903
NZL,2004,0.906
NZL,2005,0.912
NZL,2006,0.913
NZL,2007,0.916
NZL,2008,0.915
NZL,2009,0.919
NZL,2010,0.922
NZL,2011,0.922
NZL,2012,0.924
NZL,2013,0.929
NZL,2014,0.93
NZL,2015,0.931
NZL,2016,0.934
NZL,2017,0.935
NZL,2018,0.936
NZL,2019,0.937
NZL,2020,0.936
NZL,2021,0.937
OMN,2000,0.705
OMN,2001,0.716
OMN,2002,0.723
OMN,2003,0.731
OMN,2004,0.739
OMN,2005,0.745
OMN,2006,0.753
OMN,2007,0.762
OMN,2008,0.772
OMN,2009,0.783
OMN,2010,0.788
OMN,2011,0.793
OMN,2012,0.802
OMN,2013,0.809
OMN,2014,0.814
OMN,2015,0.823
OMN,2016,0.833
OMN,2017,0.831
OMN,2018,0.834
OMN,2019,0.839
OMN,2020,0.827
OMN,2021,0.816
PAK,1990,0.4
PAK,1991,0.404
PAK,1992,0.409
PAK,1993,0.41
PAK,1994,0.414
PAK,1995,0.417
PAK,1996,0.423
PAK,1997,0.425
PAK,1998,0.43
PAK,1999,0.435
PAK,2000,0.441
PAK,2001,0.448
PAK,2002,0.454
PAK,2003,0.462
PAK,2004,0.475
PAK,2005,0.484
PAK,2006,0.493
PAK,2007,0.499
PAK,2008,0.498
PAK,2009,0.502
PAK,2010,0.505
PAK,2011,0.508
PAK,2012,0.513
PAK,2013,0.518
PAK,2014,0.527
PAK,2015,0.534
PAK,2016,0.541
PAK,2017,0.543
PAK,2018,0.545
PAK,2019,0.546
PAK,2020,0.543
PAK,2021,0.544
PAN,1990,0.669
PAN,1991,0.672
PAN,1992,0.678
PAN,1993,0.685
PAN,1994,0.687
PAN,1995,0.69
PAN,1996,0.697
PAN,1997,0.703
PAN,1998,0.71
PAN,1999,0.715
PAN,2000,0.721
PAN,2001,0.726
PAN,2002,0.733
PAN,2003,0.737
PAN,2004,0.743
PAN,2005,0.749
PAN,2006,0.754
PAN,2007,0.763
PAN,2008,0.767
PAN,2009,0.769
PAN,2010,0.773
PAN,2011,0.779
PAN,2012,0.785
PAN,2013,0.79
PAN,2014,0.794
PAN,2015,0.8
PAN,2016,0.805
PAN,2017,0.811
PAN,2018,0.814
PAN,2019,0.817
PAN,2020,0.801
PAN,2021,0.805
PER,1990,0.621
PER,1991,0.625
PER,1992,0.625
PER,1993,0.629
PER,1994,0.639
PER,1995,0.647
PER,1996,0.651
PER,1997,0.656
PER,1998,0.664
PER,1999,0.673
PER,2000,0.676
PER,2001,0.684
PER,2002,0.685
PER,2003,0.684
PER,2004,0.69
PER,2005,0.686
PER,2006,0.691
PER,2007,0.7
PER,2008,0.708
PER,2009,0.711
PER,2010,0.725
PER,2011,0.732
PER,2012,0.742
PER,2013,0.75
PER,2014,0.755
PER,2015,0.759
PER,2016,0.765
PER,2017,0.77
PER,2018,0.776
PER,2019,0.78
PER,2020,0.762
PER,2021,0.762
PHL,1990,0.598
PHL,1991,0.599
PHL,1992,0.603
PHL,1993,0.606
PHL,1994,0.609
PHL,1995,0.612
PHL,1996,0.62
PHL,1997,0.625
PHL,1998,0.63
PHL,1999,0.633
PHL,2000,0.633
PHL,2001,0.638
PHL,2002,0.645
PHL,2003,0.65
PHL,2004,0.657
PHL,2005,0.658
PHL,2006,0.659
PHL,2007,0.664
PHL,2008,0.668
PHL,2009,0.667
PHL,2010,0.674
PHL,2011,0.679
PHL,2012,0.685
PHL,2013,0.692
PHL,2014,0.696
PHL,2015,0.698
PHL,2016,0.7
PHL,2017,0.704
PHL,2018,0.71
PHL,2019,0.718
PHL,2020,0.71
PHL,2021,0.699
PLW,2000,0.739
PLW,2001,0.745
PLW,2002,0.75
PLW,2003,0.754
PLW,2004,0.756
PLW,2005,0.767
PLW,2006,0.769
PLW,2007,0.773
PLW,2008,0.772
PLW,2009,0.771
PLW,2010,0.773
PLW,2011,0.776
PLW,2012,0.776
PLW,2013,0.779
PLW,2014,0.779
PLW,2015,0.78
PLW,2016,0.778
PLW,2017,0.775
PLW,2018,0.778
PLW,2019,0.776
PLW,2020,0.773
PLW,2021,0.767
PNG,1990,0.37
PNG,1991,0.38
PNG,1992,0.391
PNG,1993,0.405
PNG,1994,0.419
PNG,1995,0.423
PNG,1996,0.43
PNG,1997,0.432
PNG,1998,0.435
PNG,1999,0.444
PNG,2000,0.447
PNG,2001,0.451
PNG,2002,0.455
PNG,2003,0.461
PNG,2004,0.461
PNG,2005,0.466
PNG,2006,0.469
PNG,2007,0.478
PNG,2008,0.484
PNG,2009,0.49
PNG,2010,0.499
PNG,2011,0.504
PNG,2012,0.513
PNG,2013,0.518
PNG,2014,0.533
PNG,2015,0.541
PNG,2016,0.547
PNG,2017,0.552
PNG,2018,0.554
PNG,2019,0.56
PNG,2020,0.56
PNG,2021,0.558
POL,1990,0.716
POL,1991,0.713
POL,1992,0.718
POL,1993,0.731
POL,1994,0.741
POL,1995,0.746
POL,1996,0.755
POL,1997,0.766
POL,1998,0.776
POL,1999,0.783
POL,2000,0.793
POL,2001,0.799
POL,2002,0.806
POL,2003,0.811
POL,2004,0.809
POL,2005,0.815
POL,2006,0.82
POL,2007,0.825
POL,2008,0.831
POL,2009,0.835
POL,2010,0.841
POL,2011,0.847
POL,2012,0.852
POL,2013,0.863
POL,2014,0.865
POL,2015,0.868
POL,2016,0.872
POL,2017,0.875
POL,2018,0.877
POL,2019,0.881
POL,2020,0.876
POL,2021,0.876
PRT,1990,0.701
PRT,1991,0.711
PRT,1992,0.727
PRT,1993,0.741
PRT,1994,0.754
PRT,1995,0.761
PRT,1996,0.769
PRT,1997,0.778
PRT,1998,0.786
PRT,1999,0.785
PRT,2000,0.791
PRT,2001,0.797
PRT,2002,0.798
PRT,2003,0.802
PRT,2004,0.805
PRT,2005,0.806
PRT,2006,0.811
PRT,2007,0.818
PRT,2008,0.822
PRT,2009,0.825
PRT,2010,0.829
PRT,2011,0.835
PRT,2012,0.836
PRT,2013,0.845
PRT,2014,0.848
PRT,2015,0.85
PRT,2016,0.853
PRT,2017,0.859
PRT,2018,0.86
PRT,2019,0.867
PRT,2020,0.863
PRT,2021,0.866
PRY,1990,0.595
PRY,1991,0.6
PRY,1992,0.605
PRY,1993,0.612
PRY,1994,0.617
PRY,1995,0.623
PRY,1996,0.632
PRY,1997,0.638
PRY,1998,0.644
PRY,1999,0.649
PRY,2000,0.649
PRY,2001,0.655
PRY,2002,0.662
PRY,2003,0.655
PRY,2004,0.662
PRY,2005,0.664
PRY,2006,0.664
PRY,2007,0.669
PRY,2008,0.679
PRY,2009,0.677
PRY,2010,0.685
PRY,2011,0.696
PRY,2012,0.702
PRY,2013,0.715
PRY,2014,0.716
PRY,2015,0.723
PRY,2016,0.721
PRY,2017,0.724
PRY,2018,0.727
PRY,2019,0.732
PRY,2020,0.73
PRY,2021,0.717
PSE,2004,0.651
PSE,2005,0.662
PSE,2006,0.663
PSE,2007,0.672
PSE,2008,0.677
PSE,2009,0.682
PSE,2010,0.687
PSE,2011,0.694
PSE,2012,0.701
PSE,2013,0.703
PSE,2014,0.698
PSE,2015,0.71
PSE,2016,0.715
PSE,2017,0.719
PSE,2018,0.723
PSE,2019,0.727
PSE,2020,0.716
PSE,2021,0.715
QAT,1990,0.758
QAT,1991,0.754
QAT,1992,0.756
QAT,1993,0.763
QAT,1994,0.77
QAT,1995,0.775
QAT,1996,0.782
QAT,1997,0.795
QAT,1998,0.799
QAT,1999,0.802
QAT,2000,0.801
QAT,2001,0.803
QAT,2002,0.809
QAT,2003,0.819
QAT,2004,0.822
QAT,2005,0.827
QAT,2006,0.825
QAT,2007,0.834
QAT,2008,0.84
QAT,2009,0.838
QAT,2010,0.834
QAT,2011,0.844
QAT,2012,0.829
QAT,2013,0.834
QAT,2014,0.839
QAT,2015,0.846
QAT,2016,0.85
QAT,2017,0.849
QAT,2018,0.853
QAT,2019,0.859
QAT,2020,0.854
QAT,2021,0.855
ROU,1990,0.703
ROU,1991,0.689
ROU,1992,0.679
ROU,1993,0.68
ROU,1994,0.682
ROU,1995,0.688
ROU,1996,0.693
ROU,1997,0.696
ROU,1998,0.7
ROU,1999,0.708
ROU,2000,0.715
ROU,2001,0.722
ROU,2002,0.729
ROU,2003,0.732
ROU,2004,0.742
ROU,2005,0.756
ROU,2006,0.77
ROU,2007,0.786
ROU,2008,0.806
ROU,2009,0.809
ROU,2010,0.807
ROU,2011,0.808
ROU,2012,0.805
ROU,2013,0.81
ROU,2014,0.811
ROU,2015,0.813
ROU,2016,0.816
ROU,2017,0.823
ROU,2018,0.827
ROU,2019,0.832
ROU,2020,0.824
ROU,2021,0.821
RUS,1990,0.743
RUS,1991,0.741
RUS,1992,0.728
RUS,1993,0.71
RUS,1994,0.698
RUS,1995,0.698
RUS,1996,0.708
RUS,1997,0.716
RUS,1998,0.719
RUS,1999,0.721
RUS,2000,0.732
RUS,2001,0.74
RUS,2002,0.746
RUS,2003,0.754
RUS,2004,0.761
RUS,2005,0.764
RUS,2006,0.775
RUS,2007,0.786
RUS,2008,0.791
RUS,2009,0.789
RUS,2010,0.796
RUS,2011,0.808
RUS,2012,0.811
RUS,2013,0.817
RUS,2014,0.818
RUS,2015,0.824
RUS,2016,0.828
RUS,2017,0.833
RUS,2018,0.841
RUS,2019,0.845
RUS,2020,0.83
RUS,2021,0.822
RWA,1995,0.308914003
RWA,1996,0.319764082
RWA,1997,0.302
RWA,1998,0.309
RWA,1999,0.324
RWA,2000,0.34
RWA,2001,0.35
RWA,2002,0.369
RWA,2003,0.385
RWA,2004,0.406
RWA,2005,0.422
RWA,2006,0.442
RWA,2007,0.456
RWA,2008,0.467
RWA,2009,0.48
RWA,2010,0.489
RWA,2011,0.497
RWA,2012,0.506
RWA,2013,0.508
RWA,2014,0.513
RWA,2015,0.515
RWA,2016,0.524
RWA,2017,0.526
RWA,2018,0.528
RWA,2019,0.534
RWA,2020,0.532
RWA,2021,0.534
SAU,1990,0.678
SAU,1991,0.688
SAU,1992,0.694
SAU,1993,0.699
SAU,1994,0.704
SAU,1995,0.709
SAU,1996,0.715
SAU,1997,0.72
SAU,1998,0.727
SAU,1999,0.73
SAU,2000,0.737
SAU,2001,0.744
SAU,2002,0.75
SAU,2003,0.76
SAU,2004,0.77
SAU,2005,0.78
SAU,2006,0.787
SAU,2007,0.794
SAU,2008,0.802
SAU,2009,0.807
SAU,2010,0.816
SAU,2011,0.828
SAU,2012,0.837
SAU,2013,0.845
SAU,2014,0.852
SAU,2015,0.859
SAU,2016,0.864
SAU,2017,0.86
SAU,2018,0.865
SAU,2019,0.873
SAU,2020,0.87
SAU,2021,0.875
SDN,1990,0.336
SDN,1991,0.342
SDN,1992,0.331
SDN,1993,0.34
SDN,1994,0.383
SDN,1995,0.371
SDN,1996,0.379
SDN,1997,0.388
SDN,1998,0.376
SDN,1999,0.413
SDN,2000,0.424
SDN,2001,0.431
SDN,2002,0.436
SDN,2003,0.439
SDN,2004,0.441
SDN,2005,0.448
SDN,2006,0.465
SDN,2007,0.47
SDN,2008,0.478
SDN,2009,0.486
SDN,2010,0.486
SDN,2011,0.487
SDN,2012,0.493
SDN,2013,0.497
SDN,2014,0.504
SDN,2015,0.508
SDN,2016,0.511
SDN,2017,0.514
SDN,2018,0.514
SDN,2019,0.514
SDN,2020,0.51
SDN,2021,0.508
SEN,1990,0.373
SEN,1991,0.374
SEN,1992,0.375
SEN,1993,0.374
SEN,1994,0.374
SEN,1995,0.375
SEN,1996,0.376
SEN,1997,0.377
SEN,1998,0.379
SEN,1999,0.382
SEN,2000,0.388
SEN,2001,0.394
SEN,2002,0.398
SEN,2003,0.405
SEN,2004,0.412
SEN,2005,0.419
SEN,2006,0.427
SEN,2007,0.439
SEN,2008,0.451
SEN,2009,0.459
SEN,2010,0.468
SEN,2011,0.482
SEN,2012,0.49
SEN,2013,0.496
SEN,2014,0.502
SEN,2015,0.505
SEN,2016,0.507
SEN,2017,0.509
SEN,2018,0.512
SEN,2019,0.513
SEN,2020,0.513
SEN,2021,0.511
SGP,1990,0.727
SGP,1991,0.737
SGP,1992,0.748
SGP,1993,0.758
SGP,1994,0.77
SGP,1995,0.779
SGP,1996,0.789
SGP,1997,0.802
SGP,1998,0.81
SGP,1999,0.82
SGP,2000,0.831
SGP,2001,0.833
SGP,2002,0.84
SGP,2003,0.845
SGP,2004,0.851
SGP,2005,0.875
SGP,2006,0.881
SGP,2007,0.887
SGP,2008,0.892
SGP,2009,0.892
SGP,2010,0.91
SGP,2011,0.915
SGP,2012,0.92
SGP,2013,0.923
SGP,2014,0.928
SGP,2015,0.93
SGP,2016,0.934
SGP,2017,0.935
SGP,2018,0.94
SGP,2019,0.943
SGP,2020,0.939
SGP,2021,0.939
SLB,1999,0.499
SLB,2000,0.486
SLB,2001,0.49
SLB,2002,0.496
SLB,2003,0.501
SLB,2004,0.507
SLB,2005,0.512
SLB,2006,0.52
SLB,2007,0.523
SLB,2008,0.531
SLB,2009,0.538
SLB,2010,0.55
SLB,2011,0.553
SLB,2012,0.554
SLB,2013,0.559
SLB,2014,0.558
SLB,2015,0.559
SLB,2016,0.56
SLB,2017,0.564
SLB,2018,0.566
SLB,2019,0.567
SLB,2020,0.565
SLB,2021,0.564
SLE,1990,0.312
SLE,1991,0.305
SLE,1992,0.305
SLE,1993,0.312
SLE,1994,0.312
SLE,1995,0.314
SLE,1996,0.312
SLE,1997,0.307
SLE,1998,0.305
SLE,1999,0.301
SLE,2000,0.318
SLE,2001,0.331
SLE,2002,0.347
SLE,2003,0.357
SLE,2004,0.364
SLE,2005,0.372
SLE,2006,0.382
SLE,2007,0.397
SLE,2008,0.409
SLE,2009,0.42
SLE,2010,0.427
SLE,2011,0.433
SLE,2012,0.447
SLE,2013,0.459
SLE,2014,0.461
SLE,2015,0.453
SLE,2016,0.457
SLE,2017,0.466
SLE,2018,0.47
SLE,2019,0.48
SLE,2020,0.475
SLE,2021,0.477
SLV,1990,0.525
SLV,1991,0.536
SLV,1992,0.548
SLV,1993,0.558
SLV,1994,0.568
SLV,1995,0.578
SLV,1996,0.587
SLV,1997,0.597
SLV,1998,0.605
SLV,1999,0.609
SLV,2000,0.617
SLV,2001,0.619
SLV,2002,0.626
SLV,2003,0.631
SLV,2004,0.636
SLV,2005,0.641
SLV,2006,0.646
SLV,2007,0.651
SLV,2008,0.653
SLV,2009,0.653
SLV,2010,0.659
SLV,2011,0.661
SLV,2012,0.664
SLV,2013,0.667
SLV,2014,0.666
SLV,2015,0.668
SLV,2016,0.671
SLV,2017,0.674
SLV,2018,0.68
SLV,2019,0.683
SLV,2020,0.672
SLV,2021,0.675
SMR,2018,0.86
SMR,2019,0.862
SMR,2020,0.845
SMR,2021,0.853
SRB,1995,0.674
SRB,1996,0.679
SRB,1997,0.685
SRB,1998,0.687
SRB,1999,0.677
SRB,2000,0.69
SRB,2001,0.7
SRB,2002,0.702
SRB,2003,0.711
SRB,2004,0.723
SRB,2005,0.734
SRB,2006,0.746
SRB,2007,0.754
SRB,2008,0.765
SRB,2009,0.766
SRB,2010,0.767
SRB,2011,0.777
SRB,2012,0.78
SRB,2013,0.785
SRB,2014,0.788
SRB,2015,0.794
SRB,2016,0.8
SRB,2017,0.802
SRB,2018,0.808
SRB,2019,0.811
SRB,2020,0.804
SRB,2021,0.802
SSD,2010,0.43
SSD,2011,0.433
SSD,2012,0.397
SSD,2013,0.411
SSD,2014,0.41
SSD,2015,0.412
SSD,2016,0.402
SSD,2017,0.395
SSD,2018,0.395
SSD,2019,0.393
SSD,2020,0.386
SSD,2021,0.385
STP,1990,0.485
STP,1991,0.484
STP,1992,0.485
STP,1993,0.485
STP,1994,0.487
STP,1995,0.488
STP,1996,0.491
STP,1997,0.492
STP,1998,0.494
STP,1999,0.498
STP,2000,0.501
STP,2001,0.507
STP,2002,0.511
STP,2003,0.519
STP,2004,0.525
STP,2005,0.531
STP,2006,0.542
STP,2007,0.545
STP,2008,0.546
STP,2009,0.552
STP,2010,0.554
STP,2011,0.556
STP,2012,0.562
STP,2013,0.573
STP,2014,0.584
STP,2015,0.596
STP,2016,0.603
STP,2017,0.612
STP,2018,0.617
STP,2019,0.622
STP,2020,0.619
STP,2021,0.618
SUR,2004,0.674
SUR,2005,0.683
SUR,2006,0.691
SUR,2007,0.701
SUR,2008,0.709
SUR,2009,0.717
SUR,2010,0.723
SUR,2011,0.728
SUR,2012,0.731
SUR,2013,0.734
SUR,2014,0.736
SUR,2015,0.744
SUR,2016,0.747
SUR,2017,0.75
SUR,2018,0.755
SUR,2019,0.755
SUR,2020,0.743
SUR,2021,0.73
SVK,1990,0.692
SVK,1991,0.69
SVK,1992,0.694
SVK,1993,0.701
SVK,1994,0.711
SVK,1995,0.72
SVK,1996,0.73
SVK,1997,0.738
SVK,1998,0.748
SVK,1999,0.755
SVK,2000,0.763
SVK,2001,0.77
SVK,2002,0.779
SVK,2003,0.784
SVK,2004,0.794
SVK,2005,0.803
SVK,2006,0.812
SVK,2007,0.823
SVK,2008,0.831
SVK,2009,0.833
SVK,2010,0.84
SVK,2011,0.844
SVK,2012,0.845
SVK,2013,0.848
SVK,2014,0.849
SVK,2015,0.851
SVK,2016,0.854
SVK,2017,0.856
SVK,2018,0.859
SVK,2019,0.862
SVK,2020,0.857
SVK,2021,0.848
SVN,1995,0.76
SVN,1996,0.771
SVN,1997,0.782
SVN,1998,0.794
SVN,1999,0.812
SVN,2000,0.821
SVN,2001,0.837
SVN,2002,0.848
SVN,2003,0.858
SVN,2004,0.865
SVN,2005,0.869
SVN,2006,0.878
SVN,2007,0.882
SVN,2008,0.888
SVN,2009,0.887
SVN,2010,0.89
SVN,2011,0.892
SVN,2012,0.891
SVN,2013,0.9
SVN,2014,0.902
SVN,2015,0.903
SVN,2016,0.91
SVN,2017,0.913
SVN,2018,0.917
SVN,2019,0.921
SVN,2020,0.913
SVN,2021,0.918
SWE,1990,0.81
SWE,1991,0.813
SWE,1992,0.82
SWE,1993,0.84
SWE,1994,0.851
SWE,1995,0.86
SWE,1996,0.868
SWE,1997,0.879
SWE,1998,0.894
SWE,1999,0.899
SWE,2000,0.904
SWE,2001,0.907
SWE,2002,0.91
SWE,2003,0.915
SWE,2004,0.9
SWE,2005,0.902
SWE,2006,0.906
SWE,2007,0.908
SWE,2008,0.905
SWE,2009,0.904
SWE,2010,0.91
SWE,2011,0.911
SWE,2012,0.911
SWE,2013,0.932
SWE,2014,0.935
SWE,2015,0.937
SWE,2016,0.939
SWE,2017,0.941
SWE,2018,0.942
SWE,2019,0.947
SWE,2020,0.942
SWE,2021,0.947
SWZ,1990,0.545
SWZ,1991,0.543
SWZ,1992,0.54
SWZ,1993,0.532
SWZ,1994,0.523
SWZ,1995,0.518
SWZ,1996,0.509
SWZ,1997,0.5
SWZ,1998,0.49
SWZ,1999,0.482
SWZ,2000,0.471
SWZ,2001,0.463
SWZ,2002,0.451
SWZ,2003,0.446
SWZ,2004,0.444
SWZ,2005,0.446
SWZ,2006,0.462
SWZ,2007,0.471
SWZ,2008,0.479
SWZ,2009,0.486
SWZ,2010,0.503
SWZ,2011,0.517
SWZ,2012,0.531
SWZ,2013,0.546
SWZ,2014,0.559
SWZ,2015,0.575
SWZ,2016,0.586
SWZ,2017,0.596
SWZ,2018,0.607
SWZ,2019,0.615
SWZ,2020,0.61
SWZ,2021,0.597
SYC,2000,0.744
SYC,2001,0.741
SYC,2002,0.742
SYC,2003,0.746
SYC,2004,0.747
SYC,2005,0.762
SYC,2006,0.753
SYC,2007,0.77
SYC,2008,0.771
SYC,2009,0.77
SYC,2010,0.776
SYC,2011,0.766
SYC,2012,0.786
SYC,2013,0.787
SYC,2014,0.796
SYC,2015,0.796
SYC,2016,0.796
SYC,2017,0.796
SYC,2018,0.8
SYC,2019,0.802
SYC,2020,0.793
SYC,2021,0.785
SYR,1990,0.562
SYR,1991,0.567
SYR,1992,0.573
SYR,1993,0.574
SYR,1994,0.577
SYR,1995,0.579
SYR,1996,0.582
SYR,1997,0.585
SYR,1998,0.587
SYR,1999,0.586
SYR,2000,0.587
SYR,2001,0.596
SYR,2002,0.603
SYR,2003,0.615
SYR,2004,0.627
SYR,2005,0.64
SYR,2006,0.65
SYR,2007,0.659
SYR,2008,0.653
SYR,2009,0.659
SYR,2010,0.66
SYR,2011,0.691
SYR,2012,0.65
SYR,2013,0.573
SYR,2014,0.553
SYR,2015,0.556
SYR,2016,0.56
SYR,2017,0.572
SYR,2018,0.58
SYR,2019,0.584
SYR,2020,0.577
SYR,2021,0.577
TCD,2000,0.34049037
TCD,2001,0.301
TCD,2002,0.307
TCD,2003,0.307
TCD,2004,0.325
TCD,2005,0.327
TCD,2006,0.327
TCD,2007,0.337
TCD,2008,0.341
TCD,2009,0.355
TCD,2010,0.362
TCD,2011,0.372
TCD,2012,0.381
TCD,2013,0.386
TCD,2014,0.393
TCD,2015,0.389
TCD,2016,0.391
TCD,2017,0.393
TCD,2018,0.398
TCD,2019,0.403
TCD,2020,0.397
TCD,2021,0.394
TGO,1990,0.41
TGO,1991,0.414
TGO,1992,0.406
TGO,1993,0.398
TGO,1994,0.404
TGO,1995,0.419
TGO,1996,0.429
TGO,1997,0.438
TGO,1998,0.439
TGO,1999,0.443
TGO,2000,0.446
TGO,2001,0.449
TGO,2002,0.454
TGO,2003,0.46
TGO,2004,0.459
TGO,2005,0.458
TGO,2006,0.464
TGO,2007,0.457
TGO,2008,0.464
TGO,2009,0.472
TGO,2010,0.477
TGO,2011,0.487
TGO,2012,0.491
TGO,2013,0.499
TGO,2014,0.505
TGO,2015,0.514
TGO,2016,0.518
TGO,2017,0.524
TGO,2018,0.528
TGO,2019,0.535
TGO,2020,0.535
TGO,2021,0.539
THA,1990,0.576
THA,1991,0.585
THA,1992,0.595
THA,1993,0.604
THA,1994,0.613
THA,1995,0.619
THA,1996,0.628
THA,1997,0.635
THA,1998,0.64
THA,1999,0.646
THA,2000,0.653
THA,2001,0.664
THA,2002,0.676
THA,2003,0.687
THA,2004,0.697
THA,2005,0.706
THA,2006,0.712
THA,2007,0.724
THA,2008,0.727
THA,2009,0.73
THA,2010,0.737
THA,2011,0.743
THA,2012,0.746
THA,2013,0.747
THA,2014,0.778
THA,2015,0.781
THA,2016,0.785
THA,2017,0.79
THA,2018,0.795
THA,2019,0.804
THA,2020,0.802
THA,2021,0.8
TJK,1990,0.628
TJK,1991,0.622
TJK,1992,0.57
TJK,1993,0.542
TJK,1994,0.547
TJK,1995,0.547
TJK,1996,0.531
TJK,1997,0.54
TJK,1998,0.547
TJK,1999,0.553
TJK,2000,0.56
TJK,2001,0.569
TJK,2002,0.579
TJK,2003,0.594
TJK,2004,0.606
TJK,2005,0.612
TJK,2006,0.622
TJK,2007,0.625
TJK,2008,0.639
TJK,2009,0.633
TJK,2010,0.636
TJK,2011,0.635
TJK,2012,0.643
TJK,2013,0.656
TJK,2014,0.656
TJK,2015,0.657
TJK,2016,0.66
TJK,2017,0.665
TJK,2018,0.671
TJK,2019,0.676
TJK,2020,0.664
TJK,2021,0.685
TKM,2005,0.66
TKM,2006,0.67
TKM,2007,0.682
TKM,2008,0.693
TKM,2009,0.701
TKM,2010,0.711
TKM,2011,0.72
TKM,2012,0.727
TKM,2013,0.73
TKM,2014,0.734
TKM,2015,0.74
TKM,2016,0.742
TKM,2017,0.741
TKM,2018,0.746
TKM,2019,0.742
TKM,2020,0.741
TKM,2021,0.745
TLS,2002,0.508
TLS,2003,0.508
TLS,2004,0.521
TLS,2005,0.538
TLS,2006,0.563
TLS,2007,0.585
TLS,2008,0.611
TLS,2009,0.609
TLS,2010,0.619
TLS,2011,0.638
TLS,2012,0.635
TLS,2013,0.63
TLS,2014,0.622
TLS,2015,0.614
TLS,2016,0.604
TLS,2017,0.606
TLS,2018,0.605
TLS,2019,0.614
TLS,2020,0.614
TLS,2021,0.607
TON,1990,0.645
TON,1991,0.652
TON,1992,0.656
TON,1993,0.663
TON,1994,0.672
TON,1995,0.676
TON,1996,0.678
TON,1997,0.68
TON,1998,0.685
TON,1999,0.688
TON,2000,0.685
TON,2001,0.688
TON,2002,0.694
TON,2003,0.701
TON,2004,0.702
TON,2005,0.702
TON,2006,0.703
TON,2007,0.704
TON,2008,0.709
TON,2009,0.708
TON,2010,0.713
TON,2011,0.72
TON,2012,0.723
TON,2013,0.725
TON,2014,0.727
TON,2015,0.73
TON,2016,0.735
TON,2017,0.74
TON,2018,0.742
TON,2019,0.744
TON,2020,0.745
TON,2021,0.745
TTO,1990,0.66
TTO,1991,0.665
TTO,1992,0.663
TTO,1993,0.667
TTO,1994,0.67
TTO,1995,0.678
TTO,1996,0.684
TTO,1997,0.69
TTO,1998,0.7
TTO,1999,0.703
TTO,2000,0.712
TTO,2001,0.721
TTO,2002,0.732
TTO,2003,0.737
TTO,2004,0.752
TTO,2005,0.758
TTO,2006,0.767
TTO,2007,0.773
TTO,2008,0.777
TTO,2009,0.787
TTO,2010,0.79
TTO,2011,0.794
TTO,2012,0.8
TTO,2013,0.806
TTO,2014,0.809
TTO,2015,0.816
TTO,2016,0.815
TTO,2017,0.817
TTO,2018,0.815
TTO,2019,0.821
TTO,2020,0.818
TTO,2021,0.81
TUN,1990,0.576
TUN,1991,0.581
TUN,1992,0.588
TUN,1993,0.594
TUN,1994,0.604
TUN,1995,0.611
TUN,1996,0.62
TUN,1997,0.627
TUN,1998,0.639
TUN,1999,0.65
TUN,2000,0.658
TUN,2001,0.665
TUN,2002,0.67
TUN,2003,0.677
TUN,2004,0.687
TUN,2005,0.694
TUN,2006,0.7
TUN,2007,0.706
TUN,2008,0.711
TUN,2009,0.715
TUN,2010,0.72
TUN,2011,0.722
TUN,2012,0.724
TUN,2013,0.727
TUN,2014,0.73
TUN,2015,0.733
TUN,2016,0.737
TUN,2017,0.74
TUN,2018,0.743
TUN,2019,0.745
TUN,2020,0.737
TUN,2021,0.731
TUR,1990,0.6
TUR,1991,0.604
TUR,1992,0.61
TUR,1993,0.617
TUR,1994,0.618
TUR,1995,0.625
TUR,1996,0.633
TUR,1997,0.641
TUR,1998,0.652
TUR,1999,0.655
TUR,2000,0.67
TUR,2001,0.674
TUR,2002,0.684
TUR,2003,0.69
TUR,2004,0.695
TUR,2005,0.7
TUR,2006,0.71
TUR,2007,0.717
TUR,2008,0.721
TUR,2009,0.728
TUR,2010,0.749
TUR,2011,0.762
TUR,2012,0.769
TUR,2013,0.799
TUR,2014,0.809
TUR,2015,0.817
TUR,2016,0.823
TUR,2017,0.833
TUR,2018,0.839
TUR,2019,0.842
TUR,2020,0.833
TUR,2021,0.838
TUV,1990,0.559
TUV,1991,0.562
TUV,1992,0.558
TUV,1993,0.57
TUV,1994,0.577
TUV,1995,0.575
TUV,1996,0.573
TUV,1997,0.579
TUV,1998,0.589
TUV,1999,0.592
TUV,2000,0.597
TUV,2001,0.61
TUV,2002,0.62
TUV,2003,0.605
TUV,2004,0.61
TUV,2005,0.61
TUV,2006,0.611
TUV,2007,0.613
TUV,2008,0.618
TUV,2009,0.615
TUV,2010,0.616
TUV,2011,0.616
TUV,2012,0.624
TUV,2013,0.628
TUV,2014,0.627
TUV,2015,0.643
TUV,2016,0.636
TUV,2017,0.634
TUV,2018,0.642
TUV,2019,0.635
TUV,2020,0.639
TUV,2021,0.641
TZA,1990,0.371
TZA,1991,0.371
TZA,1992,0.369
TZA,1993,0.369
TZA,1994,0.369
TZA,1995,0.37
TZA,1996,0.372
TZA,1997,0.373
TZA,1998,0.38
TZA,1999,0.39
TZA,2000,0.398
TZA,2001,0.406
TZA,2002,0.416
TZA,2003,0.426
TZA,2004,0.436
TZA,2005,0.446
TZA,2006,0.456
TZA,2007,0.465
TZA,2008,0.473
TZA,2009,0.482
TZA,2010,0.493
TZA,2011,0.499
TZA,2012,0.504
TZA,2013,0.51
TZA,2014,0.515
TZA,2015,0.52
TZA,2016,0.524
TZA,2017,0.528
TZA,2018,0.538
TZA,2019,0.548
TZA,2020,0.548
TZA,2021,0.549
UGA,1990,0.329
UGA,1991,0.331
UGA,1992,0.325
UGA,1993,0.332
UGA,1994,0.336
UGA,1995,0.342
UGA,1996,0.354
UGA,1997,0.364
UGA,1998,0.373
UGA,1999,0.385
UGA,2000,0.394
UGA,2001,0.404
UGA,2002,0.417
UGA,2003,0.429
UGA,2004,0.444
UGA,2005,0.454
UGA,2006,0.466
UGA,2007,0.476
UGA,2008,0.484
UGA,2009,0.494
UGA,2010,0.502
UGA,2011,0.506
UGA,2012,0.504
UGA,2013,0.509
UGA,2014,0.512
UGA,2015,0.517
UGA,2016,0.519
UGA,2017,0.52
UGA,2018,0.522
UGA,2019,0.525
UGA,2020,0.524
UGA,2021,0.525
UKR,1990,0.729
UKR,1991,0.723
UKR,1992,0.715
UKR,1993,0.703
UKR,1994,0.689
UKR,1995,0.684
UKR,1996,0.685
UKR,1997,0.689
UKR,1998,0.696
UKR,1999,0.698
UKR,2000,0.7
UKR,2001,0.715
UKR,2002,0.722
UKR,2003,0.732
UKR,2004,0.74
UKR,2005,0.743
UKR,2006,0.751
UKR,2007,0.757
UKR,2008,0.761
UKR,2009,0.758
UKR,2010,0.764
UKR,2011,0.769
UKR,2012,0.773
UKR,2013,0.773
UKR,2014,0.773
UKR,2015,0.774
UKR,2016,0.779
UKR,2017,0.782
UKR,2018,0.783
UKR,2019,0.786
UKR,2020,0.775
UKR,2021,0.773
URY,1990,0.701
URY,1991,0.705
URY,1992,0.708
URY,1993,0.711
URY,1994,0.716
URY,1995,0.717
URY,1996,0.723
URY,1997,0.735
URY,1998,0.744
URY,1999,0.747
URY,2000,0.753
URY,2001,0.76
URY,2002,0.764
URY,2003,0.77
URY,2004,0.77
URY,2005,0.768
URY,2006,0.768
URY,2007,0.771
URY,2008,0.774
URY,2009,0.78
URY,2010,0.787
URY,2011,0.794
URY,2012,0.798
URY,2013,0.805
URY,2014,0.808
URY,2015,0.811
URY,2016,0.815
URY,2017,0.819
URY,2018,0.819
URY,2019,0.821
URY,2020,0.821
URY,2021,0.809
USA,1990,0.872
USA,1991,0.873
USA,1992,0.878
USA,1993,0.88
USA,1994,0.884
USA,1995,0.885
USA,1996,0.887
USA,1997,0.89
USA,1998,0.893
USA,1999,0.889
USA,2000,0.891
USA,2001,0.892
USA,2002,0.893
USA,2003,0.895
USA,2004,0.898
USA,2005,0.9
USA,2006,0.904
USA,2007,0.906
USA,2008,0.906
USA,2009,0.908
USA,2010,0.911
USA,2011,0.913
USA,2012,0.916
USA,2013,0.917
USA,2014,0.919
USA,2015,0.92
USA,2016,0.922
USA,2017,0.924
USA,2018,0.927
USA,2019,0.93
USA,2020,0.92
USA,2021,0.921
UZB,2000,0.607
UZB,2001,0.614
UZB,2002,0.621
UZB,2003,0.627
UZB,2004,0.634
UZB,2005,0.639
UZB,2006,0.644
UZB,2007,0.656
UZB,2008,0.659
UZB,2009,0.665
UZB,2010,0.673
UZB,2011,0.68
UZB,2012,0.687
UZB,2013,0.693
UZB,2014,0.698
UZB,2015,0.701
UZB,2016,0.709
UZB,2017,0.715
UZB,2018,0.72
UZB,2019,0.726
UZB,2020,0.721
UZB,2021,0.727
VCT,2000,0.683
VCT,2001,0.689
VCT,2002,0.695
VCT,2003,0.702
VCT,2004,0.708
VCT,2005,0.713
VCT,2006,0.722
VCT,2007,0.73
VCT,2008,0.734
VCT,2009,0.736
VCT,2010,0.734
VCT,2011,0.736
VCT,2012,0.737
VCT,2013,0.743
VCT,2014,0.752
VCT,2015,0.759
VCT,2016,0.765
VCT,2017,0.774
VCT,2018,0.775
VCT,2019,0.769
VCT,2020,0.764
VCT,2021,0.751
VEN,1990,0.659
VEN,1991,0.669
VEN,1992,0.675
VEN,1993,0.676
VEN,1994,0.675
VEN,1995,0.679
VEN,1996,0.679
VEN,1997,0.685
VEN,1998,0.686
VEN,1999,0.682
VEN,2000,0.684
VEN,2001,0.689
VEN,2002,0.699
VEN,2003,0.693
VEN,2004,0.707
VEN,2005,0.721
VEN,2006,0.732
VEN,2007,0.749
VEN,2008,0.756
VEN,2009,0.756
VEN,2010,0.755
VEN,2011,0.762
VEN,2012,0.767
VEN,2013,0.774
VEN,2014,0.77
VEN,2015,0.767
VEN,2016,0.757
VEN,2017,0.744
VEN,2018,0.738
VEN,2019,0.721
VEN,2020,0.695
VEN,2021,0.691
VNM,1990,0.482
VNM,1991,0.493
VNM,1992,0.504
VNM,1993,0.515
VNM,1994,0.526
VNM,1995,0.539
VNM,1996,0.55
VNM,1997,0.56
VNM,1998,0.569
VNM,1999,0.578
VNM,2000,0.588
VNM,2001,0.598
VNM,2002,0.608
VNM,2003,0.617
VNM,2004,0.625
VNM,2005,0.633
VNM,2006,0.641
VNM,2007,0.648
VNM,2008,0.653
VNM,2009,0.658
VNM,2010,0.663
VNM,2011,0.668
VNM,2012,0.672
VNM,2013,0.676
VNM,2014,0.68
VNM,2015,0.684
VNM,2016,0.688
VNM,2017,0.692
VNM,2018,0.697
VNM,2019,0.703
VNM,2020,0.71
VNM,2021,0.703
VUT,2005,0.578
VUT,2006,0.584
VUT,2007,0.585
VUT,2008,0.591
VUT,2009,0.591
VUT,2010,0.591
VUT,2011,0.593
VUT,2012,0.59
VUT,2013,0.593
VUT,2014,0.595
VUT,2015,0.595
VUT,2016,0.596
VUT,2017,0.599
VUT,2018,0.603
VUT,2019,0.611
VUT,2020,0.608
VUT,2021,0.607
WSM,1995,0.659
WSM,1996,0.668
WSM,1997,0.67
WSM,1998,0.674
WSM,1999,0.678
WSM,2000,0.683
WSM,2001,0.69
WSM,2002,0.689
WSM,2003,0.694
WSM,2004,0.698
WSM,2005,0.701
WSM,2006,0.703
WSM,2007,0.708
WSM,2008,0.709
WSM,2009,0.7
WSM,2010,0.713
WSM,2011,0.713
WSM,2012,0.709
WSM,2013,0.71
WSM,2014,0.711
WSM,2015,0.716
WSM,2016,0.717
WSM,2017,0.716
WSM,2018,0.716
WSM,2019,0.715
WSM,2020,0.712
WSM,2021,0.707
YEM,1990,0.383
YEM,1991,0.386
YEM,1992,0.391
YEM,1993,0.397
YEM,1994,0.399
YEM,1995,0.409
YEM,1996,0.419
YEM,1997,0.427
YEM,1998,0.435
YEM,1999,0.441
YEM,2000,0.45
YEM,2001,0.46
YEM,2002,0.468
YEM,2003,0.476
YEM,2004,0.483
YEM,2005,0.489
YEM,2006,0.494
YEM,2007,0.498
YEM,2008,0.501
YEM,2009,0.506
YEM,2010,0.51
YEM,2011,0.509
YEM,2012,0.512
YEM,2013,0.513
YEM,2014,0.505
YEM,2015,0.477
YEM,2016,0.467
YEM,2017,0.459
YEM,2018,0.459
YEM,2019,0.461
YEM,2020,0.46
YEM,2021,0.455
ZAF,1990,0.632
ZAF,1991,0.641
ZAF,1992,0.647
ZAF,1993,0.652
ZAF,1994,0.658
ZAF,1995,0.661
ZAF,1996,0.656
ZAF,1997,0.651
ZAF,1998,0.644
ZAF,1999,0.638
ZAF,2000,0.633
ZAF,2001,0.629
ZAF,2002,0.633
ZAF,2003,0.629
ZAF,2004,0.63
ZAF,2005,0.632
ZAF,2006,0.637
ZAF,2007,0.644
ZAF,2008,0.653
ZAF,2009,0.665
ZAF,2010,0.675
ZAF,2011,0.686
ZAF,2012,0.696
ZAF,2013,0.704
ZAF,2014,0.712
ZAF,2015,0.716
ZAF,2016,0.719
ZAF,2017,0.72
ZAF,2018,0.726
ZAF,2019,0.736
ZAF,2020,0.727
ZAF,2021,0.713
ZMB,1990,0.412
ZMB,1991,0.408
ZMB,1992,0.408
ZMB,1993,0.414
ZMB,1994,0.411
ZMB,1995,0.413
ZMB,1996,0.414
ZMB,1997,0.413
ZMB,1998,0.411
ZMB,1999,0.413
ZMB,2000,0.418
ZMB,2001,0.425
ZMB,2002,0.434
ZMB,2003,0.448
ZMB,2004,0.459
ZMB,2005,0.472
ZMB,2006,0.484
ZMB,2007,0.495
ZMB,2008,0.506
ZMB,2009,0.519
ZMB,2010,0.529
ZMB,2011,0.534
ZMB,2012,0.548
ZMB,2013,0.554
ZMB,2014,0.557
ZMB,2015,0.562
ZMB,2016,0.564
ZMB,2017,0.568
ZMB,2018,0.572
ZMB,2019,0.575
ZMB,2020,0.57
ZMB,2021,0.565
ZWE,1990,0.509
ZWE,1991,0.512
ZWE,1992,0.498
ZWE,1993,0.491
ZWE,1994,0.486
ZWE,1995,0.477
ZWE,1996,0.476
ZWE,1997,0.472
ZWE,1998,0.466
ZWE,1999,0.457
ZWE,2000,0.452
ZWE,2001,0.441
ZWE,2002,0.452
ZWE,2003,0.439
ZWE,2004,0.446
ZWE,2005,0.448
ZWE,2006,0.452
ZWE,2007,0.454
ZWE,2008,0.454
ZWE,2009,0.486
ZWE,2010,0.512
ZWE,2011,0.535
ZWE,2012,0.557
ZWE,2013,0.567
ZWE,2014,0.576
ZWE,2015,0.582
ZWE,2016,0.588
ZWE,2017,0.594
ZWE,2018,0.602
ZWE,2019,0.601
ZWE,2020,0.6
ZWE,2021,0.593
ZZA.VHHD,1990,0.784
ZZA.VHHD,1991,0.787
ZZA.VHHD,1992,0.79
ZZA.VHHD,1993,0.792
ZZA.VHHD,1994,0.796
ZZA.VHHD,1995,0.8
ZZA.VHHD,1996,0.806
ZZA.VHHD,1997,0.812
ZZA.VHHD,1998,0.817
ZZA.VHHD,1999,0.819
ZZA.VHHD,2000,0.826
ZZA.VHHD,2001,0.831
ZZA.VHHD,2002,0.835
ZZA.VHHD,2003,0.839
ZZA.VHHD,2004,0.845
ZZA.VHHD,2005,0.849
ZZA.VHHD,2006,0.854
ZZA.VHHD,2007,0.858
ZZA.VHHD,2008,0.861
ZZA.VHHD,2009,0.862
ZZA.VHHD,2010,0.868
ZZA.VHHD,2011,0.872
ZZA.VHHD,2012,0.875
ZZA.VHHD,2013,0.881
ZZA.VHHD,2014,0.886
ZZA.VHHD,2015,0.889
ZZA.VHHD,2016,0.892
ZZA.VHHD,2017,0.895
ZZA.VHHD,2018,0.898
ZZA.VHHD,2019,0.902
ZZA.VHHD,2020,0.895
ZZA.VHHD,2021,0.896
ZZB.HHD,1990,0.557
ZZB.HHD,1991,0.562
ZZB.HHD,1992,0.569
ZZB.HHD,1993,0.575
ZZB.HHD,1994,0.581
ZZB.HHD,1995,0.588
ZZB.HHD,1996,0.596
ZZB.HHD,1997,0.603
ZZB.HHD,1998,0.61
ZZB.HHD,1999,0.616
ZZB.HHD,2000,0.625
ZZB.HHD,2001,0.632
ZZB.HHD,2002,0.64
ZZB.HHD,2003,0.647
ZZB.HHD,2004,0.654
ZZB.HHD,2005,0.662
ZZB.HHD,2006,0.671
ZZB.HHD,2007,0.679
ZZB.HHD,2008,0.686
ZZB.HHD,2009,0.693
ZZB.HHD,2010,0.7
ZZB.HHD,2011,0.708
ZZB.HHD,2012,0.715
ZZB.HHD,2013,0.722
ZZB.HHD,2014,0.728
ZZB.HHD,2015,0.734
ZZB.HHD,2016,0.739
ZZB.HHD,2017,0.745
ZZB.HHD,2018,0.751
ZZB.HHD,2019,0.756
ZZB.HHD,2020,0.753
ZZB.HHD,2021,0.754
ZZC.MHD,1990,0.453
ZZC.MHD,1991,0.456
ZZC.MHD,1992,0.461
ZZC.MHD,1993,0.465
ZZC.MHD,1994,0.47
ZZC.MHD,1995,0.475
ZZC.MHD,1996,0.482
ZZC.MHD,1997,0.488
ZZC.MHD,1998,0.495
ZZC.MHD,1999,0.501
ZZC.MHD,2000,0.506
ZZC.MHD,2001,0.511
ZZC.MHD,2002,0.517
ZZC.MHD,2003,0.527
ZZC.MHD,2004,0.536
ZZC.MHD,2005,0.544
ZZC.MHD,2006,0.552
ZZC.MHD,2007,0.56
ZZC.MHD,2008,0.567
ZZC.MHD,2009,0.573
ZZC.MHD,2010,0.582
ZZC.MHD,2011,0.594
ZZC.MHD,2012,0.602
ZZC.MHD,2013,0.609
ZZC.MHD,2014,0.618
ZZC.MHD,2015,0.627
ZZC.MHD,2016,0.636
ZZC.MHD,2017,0.64
ZZC.MHD,2018,0.643
ZZC.MHD,2019,0.645
ZZC.MHD,2020,0.642
ZZC.MHD,2021,0.636
ZZD.LHD,1990,0.356
ZZD.LHD,1991,0.359
ZZD.LHD,1992,0.361
ZZD.LHD,1993,0.363
ZZD.LHD,1994,0.366
ZZD.LHD,1995,0.372
ZZD.LHD,1996,0.378
ZZD.LHD,1997,0.383
ZZD.LHD,1998,0.387
ZZD.LHD,1999,0.395
ZZD.LHD,2000,0.399
ZZD.LHD,2001,0.406
ZZD.LHD,2002,0.415
ZZD.LHD,2003,0.427
ZZD.LHD,2004,0.438
ZZD.LHD,2005,0.446
ZZD.LHD,2006,0.456
ZZD.LHD,2007,0.462
ZZD.LHD,2008,0.469
ZZD.LHD,2009,0.474
ZZD.LHD,2010,0.477
ZZD.LHD,2011,0.484
ZZD.LHD,2012,0.489
ZZD.LHD,2013,0.495
ZZD.LHD,2014,0.501
ZZD.LHD,2015,0.506
ZZD.LHD,2016,0.51
ZZD.LHD,2017,0.514
ZZD.LHD,2018,0.518
ZZD.LHD,2019,0.522
ZZD.LHD,2020,0.519
ZZD.LHD,2021,0.518
ZZE.AS,1990,0.555
ZZE.AS,1991,0.558
ZZE.AS,1992,0.565
ZZE.AS,1993,0.574
ZZE.AS,1994,0.582
ZZE.AS,1995,0.586
ZZE.AS,1996,0.593
ZZE.AS,1997,0.599
ZZE.AS,1998,0.603
ZZE.AS,1999,0.612
ZZE.AS,2000,0.618
ZZE.AS,2001,0.624
ZZE.AS,2002,0.628
ZZE.AS,2003,0.632
ZZE.AS,2004,0.639
ZZE.AS,2005,0.645
ZZE.AS,2006,0.651
ZZE.AS,2007,0.658
ZZE.AS,2008,0.666
ZZE.AS,2009,0.671
ZZE.AS,2010,0.676
ZZE.AS,2011,0.683
ZZE.AS,2012,0.688
ZZE.AS,2013,0.689
ZZE.AS,2014,0.692
ZZE.AS,2015,0.697
ZZE.AS,2016,0.701
ZZE.AS,2017,0.706
ZZE.AS,2018,0.711
ZZE.AS,2019,0.715
ZZE.AS,2020,0.708
ZZE.AS,2021,0.708
ZZF.EAP,1990,0.507
ZZF.EAP,1991,0.514
ZZF.EAP,1992,0.524
ZZF.EAP,1993,0.534
ZZF.EAP,1994,0.542
ZZF.EAP,1995,0.551
ZZF.EAP,1996,0.561
ZZF.EAP,1997,0.569
ZZF.EAP,1998,0.575
ZZF.EAP,1999,0.583
ZZF.EAP,2000,0.592
ZZF.EAP,2001,0.6
ZZF.EAP,2002,0.61
ZZF.EAP,2003,0.62
ZZF.EAP,2004,0.629
ZZF.EAP,2005,0.639
ZZF.EAP,2006,0.649
ZZF.EAP,2007,0.66
ZZF.EAP,2008,0.666
ZZF.EAP,2009,0.676
ZZF.EAP,2010,0.684
ZZF.EAP,2011,0.692
ZZF.EAP,2012,0.7
ZZF.EAP,2013,0.707
ZZF.EAP,2014,0.715
ZZF.EAP,2015,0.722
ZZF.EAP,2016,0.728
ZZF.EAP,2017,0.734
ZZF.EAP,2018,0.741
ZZF.EAP,2019,0.748
ZZF.EAP,2020,0.748
ZZF.EAP,2021,0.749
ZZG.ECA,1990,0.664
ZZG.ECA,1991,0.661
ZZG.ECA,1992,0.654
ZZG.ECA,1993,0.652
ZZG.ECA,1994,0.647
ZZG.ECA,1995,0.652
ZZG.ECA,1996,0.656
ZZG.ECA,1997,0.662
ZZG.ECA,1998,0.669
ZZG.ECA,1999,0.671
ZZG.ECA,2000,0.681
ZZG.ECA,2001,0.687
ZZG.ECA,2002,0.695
ZZG.ECA,2003,0.702
ZZG.ECA,2004,0.709
ZZG.ECA,2005,0.714
ZZG.ECA,2006,0.723
ZZG.ECA,2007,0.73
ZZG.ECA,2008,0.733
ZZG.ECA,2009,0.736
ZZG.ECA,2010,0.746
ZZG.ECA,2011,0.754
ZZG.ECA,2012,0.76
ZZG.ECA,2013,0.772
ZZG.ECA,2014,0.778
ZZG.ECA,2015,0.783
ZZG.ECA,2016,0.788
ZZG.ECA,2017,0.794
ZZG.ECA,2018,0.798
ZZG.ECA,2019,0.802
ZZG.ECA,2020,0.793
ZZG.ECA,2021,0.796
ZZH.LAC,1990,0.633
ZZH.LAC,1991,0.638
ZZH.LAC,1992,0.643
ZZH.LAC,1993,0.648
ZZH.LAC,1994,0.654
ZZH.LAC,1995,0.658
ZZH.LAC,1996,0.665
ZZH.LAC,1997,0.672
ZZH.LAC,1998,0.677
ZZH.LAC,1999,0.683
ZZH.LAC,2000,0.689
ZZH.LAC,2001,0.693
ZZH.LAC,2002,0.698
ZZH.LAC,2003,0.699
ZZH.LAC,2004,0.705
ZZH.LAC,2005,0.71
ZZH.LAC,2006,0.716
ZZH.LAC,2007,0.721
ZZH.LAC,2008,0.728
ZZH.LAC,2009,0.73
ZZH.LAC,2010,0.733
ZZH.LAC,2011,0.74
ZZH.LAC,2012,0.744
ZZH.LAC,2013,0.753
ZZH.LAC,2014,0.756
ZZH.LAC,2015,0.758
ZZH.LAC,2016,0.761
ZZH.LAC,2017,0.763
ZZH.LAC,2018,0.766
ZZH.LAC,2019,0.768
ZZH.LAC,2020,0.755
ZZH.LAC,2021,0.754
ZZI.SA,1990,0.442
ZZI.SA,1991,0.447
ZZI.SA,1992,0.453
ZZI.SA,1993,0.457
ZZI.SA,1994,0.462
ZZI.SA,1995,0.467
ZZI.SA,1996,0.474
ZZI.SA,1997,0.48
ZZI.SA,1998,0.486
ZZI.SA,1999,0.494
ZZI.SA,2000,0.5
ZZI.SA,2001,0.504
ZZI.SA,2002,0.511
ZZI.SA,2003,0.522
ZZI.SA,2004,0.531
ZZI.SA,2005,0.539
ZZI.SA,2006,0.548
ZZI.SA,2007,0.556
ZZI.SA,2008,0.561
ZZI.SA,2009,0.567
ZZI.SA,2010,0.576
ZZI.SA,2011,0.587
ZZI.SA,2012,0.596
ZZI.SA,2013,0.603
ZZI.SA,2014,0.614
ZZI.SA,2015,0.623
ZZI.SA,2016,0.633
ZZI.SA,2017,0.638
ZZI.SA,2018,0.64
ZZI.SA,2019,0.641
ZZI.SA,2020,0.638
ZZI.SA,2021,0.632
ZZJ.SSA,1990,0.407
ZZJ.SSA,1991,0.41
ZZJ.SSA,1992,0.41
ZZJ.SSA,1993,0.411
ZZJ.SSA,1994,0.413
ZZJ.SSA,1995,0.42
ZZJ.SSA,1996,0.423
ZZJ.SSA,1997,0.427
ZZJ.SSA,1998,0.428
ZZJ.SSA,1999,0.431
ZZJ.SSA,2000,0.43
ZZJ.SSA,2001,0.435
ZZJ.SSA,2002,0.443
ZZJ.SSA,2003,0.451
ZZJ.SSA,2004,0.46
ZZJ.SSA,2005,0.468
ZZJ.SSA,2006,0.477
ZZJ.SSA,2007,0.484
ZZJ.SSA,2008,0.492
ZZJ.SSA,2009,0.498
ZZJ.SSA,2010,0.503
ZZJ.SSA,2011,0.51
ZZJ.SSA,2012,0.516
ZZJ.SSA,2013,0.523
ZZJ.SSA,2014,0.529
ZZJ.SSA,2015,0.534
ZZJ.SSA,2016,0.539
ZZJ.SSA,2017,0.542
ZZJ.SSA,2018,0.547
ZZJ.SSA,2019,0.552
ZZJ.SSA,2020,0.549
ZZJ.SSA,2021,0.547
ZZK.WORLD,1990,0.601
ZZK.WORLD,1991,0.604
ZZK.WORLD,1992,0.607
ZZK.WORLD,1993,0.61
ZZK.WORLD,1994,0.614
ZZK.WORLD,1995,0.619
ZZK.WORLD,1996,0.624
ZZK.WORLD,1997,0.629
ZZK.WORLD,1998,0.634
ZZK.WORLD,1999,0.639
ZZK.WORLD,2000,0.645
ZZK.WORLD,2001,0.65
ZZK.WORLD,2002,0.655
ZZK.WORLD,2003,0.66
ZZK.WORLD,2004,0.666
ZZK.WORLD,2005,0.672
ZZK.WORLD,2006,0.679
ZZK.WORLD,2007,0.684
ZZK.WORLD,2008,0.688
ZZK.WORLD,2009,0.692
ZZK.WORLD,2010,0.697
ZZK.WORLD,2011,0.704
ZZK.WORLD,2012,0.709
ZZK.WORLD,2013,0.714
ZZK.WORLD,2014,0.72
ZZK.WORLD,2015,0.724
ZZK.WORLD,2016,0.729
ZZK.WORLD,2017,0.733
ZZK.WORLD,2018,0.736
ZZK.WORLD,2019,0.739
ZZK.WORLD,2020,0.735
ZZK.WORLD,2021,0.732
