Year,Country,Gold,Silver,Bronze,Total,Historical_Gold,Historical_Silver,Historical_Bronze,Historical_Total,Recent_3_Olympics_Avg
2008,AFG,0.0,0.0,1.0,1.0,0,0,0,0,0.0
2012,AFG,0.0,0.0,1.0,1.0,0,0,1,1,1.0
1988,AHO,0.0,1.0,0.0,1.0,0,0,0,0,0.0
2024,AIN,1.0,3.0,1.0,5.0,0,0,0,0,0.0
2024,ALB,0.0,0.0,2.0,2.0,0,0,0,0,0.0
1984,ALG,0.0,0.0,2.0,2.0,0,0,0,0,0.0
1992,ALG,1.0,0.0,1.0,2.0,0,0,2,2,2.0
1996,ALG,2.0,0.0,1.0,3.0,1,0,3,4,2.0
2000,ALG,1.0,1.0,3.0,5.0,3,0,4,7,2.3333333333333335
2008,ALG,0.0,1.0,1.0,2.0,4,1,7,12,3.3333333333333335
2012,ALG,1.0,0.0,0.0,1.0,4,2,8,14,3.3333333333333335
2016,ALG,0.0,2.0,0.0,2.0,5,2,8,15,2.6666666666666665
2024,ALG,2.0,0.0,1.0,3.0,5,4,8,17,1.6666666666666667
1908,ANZ,1.0,2.0,2.0,5.0,0,0,0,0,0.0
1912,ANZ,2.0,2.0,3.0,7.0,1,2,2,5,5.0
1924,ARG,1.0,3.0,2.0,6.0,0,0,0,0,0.0
1928,ARG,3.0,3.0,1.0,7.0,1,3,2,6,6.0
1932,ARG,3.0,1.0,0.0,4.0,4,6,3,13,6.5
1936,ARG,2.0,2.0,3.0,7.0,7,7,3,17,5.666666666666667
1948,ARG,3.0,3.0,1.0,7.0,9,9,6,24,6.0
1952,ARG,1.0,2.0,2.0,5.0,12,12,7,31,6.0
1956,ARG,0.0,1.0,1.0,2.0,13,14,9,36,6.333333333333333
1960,ARG,0.0,1.0,1.0,2.0,13,15,10,38,4.666666666666667
1964,ARG,0.0,1.0,0.0,1.0,13,16,11,40,3.0
1968,ARG,0.0,0.0,2.0,2.0,13,17,11,41,1.6666666666666667
1972,ARG,0.0,1.0,0.0,1.0,13,17,13,43,1.6666666666666667
1988,ARG,0.0,1.0,1.0,2.0,13,18,13,44,1.3333333333333333
1992,ARG,0.0,0.0,1.0,1.0,13,19,14,46,1.6666666666666667
1996,ARG,0.0,2.0,1.0,3.0,13,19,15,47,1.3333333333333333
2000,ARG,0.0,2.0,2.0,4.0,13,21,16,50,2.0
2004,ARG,2.0,0.0,4.0,6.0,13,23,18,54,2.6666666666666665
2008,ARG,2.0,0.0,4.0,6.0,15,23,22,60,4.333333333333333
2012,ARG,1.0,1.0,2.0,4.0,17,23,26,66,5.333333333333333
2016,ARG,3.0,1.0,0.0,4.0,18,24,28,70,5.333333333333333
2020,ARG,0.0,1.0,2.0,3.0,21,25,28,74,4.666666666666667
2024,ARG,1.0,1.0,1.0,3.0,21,26,30,77,3.6666666666666665
1996,ARM,1.0,1.0,0.0,2.0,0,0,0,0,0.0
2000,ARM,0.0,0.0,1.0,1.0,1,1,0,2,2.0
2008,ARM,0.0,0.0,6.0,6.0,1,1,1,3,1.5
2012,ARM,0.0,1.0,2.0,3.0,1,1,7,9,3.0
2016,ARM,1.0,3.0,0.0,4.0,1,2,9,12,3.3333333333333335
2020,ARM,0.0,2.0,2.0,4.0,2,5,9,16,4.333333333333333
2024,ARM,0.0,3.0,1.0,4.0,2,7,11,20,3.6666666666666665
1896,AUS,2.0,0.0,1.0,3.0,0,0,0,0,0.0
1900,AUS,3.0,0.0,3.0,6.0,2,0,1,3,3.0
1904,AUS,0.0,3.0,1.0,4.0,5,0,4,9,4.5
1906,AUS,0.0,0.0,3.0,3.0,5,3,5,13,4.333333333333333
1920,AUS,0.0,2.0,1.0,3.0,5,3,8,16,4.333333333333333
1924,AUS,3.0,1.0,2.0,6.0,5,5,9,19,3.3333333333333335
1928,AUS,1.0,2.0,1.0,4.0,8,6,11,25,4.0
1932,AUS,3.0,1.0,1.0,5.0,9,8,12,29,4.333333333333333
1936,AUS,0.0,0.0,1.0,1.0,12,9,13,34,5.0
1948,AUS,2.0,6.0,5.0,13.0,12,9,14,35,3.3333333333333335
1952,AUS,6.0,2.0,3.0,11.0,14,15,19,48,6.333333333333333
1956,AUS,13.0,8.0,14.0,35.0,20,17,22,59,8.333333333333334
1960,AUS,8.0,8.0,6.0,22.0,33,25,36,94,19.666666666666668
1964,AUS,6.0,2.0,10.0,18.0,41,33,42,116,22.666666666666668
1968,AUS,5.0,7.0,5.0,17.0,47,35,52,134,25.0
1972,AUS,8.0,7.0,2.0,17.0,52,42,57,151,19.0
1976,AUS,0.0,1.0,4.0,5.0,60,49,59,168,17.333333333333332
1980,AUS,2.0,2.0,5.0,9.0,60,50,63,173,13.0
1984,AUS,4.0,8.0,12.0,24.0,62,52,68,182,10.333333333333334
1988,AUS,3.0,6.0,5.0,14.0,66,60,80,206,12.666666666666666
1992,AUS,7.0,9.0,11.0,27.0,69,66,85,220,15.666666666666666
1996,AUS,9.0,9.0,23.0,41.0,76,75,96,247,21.666666666666668
2000,AUS,16.0,25.0,17.0,58.0,85,84,119,288,27.333333333333332
2004,AUS,17.0,16.0,17.0,50.0,101,109,136,346,42.0
2008,AUS,14.0,15.0,17.0,46.0,118,125,153,396,49.666666666666664
2012,AUS,7.0,16.0,12.0,35.0,132,140,170,442,51.333333333333336
2016,AUS,8.0,11.0,10.0,29.0,139,156,182,477,43.666666666666664
2020,AUS,17.0,7.0,22.0,46.0,147,167,192,506,36.666666666666664
2024,AUS,18.0,19.0,16.0,53.0,164,174,214,552,36.666666666666664
1896,AUT,2.0,1.0,2.0,5.0,0,0,0,0,0.0
1900,AUT,0.0,3.0,3.0,6.0,2,1,2,5,5.0
1904,AUT,2.0,1.0,1.0,4.0,2,4,5,11,5.5
1906,AUT,3.0,3.0,3.0,9.0,4,5,6,15,5.0
1908,AUT,0.0,0.0,1.0,1.0,7,8,9,24,6.333333333333333
1912,AUT,0.0,2.0,2.0,4.0,7,8,10,25,4.666666666666667
1924,AUT,0.0,3.0,1.0,4.0,7,10,12,29,4.666666666666667
1928,AUT,3.0,0.0,1.0,4.0,7,13,13,33,3.0
1932,AUT,1.0,1.0,3.0,5.0,10,13,14,37,4.0
1936,AUT,5.0,7.0,5.0,17.0,11,14,17,42,4.333333333333333
1948,AUT,2.0,2.0,4.0,8.0,16,21,22,59,8.666666666666666
1952,AUT,0.0,1.0,1.0,2.0,18,23,26,67,10.0
1956,AUT,0.0,0.0,2.0,2.0,18,24,27,69,9.0
1960,AUT,1.0,1.0,0.0,2.0,18,24,29,71,4.0
1968,AUT,0.0,2.0,2.0,4.0,19,25,29,73,2.0
1972,AUT,0.0,1.0,2.0,3.0,19,27,31,77,2.6666666666666665
1976,AUT,0.0,0.0,1.0,1.0,19,28,33,80,3.0
1980,AUT,1.0,2.0,1.0,4.0,19,28,34,81,2.6666666666666665
1984,AUT,1.0,1.0,1.0,3.0,20,30,35,85,2.6666666666666665
1988,AUT,1.0,0.0,0.0,1.0,21,31,36,88,2.6666666666666665
1992,AUT,0.0,2.0,0.0,2.0,22,31,36,89,2.6666666666666665
1996,AUT,0.0,1.0,2.0,3.0,22,33,36,91,2.0
2000,AUT,2.0,1.0,0.0,3.0,22,34,38,94,2.0
2004,AUT,2.0,4.0,1.0,7.0,24,35,38,97,2.6666666666666665
2008,AUT,0.0,1.0,2.0,3.0,26,39,39,104,4.333333333333333
2016,AUT,0.0,0.0,1.0,1.0,26,40,41,107,4.333333333333333
2020,AUT,1.0,1.0,5.0,7.0,26,40,42,108,3.6666666666666665
2024,AUT,2.0,0.0,3.0,5.0,27,41,47,115,3.6666666666666665
1996,AZE,0.0,1.0,0.0,1.0,0,0,0,0,0.0
2000,AZE,2.0,0.0,1.0,3.0,0,1,0,1,1.0
2004,AZE,1.0,0.0,4.0,5.0,2,1,1,4,2.0
2008,AZE,1.0,2.0,4.0,7.0,3,1,5,9,3.0
2012,AZE,2.0,2.0,6.0,10.0,4,3,9,16,5.0
2016,AZE,1.0,7.0,10.0,18.0,6,5,15,26,7.333333333333333
2020,AZE,0.0,3.0,4.0,7.0,7,12,25,44,11.666666666666666
2024,AZE,2.0,2.0,3.0,7.0,7,15,29,51,11.666666666666666
1956,BAH,0.0,0.0,1.0,1.0,0,0,0,0,0.0
1964,BAH,1.0,0.0,0.0,1.0,0,0,1,1,1.0
1992,BAH,0.0,0.0,1.0,1.0,1,0,1,2,1.0
1996,BAH,0.0,1.0,0.0,1.0,1,0,2,3,1.0
2000,BAH,2.0,0.0,1.0,3.0,1,1,2,4,1.0
2004,BAH,1.0,0.0,1.0,2.0,3,1,3,7,1.6666666666666667
2008,BAH,0.0,1.0,1.0,2.0,4,1,4,9,2.0
2012,BAH,1.0,0.0,0.0,1.0,4,2,5,11,2.3333333333333335
2016,BAH,1.0,0.0,1.0,2.0,5,2,5,12,1.6666666666666667
2020,BAH,2.0,0.0,0.0,2.0,6,2,6,14,1.6666666666666667
2000,BAR,0.0,0.0,1.0,1.0,0,0,0,0,0.0
1996,BDI,1.0,0.0,0.0,1.0,0,0,0,0,0.0
2016,BDI,0.0,1.0,0.0,1.0,1,0,0,1,1.0
1900,BEL,6.0,7.0,5.0,18.0,0,0,0,0,0.0
1906,BEL,2.0,2.0,3.0,7.0,6,7,5,18,18.0
1908,BEL,1.0,5.0,2.0,8.0,8,9,8,25,12.5
1912,BEL,2.0,1.0,3.0,6.0,9,14,10,33,11.0
1920,BEL,16.0,12.0,14.0,42.0,11,15,13,39,7.0
1924,BEL,3.0,7.0,3.0,13.0,27,27,27,81,18.666666666666668
1928,BEL,0.0,1.0,2.0,3.0,30,34,30,94,20.333333333333332
1932,BEL,0.0,0.0,1.0,1.0,30,35,32,97,19.333333333333332
1936,BEL,0.0,0.0,3.0,3.0,30,35,33,98,5.666666666666667
1948,BEL,2.0,2.0,3.0,7.0,30,35,36,101,2.3333333333333335
1952,BEL,2.0,2.0,0.0,4.0,32,37,39,108,3.6666666666666665
1956,BEL,0.0,2.0,0.0,2.0,34,39,39,112,4.666666666666667
1960,BEL,0.0,2.0,2.0,4.0,34,41,39,114,4.333333333333333
1964,BEL,2.0,0.0,1.0,3.0,34,43,41,118,3.3333333333333335
1968,BEL,0.0,1.0,1.0,2.0,36,43,42,121,3.0
1972,BEL,0.0,2.0,0.0,2.0,36,44,43,123,3.0
1976,BEL,0.0,3.0,3.0,6.0,36,46,43,125,2.3333333333333335
1980,BEL,1.0,0.0,0.0,1.0,36,49,46,131,3.3333333333333335
1984,BEL,1.0,1.0,2.0,4.0,37,49,46,132,3.0
1988,BEL,0.0,0.0,2.0,2.0,38,50,48,136,3.6666666666666665
1992,BEL,0.0,1.0,2.0,3.0,38,50,50,138,2.3333333333333335
1996,BEL,2.0,2.0,2.0,6.0,38,51,52,141,3.0
2000,BEL,0.0,2.0,3.0,5.0,40,53,54,147,3.6666666666666665
2004,BEL,1.0,0.0,2.0,3.0,40,55,57,152,4.666666666666667
2008,BEL,1.0,1.0,0.0,2.0,41,55,59,155,4.666666666666667
2012,BEL,0.0,1.0,2.0,3.0,42,56,59,157,3.3333333333333335
2016,BEL,2.0,2.0,2.0,6.0,42,57,61,160,2.6666666666666665
2020,BEL,3.0,1.0,3.0,7.0,44,59,63,166,3.6666666666666665
2024,BEL,3.0,1.0,6.0,10.0,47,60,66,173,5.333333333333333
1976,BER,0.0,0.0,1.0,1.0,0,0,0,0,0.0
2020,BER,1.0,0.0,0.0,1.0,0,0,1,1,1.0
1996,BLR,1.0,6.0,8.0,15.0,0,0,0,0,0.0
2000,BLR,3.0,3.0,11.0,17.0,1,6,8,15,15.0
2004,BLR,2.0,5.0,6.0,13.0,4,9,19,32,16.0
2008,BLR,4.0,5.0,9.0,18.0,6,14,25,45,15.0
2012,BLR,2.0,5.0,5.0,12.0,10,19,34,63,16.0
2016,BLR,1.0,4.0,4.0,9.0,12,24,39,75,14.333333333333334
2020,BLR,1.0,3.0,3.0,7.0,13,28,43,84,13.0
1900,BOH,0.0,1.0,2.0,3.0,0,0,0,0,0.0
1906,BOH,0.0,0.0,2.0,2.0,0,1,2,3,3.0
1908,BOH,0.0,0.0,2.0,2.0,0,1,4,5,2.5
2012,BOT,0.0,1.0,0.0,1.0,0,0,0,0,0.0
2020,BOT,0.0,0.0,1.0,1.0,0,1,0,1,1.0
2024,BOT,1.0,1.0,0.0,2.0,0,1,1,2,1.0
1920,BRA,1.0,1.0,1.0,3.0,0,0,0,0,0.0
1948,BRA,0.0,0.0,1.0,1.0,1,1,1,3,3.0
1952,BRA,1.0,0.0,2.0,3.0,1,1,2,4,2.0
1956,BRA,1.0,0.0,0.0,1.0,2,1,4,7,2.3333333333333335
1960,BRA,0.0,0.0,2.0,2.0,3,1,4,8,1.6666666666666667
1964,BRA,0.0,0.0,1.0,1.0,3,1,6,10,2.0
1968,BRA,0.0,1.0,2.0,3.0,3,1,7,11,1.3333333333333333
1972,BRA,0.0,0.0,2.0,2.0,3,2,9,14,2.0
1976,BRA,0.0,0.0,2.0,2.0,3,2,11,16,2.0
1980,BRA,2.0,0.0,2.0,4.0,3,2,13,18,2.3333333333333335
1984,BRA,1.0,5.0,2.0,8.0,5,2,15,22,2.6666666666666665
1988,BRA,1.0,2.0,3.0,6.0,6,7,17,30,4.666666666666667
1992,BRA,2.0,1.0,0.0,3.0,7,9,20,36,6.0
1996,BRA,3.0,3.0,9.0,15.0,9,10,20,39,5.666666666666667
2000,BRA,0.0,6.0,6.0,12.0,12,13,29,54,8.0
2004,BRA,5.0,2.0,3.0,10.0,12,19,35,66,10.0
2008,BRA,3.0,4.0,9.0,16.0,17,21,38,76,12.333333333333334
2012,BRA,3.0,5.0,9.0,17.0,20,25,47,92,12.666666666666666
2016,BRA,7.0,6.0,6.0,19.0,23,30,56,109,14.333333333333334
2020,BRA,7.0,6.0,8.0,21.0,30,36,62,128,17.333333333333332
2024,BRA,3.0,7.0,10.0,20.0,37,42,70,149,19.0
2012,BRN,0.0,0.0,1.0,1.0,0,0,0,0,0.0
2016,BRN,1.0,1.0,0.0,2.0,0,0,1,1,1.0
2020,BRN,0.0,1.0,0.0,1.0,1,1,1,3,1.5
2024,BRN,2.0,1.0,1.0,4.0,1,2,1,4,1.3333333333333333
1952,BUL,0.0,0.0,1.0,1.0,0,0,0,0,0.0
1956,BUL,1.0,3.0,1.0,5.0,0,0,1,1,1.0
1960,BUL,1.0,3.0,3.0,7.0,1,3,2,6,3.0
1964,BUL,3.0,5.0,2.0,10.0,2,6,5,13,4.333333333333333
1968,BUL,2.0,4.0,3.0,9.0,5,11,7,23,7.333333333333333
1972,BUL,6.0,10.0,5.0,21.0,7,15,10,32,8.666666666666666
1976,BUL,6.0,9.0,7.0,22.0,13,25,15,53,13.333333333333334
1980,BUL,8.0,16.0,17.0,41.0,19,34,22,75,17.333333333333332
1988,BUL,10.0,12.0,13.0,35.0,27,50,39,116,28.0
1992,BUL,3.0,7.0,6.0,16.0,37,62,52,151,32.666666666666664
1996,BUL,3.0,7.0,5.0,15.0,40,69,58,167,30.666666666666668
2000,BUL,5.0,6.0,2.0,13.0,43,76,63,182,22.0
2004,BUL,2.0,1.0,9.0,12.0,48,82,65,195,14.666666666666666
2008,BUL,1.0,1.0,3.0,5.0,50,83,74,207,13.333333333333334
2012,BUL,0.0,1.0,1.0,2.0,51,84,77,212,10.0
2016,BUL,0.0,1.0,2.0,3.0,51,85,78,214,6.333333333333333
2020,BUL,3.0,1.0,2.0,6.0,51,86,80,217,3.3333333333333335
2024,BUL,3.0,1.0,3.0,7.0,54,87,82,223,3.6666666666666665
2020,BUR,0.0,0.0,1.0,1.0,0,0,0,0,0.0
1900,CAN,1.0,0.0,1.0,2.0,0,0,0,0,0.0
1904,CAN,4.0,1.0,1.0,6.0,1,0,1,2,2.0
1906,CAN,1.0,1.0,0.0,2.0,5,1,2,8,4.0
1908,CAN,3.0,3.0,10.0,16.0,6,2,2,10,3.3333333333333335
1912,CAN,3.0,2.0,3.0,8.0,9,5,12,26,8.0
1920,CAN,3.0,3.0,3.0,9.0,12,7,15,34,8.666666666666666
1924,CAN,0.0,3.0,1.0,4.0,15,10,18,43,11.0
1928,CAN,4.0,4.0,7.0,15.0,15,13,19,47,7.0
1932,CAN,2.0,5.0,9.0,16.0,19,17,26,62,9.333333333333334
1936,CAN,1.0,3.0,5.0,9.0,21,22,35,78,11.666666666666666
1948,CAN,0.0,2.0,2.0,4.0,22,25,40,87,13.333333333333334
1952,CAN,1.0,2.0,0.0,3.0,22,27,42,91,9.666666666666666
1956,CAN,2.0,1.0,3.0,6.0,23,29,42,94,5.333333333333333
1960,CAN,0.0,1.0,0.0,1.0,25,30,45,100,4.333333333333333
1964,CAN,1.0,2.0,1.0,4.0,25,31,45,101,3.3333333333333335
1968,CAN,1.0,3.0,1.0,5.0,26,33,46,105,3.6666666666666665
1972,CAN,0.0,2.0,3.0,5.0,27,36,47,110,3.3333333333333335
1976,CAN,0.0,5.0,6.0,11.0,27,38,50,115,4.666666666666667
1984,CAN,10.0,18.0,16.0,44.0,27,43,56,126,7.0
1988,CAN,3.0,2.0,5.0,10.0,37,61,72,170,20.0
1992,CAN,7.0,4.0,7.0,18.0,40,63,77,180,21.666666666666668
1996,CAN,3.0,11.0,8.0,22.0,47,67,84,198,24.0
2000,CAN,3.0,3.0,8.0,14.0,50,78,92,220,16.666666666666668
2004,CAN,3.0,6.0,3.0,12.0,53,81,100,234,18.0
2008,CAN,3.0,9.0,7.0,19.0,56,87,103,246,16.0
2012,CAN,1.0,5.0,12.0,18.0,59,96,110,265,15.0
2016,CAN,4.0,3.0,15.0,22.0,60,101,122,283,16.333333333333332
2020,CAN,7.0,7.0,10.0,24.0,64,104,137,305,19.666666666666668
2024,CAN,9.0,7.0,11.0,27.0,71,111,147,329,21.333333333333332
1928,CHI,0.0,1.0,0.0,1.0,0,0,0,0,0.0
1952,CHI,0.0,2.0,0.0,2.0,0,1,0,1,1.0
1956,CHI,0.0,2.0,2.0,4.0,0,3,0,3,1.5
1988,CHI,0.0,1.0,0.0,1.0,0,5,2,7,2.3333333333333335
2000,CHI,0.0,0.0,1.0,1.0,0,6,2,8,2.3333333333333335
2004,CHI,2.0,0.0,1.0,3.0,0,6,3,9,2.0
2008,CHI,0.0,1.0,0.0,1.0,2,6,4,12,1.6666666666666667
2024,CHI,1.0,1.0,0.0,2.0,2,7,4,13,1.6666666666666667
1984,CHN,15.0,8.0,9.0,32.0,0,0,0,0,0.0
1988,CHN,5.0,11.0,12.0,28.0,15,8,9,32,32.0
1992,CHN,16.0,22.0,15.0,53.0,20,19,21,60,30.0
1996,CHN,16.0,22.0,12.0,50.0,36,41,36,113,37.666666666666664
2000,CHN,28.0,16.0,14.0,58.0,52,63,48,163,43.666666666666664
2004,CHN,32.0,17.0,14.0,63.0,80,79,62,221,53.666666666666664
2008,CHN,51.0,21.0,28.0,100.0,112,96,76,284,57.0
2012,CHN,38.0,27.0,23.0,88.0,163,117,104,384,73.66666666666667
2016,CHN,26.0,18.0,26.0,70.0,201,144,127,472,83.66666666666667
2020,CHN,38.0,32.0,19.0,89.0,227,162,153,542,86.0
2024,CHN,40.0,27.0,24.0,91.0,265,194,172,631,82.33333333333333
1984,CIV,0.0,1.0,0.0,1.0,0,0,0,0,0.0
2016,CIV,1.0,0.0,1.0,2.0,0,1,0,1,1.0
2020,CIV,0.0,0.0,1.0,1.0,1,1,1,3,1.5
2024,CIV,0.0,0.0,1.0,1.0,1,1,2,4,1.3333333333333333
1968,CMR,0.0,1.0,0.0,1.0,0,0,0,0,0.0
1984,CMR,0.0,0.0,1.0,1.0,0,1,0,1,1.0
2000,CMR,1.0,0.0,0.0,1.0,0,1,1,2,1.0
2004,CMR,1.0,0.0,0.0,1.0,1,1,1,3,1.0
2008,CMR,1.0,0.0,0.0,1.0,2,1,1,4,1.0
1900,COL,0.0,1.0,0.0,1.0,0,0,0,0,0.0
1972,COL,0.0,1.0,2.0,3.0,0,1,0,1,1.0
1984,COL,0.0,1.0,0.0,1.0,0,2,2,4,2.0
1988,COL,0.0,0.0,1.0,1.0,0,3,2,5,1.6666666666666667
1992,COL,0.0,0.0,1.0,1.0,0,3,3,6,1.6666666666666667
2000,COL,1.0,0.0,0.0,1.0,0,3,4,7,1.0
2004,COL,0.0,0.0,2.0,2.0,1,3,4,8,1.0
2008,COL,0.0,1.0,1.0,2.0,1,3,6,10,1.3333333333333333
2012,COL,1.0,3.0,4.0,8.0,1,4,7,12,1.6666666666666667
2016,COL,3.0,2.0,3.0,8.0,2,7,11,20,4.0
2020,COL,0.0,4.0,1.0,5.0,5,9,14,28,6.0
2024,COL,0.0,3.0,1.0,4.0,5,13,15,33,7.0
2024,CPV,0.0,0.0,1.0,1.0,0,0,0,0,0.0
1988,CRC,0.0,1.0,0.0,1.0,0,0,0,0,0.0
1996,CRC,1.0,0.0,0.0,1.0,0,1,0,1,1.0
2000,CRC,0.0,0.0,2.0,2.0,1,1,0,2,1.0
1992,CRO,0.0,1.0,2.0,3.0,0,0,0,0,0.0
1996,CRO,1.0,1.0,0.0,2.0,0,1,2,3,3.0
2000,CRO,1.0,0.0,1.0,2.0,1,2,2,5,2.5
2004,CRO,1.0,2.0,2.0,5.0,2,2,3,7,2.3333333333333335
2008,CRO,0.0,2.0,3.0,5.0,3,4,5,12,3.0
2012,CRO,3.0,1.0,2.0,6.0,3,6,8,17,4.0
2016,CRO,5.0,3.0,2.0,10.0,6,7,10,23,5.333333333333333
2020,CRO,3.0,3.0,2.0,8.0,11,10,12,33,7.0
2024,CRO,2.0,2.0,3.0,7.0,14,13,14,41,8.0
1900,CUB,1.0,1.0,0.0,2.0,0,0,0,0,0.0
1904,CUB,4.0,0.0,0.0,4.0,1,1,0,2,2.0
1948,CUB,0.0,1.0,0.0,1.0,5,1,0,6,3.0
1964,CUB,0.0,1.0,0.0,1.0,5,2,0,7,2.3333333333333335
1968,CUB,0.0,4.0,0.0,4.0,5,3,0,8,2.0
1972,CUB,3.0,1.0,4.0,8.0,5,7,0,12,2.0
1976,CUB,6.0,4.0,3.0,13.0,8,8,4,20,4.333333333333333
1980,CUB,8.0,7.0,5.0,20.0,14,12,7,33,8.333333333333334
1992,CUB,14.0,6.0,11.0,31.0,22,19,12,53,13.666666666666666
1996,CUB,9.0,8.0,8.0,25.0,36,25,23,84,21.333333333333332
2000,CUB,11.0,11.0,7.0,29.0,45,33,31,109,25.333333333333332
2004,CUB,9.0,7.0,11.0,27.0,56,44,38,138,28.333333333333332
2008,CUB,2.0,11.0,11.0,24.0,65,51,49,165,27.0
2012,CUB,5.0,3.0,6.0,14.0,67,62,60,189,26.666666666666668
2016,CUB,5.0,2.0,4.0,11.0,72,65,66,203,21.666666666666668
2020,CUB,7.0,3.0,5.0,15.0,77,67,70,214,16.333333333333332
2024,CUB,2.0,1.0,6.0,9.0,84,70,75,229,13.333333333333334
2012,CYP,0.0,1.0,0.0,1.0,0,0,0,0,0.0
2024,CYP,0.0,1.0,0.0,1.0,0,1,0,1,1.0
1996,CZE,4.0,3.0,4.0,11.0,0,0,0,0,0.0
2000,CZE,2.0,3.0,3.0,8.0,4,3,4,11,11.0
2004,CZE,1.0,3.0,5.0,9.0,6,6,7,19,9.5
2008,CZE,3.0,3.0,0.0,6.0,7,9,12,28,9.333333333333334
2012,CZE,4.0,3.0,3.0,10.0,10,12,12,34,7.666666666666667
2016,CZE,1.0,2.0,7.0,10.0,14,15,15,44,8.333333333333334
2020,CZE,4.0,4.0,3.0,11.0,15,17,22,54,8.666666666666666
2024,CZE,3.0,0.0,2.0,5.0,19,21,25,65,10.333333333333334
1896,DEN,1.0,2.0,3.0,6.0,0,0,0,0,0.0
1900,DEN,2.0,3.0,2.0,7.0,1,2,3,6,6.0
1906,DEN,3.0,2.0,1.0,6.0,3,5,5,13,6.5
1908,DEN,0.0,2.0,3.0,5.0,6,7,6,19,6.333333333333333
1912,DEN,1.0,6.0,5.0,12.0,6,9,9,24,6.0
1920,DEN,3.0,9.0,1.0,13.0,7,15,14,36,7.666666666666667
1924,DEN,2.0,6.0,3.0,11.0,10,24,15,49,10.0
1928,DEN,3.0,2.0,4.0,9.0,12,30,18,60,12.0
1932,DEN,0.0,5.0,3.0,8.0,15,32,22,69,11.0
1936,DEN,0.0,2.0,3.0,5.0,15,37,25,77,9.333333333333334
1948,DEN,5.0,8.0,9.0,22.0,15,39,28,82,7.333333333333333
1952,DEN,2.0,1.0,3.0,6.0,20,47,37,104,11.666666666666666
1956,DEN,1.0,2.0,1.0,4.0,22,48,40,110,11.0
1960,DEN,2.0,3.0,1.0,6.0,23,50,41,114,10.666666666666666
1964,DEN,2.0,1.0,3.0,6.0,25,53,42,120,5.333333333333333
1968,DEN,1.0,4.0,3.0,8.0,27,54,45,126,5.333333333333333
1972,DEN,1.0,0.0,0.0,1.0,28,58,48,134,6.666666666666667
1976,DEN,1.0,0.0,2.0,3.0,29,58,48,135,5.0
1980,DEN,2.0,1.0,2.0,5.0,30,58,50,138,4.0
1984,DEN,0.0,3.0,3.0,6.0,32,59,52,143,3.0
1988,DEN,2.0,1.0,1.0,4.0,32,62,55,149,4.666666666666667
1992,DEN,1.0,1.0,4.0,6.0,34,63,56,153,5.0
1996,DEN,4.0,1.0,1.0,6.0,35,64,60,159,5.333333333333333
2000,DEN,2.0,3.0,1.0,6.0,39,65,61,165,5.333333333333333
2004,DEN,2.0,1.0,5.0,8.0,41,68,62,171,6.0
2008,DEN,2.0,2.0,3.0,7.0,43,69,67,179,6.666666666666667
2012,DEN,2.0,4.0,3.0,9.0,45,71,70,186,7.0
2016,DEN,2.0,6.0,7.0,15.0,47,75,73,195,8.0
2020,DEN,3.0,4.0,4.0,11.0,49,81,80,210,10.333333333333334
2024,DEN,2.0,2.0,5.0,9.0,52,85,84,221,11.666666666666666
1988,DJI,0.0,0.0,1.0,1.0,0,0,0,0,0.0
2024,DMA,1.0,0.0,0.0,1.0,0,0,0,0,0.0
1984,DOM,0.0,0.0,1.0,1.0,0,0,0,0,0.0
2004,DOM,1.0,0.0,0.0,1.0,0,0,1,1,1.0
2008,DOM,1.0,1.0,0.0,2.0,1,0,1,2,1.0
2012,DOM,1.0,1.0,0.0,2.0,2,1,1,4,1.3333333333333333
2016,DOM,0.0,0.0,1.0,1.0,3,2,1,6,1.6666666666666667
2020,DOM,0.0,3.0,2.0,5.0,3,2,2,7,1.6666666666666667
2024,DOM,1.0,0.0,2.0,3.0,3,5,4,12,2.6666666666666665
1996,ECU,1.0,0.0,0.0,1.0,0,0,0,0,0.0
2008,ECU,0.0,1.0,0.0,1.0,1,0,0,1,1.0
2020,ECU,2.0,1.0,0.0,3.0,1,1,0,2,1.0
2024,ECU,1.0,2.0,2.0,5.0,3,2,0,5,1.6666666666666667
1928,EGY,2.0,1.0,1.0,4.0,0,0,0,0,0.0
1936,EGY,2.0,1.0,2.0,5.0,2,1,1,4,4.0
1948,EGY,2.0,2.0,1.0,5.0,4,2,3,9,4.5
1952,EGY,0.0,0.0,1.0,1.0,6,4,4,14,4.666666666666667
1984,EGY,0.0,1.0,0.0,1.0,6,4,5,15,3.6666666666666665
2004,EGY,1.0,1.0,3.0,5.0,6,5,5,16,2.3333333333333335
2008,EGY,0.0,0.0,1.0,1.0,7,6,8,21,2.3333333333333335
2012,EGY,0.0,2.0,0.0,2.0,7,6,9,22,2.3333333333333335
2016,EGY,0.0,0.0,3.0,3.0,7,8,9,24,2.6666666666666665
2020,EGY,1.0,1.0,4.0,6.0,7,8,12,27,2.0
2024,EGY,1.0,1.0,1.0,3.0,8,9,16,33,3.6666666666666665
2024,EOR,0.0,0.0,1.0,1.0,0,0,0,0,0.0
2004,ERI,0.0,0.0,1.0,1.0,0,0,0,0,0.0
1900,ESP,1.0,0.0,0.0,1.0,0,0,0,0,0.0
1920,ESP,0.0,2.0,0.0,2.0,1,0,0,1,1.0
1928,ESP,1.0,0.0,0.0,1.0,1,2,0,3,1.5
1932,ESP,0.0,0.0,1.0,1.0,2,2,0,4,1.3333333333333333
1948,ESP,0.0,1.0,0.0,1.0,2,2,1,5,1.3333333333333333
1952,ESP,0.0,1.0,0.0,1.0,2,3,1,6,1.0
1960,ESP,0.0,0.0,1.0,1.0,2,4,1,7,1.0
1972,ESP,0.0,0.0,1.0,1.0,2,4,2,8,1.0
1976,ESP,0.0,2.0,0.0,2.0,2,4,3,9,1.0
1980,ESP,1.0,3.0,2.0,6.0,2,6,3,11,1.3333333333333333
1984,ESP,1.0,2.0,2.0,5.0,3,9,5,17,3.0
1988,ESP,1.0,1.0,2.0,4.0,4,11,7,22,4.333333333333333
1992,ESP,13.0,7.0,2.0,22.0,5,12,9,26,5.0
1996,ESP,5.0,6.0,6.0,17.0,18,19,11,48,10.333333333333334
2000,ESP,3.0,3.0,5.0,11.0,23,25,17,65,14.333333333333334
2004,ESP,3.0,11.0,6.0,20.0,26,28,22,76,16.666666666666668
2008,ESP,5.0,10.0,3.0,18.0,29,39,28,96,16.0
2012,ESP,3.0,10.0,4.0,17.0,34,49,31,114,16.333333333333332
2016,ESP,7.0,4.0,6.0,17.0,37,59,35,131,18.333333333333332
2020,ESP,3.0,8.0,6.0,17.0,44,63,41,148,17.333333333333332
2024,ESP,5.0,4.0,9.0,18.0,47,71,47,165,17.0
1920,EST,1.0,2.0,0.0,3.0,0,0,0,0,0.0
1924,EST,1.0,1.0,4.0,6.0,1,2,0,3,3.0
1928,EST,2.0,1.0,2.0,5.0,2,3,4,9,4.5
1936,EST,2.0,2.0,3.0,7.0,4,4,6,14,4.666666666666667
1992,EST,1.0,0.0,1.0,2.0,6,6,9,21,6.0
2000,EST,1.0,0.0,2.0,3.0,7,6,10,23,4.666666666666667
2004,EST,0.0,1.0,2.0,3.0,8,6,12,26,4.0
2008,EST,1.0,1.0,0.0,2.0,8,7,14,29,2.6666666666666665
2012,EST,0.0,1.0,1.0,2.0,9,8,14,31,2.6666666666666665
2016,EST,0.0,0.0,1.0,1.0,9,9,15,33,2.3333333333333335
2020,EST,1.0,0.0,1.0,2.0,9,9,16,34,1.6666666666666667
1960,ETH,1.0,0.0,0.0,1.0,0,0,0,0,0.0
1964,ETH,1.0,0.0,0.0,1.0,1,0,0,1,1.0
1968,ETH,1.0,1.0,0.0,2.0,2,0,0,2,1.0
1972,ETH,0.0,0.0,2.0,2.0,3,1,0,4,1.3333333333333333
1980,ETH,2.0,0.0,2.0,4.0,3,1,2,6,1.6666666666666667
1992,ETH,1.0,0.0,2.0,3.0,5,1,4,10,2.6666666666666665
1996,ETH,2.0,0.0,1.0,3.0,6,1,6,13,3.0
2000,ETH,4.0,1.0,3.0,8.0,8,1,7,16,3.3333333333333335
2004,ETH,2.0,3.0,2.0,7.0,12,2,10,24,4.666666666666667
2008,ETH,4.0,1.0,2.0,7.0,14,5,12,31,6.0
2012,ETH,3.0,1.0,3.0,7.0,18,6,14,38,7.333333333333333
2016,ETH,1.0,2.0,5.0,8.0,21,7,17,45,7.0
2020,ETH,1.0,1.0,2.0,4.0,22,9,22,53,7.333333333333333
2024,ETH,1.0,3.0,0.0,4.0,23,10,24,57,6.333333333333333
1992,EUN,45.0,38.0,29.0,112.0,0,0,0,0,0.0
2016,FIJ,1.0,0.0,0.0,1.0,0,0,0,0,0.0
2020,FIJ,1.0,0.0,1.0,2.0,1,0,0,1,1.0
2024,FIJ,0.0,1.0,0.0,1.0,2,0,1,3,1.5
1906,FIN,2.0,1.0,1.0,4.0,0,0,0,0,0.0
1908,FIN,1.0,1.0,3.0,5.0,2,1,1,4,4.0
1912,FIN,9.0,8.0,9.0,26.0,3,2,4,9,4.5
1920,FIN,15.0,10.0,9.0,34.0,12,10,13,35,11.666666666666666
1924,FIN,14.0,13.0,10.0,37.0,27,20,22,69,21.666666666666668
1928,FIN,8.0,8.0,9.0,25.0,41,33,32,106,32.333333333333336
1932,FIN,5.0,8.0,12.0,25.0,49,41,41,131,32.0
1936,FIN,8.0,6.0,6.0,20.0,54,49,53,156,29.0
1948,FIN,8.0,8.0,6.0,22.0,62,55,59,176,23.333333333333332
1952,FIN,6.0,3.0,13.0,22.0,70,63,65,198,22.333333333333332
1956,FIN,3.0,1.0,11.0,15.0,76,66,78,220,21.333333333333332
1960,FIN,1.0,1.0,3.0,5.0,79,67,89,235,19.666666666666668
1964,FIN,3.0,0.0,2.0,5.0,80,68,92,240,14.0
1968,FIN,1.0,2.0,1.0,4.0,83,68,94,245,8.333333333333334
1972,FIN,3.0,1.0,4.0,8.0,84,70,95,249,4.666666666666667
1976,FIN,4.0,2.0,0.0,6.0,87,71,99,257,5.666666666666667
1980,FIN,3.0,1.0,4.0,8.0,91,73,99,263,6.0
1984,FIN,4.0,2.0,6.0,12.0,94,74,103,271,7.333333333333333
1988,FIN,1.0,1.0,2.0,4.0,98,76,109,283,8.666666666666666
1992,FIN,1.0,2.0,2.0,5.0,99,77,111,287,8.0
1996,FIN,1.0,2.0,1.0,4.0,100,79,113,292,7.0
2000,FIN,2.0,1.0,1.0,4.0,101,81,114,296,4.333333333333333
2004,FIN,0.0,2.0,0.0,2.0,103,82,115,300,4.333333333333333
2008,FIN,1.0,1.0,2.0,4.0,103,84,115,302,3.3333333333333335
2012,FIN,0.0,1.0,2.0,3.0,104,85,117,306,3.3333333333333335
2016,FIN,0.0,0.0,1.0,1.0,104,86,119,309,3.0
2020,FIN,0.0,0.0,2.0,2.0,104,86,120,310,2.6666666666666665
1896,FRA,5.0,4.0,2.0,11.0,0,0,0,0,0.0
1900,FRA,28.0,40.0,34.0,102.0,5,4,2,11,11.0
1904,FRA,0.0,2.0,0.0,2.0,33,44,36,113,56.5
1906,FRA,15.0,10.0,16.0,41.0,33,46,36,115,38.333333333333336
1908,FRA,5.0,5.0,9.0,19.0,48,56,52,156,48.333333333333336
1912,FRA,7.0,5.0,3.0,15.0,53,61,61,175,20.666666666666668
1920,FRA,9.0,20.0,13.0,42.0,60,66,64,190,25.0
1924,FRA,14.0,14.0,12.0,40.0,69,86,77,232,25.333333333333332
1928,FRA,7.0,12.0,6.0,25.0,83,100,89,272,32.333333333333336
1932,FRA,11.0,5.0,4.0,20.0,90,112,95,297,35.666666666666664
1936,FRA,7.0,6.0,6.0,19.0,101,117,99,317,28.333333333333332
1948,FRA,11.0,6.0,15.0,32.0,108,123,105,336,21.333333333333332
1952,FRA,6.0,6.0,6.0,18.0,119,129,120,368,23.666666666666668
1956,FRA,4.0,4.0,6.0,14.0,125,135,126,386,23.0
1960,FRA,0.0,2.0,3.0,5.0,129,139,132,400,21.333333333333332
1964,FRA,1.0,8.0,6.0,15.0,129,141,135,405,12.333333333333334
1968,FRA,7.0,3.0,5.0,15.0,130,149,141,420,11.333333333333334
1972,FRA,2.0,4.0,7.0,13.0,137,152,146,435,11.666666666666666
1976,FRA,2.0,3.0,4.0,9.0,139,156,153,448,14.333333333333334
1980,FRA,6.0,5.0,3.0,14.0,141,159,157,457,12.333333333333334
1984,FRA,5.0,7.0,16.0,28.0,147,164,160,471,12.0
1988,FRA,6.0,4.0,6.0,16.0,152,171,176,499,17.0
1992,FRA,8.0,5.0,16.0,29.0,158,175,182,515,19.333333333333332
1996,FRA,15.0,7.0,15.0,37.0,166,180,198,544,24.333333333333332
2000,FRA,13.0,14.0,11.0,38.0,181,187,213,581,27.333333333333332
2004,FRA,11.0,9.0,13.0,33.0,194,201,224,619,34.666666666666664
2008,FRA,7.0,16.0,18.0,41.0,205,210,237,652,36.0
2012,FRA,11.0,11.0,13.0,35.0,212,226,255,693,37.333333333333336
2016,FRA,10.0,18.0,14.0,42.0,223,237,268,728,36.333333333333336
2020,FRA,10.0,12.0,11.0,33.0,233,255,282,770,39.333333333333336
2024,FRA,16.0,26.0,22.0,64.0,243,267,293,803,36.666666666666664
1968,FRG,5.0,11.0,10.0,26.0,0,0,0,0,0.0
1972,FRG,13.0,11.0,16.0,40.0,5,11,10,26,26.0
1976,FRG,10.0,12.0,17.0,39.0,18,22,26,66,33.0
1984,FRG,17.0,19.0,23.0,59.0,28,34,43,105,35.0
1988,FRG,11.0,14.0,15.0,40.0,45,53,66,164,46.0
2012,GAB,0.0,1.0,0.0,1.0,0,0,0,0,0.0
1896,GBR,3.0,3.0,3.0,9.0,0,0,0,0,0.0
1900,GBR,19.0,11.0,12.0,42.0,3,3,3,9,9.0
1904,GBR,1.0,1.0,0.0,2.0,22,14,15,51,25.5
1906,GBR,8.0,12.0,5.0,25.0,23,15,15,53,17.666666666666668
1908,GBR,56.0,50.0,37.0,143.0,31,27,20,78,23.0
1912,GBR,10.0,15.0,16.0,41.0,87,77,57,221,56.666666666666664
1920,GBR,14.0,16.0,13.0,43.0,97,92,73,262,69.66666666666667
1924,GBR,9.0,14.0,12.0,35.0,111,108,86,305,75.66666666666667
1928,GBR,4.0,11.0,7.0,22.0,120,122,98,340,39.666666666666664
1932,GBR,5.0,7.0,5.0,17.0,124,133,105,362,33.333333333333336
1936,GBR,4.0,7.0,3.0,14.0,129,140,110,379,24.666666666666668
1948,GBR,4.0,16.0,7.0,27.0,133,147,113,393,17.666666666666668
1952,GBR,1.0,2.0,8.0,11.0,137,163,120,420,19.333333333333332
1956,GBR,6.0,7.0,11.0,24.0,138,165,128,431,17.333333333333332
1960,GBR,2.0,6.0,12.0,20.0,144,172,139,455,20.666666666666668
1964,GBR,4.0,12.0,2.0,18.0,146,178,151,475,18.333333333333332
1968,GBR,5.0,5.0,3.0,13.0,150,190,153,493,20.666666666666668
1972,GBR,4.0,5.0,9.0,18.0,155,195,156,506,17.0
1976,GBR,3.0,5.0,5.0,13.0,159,200,165,524,16.333333333333332
1980,GBR,5.0,7.0,9.0,21.0,162,205,170,537,14.666666666666666
1984,GBR,5.0,11.0,21.0,37.0,167,212,179,558,17.333333333333332
1988,GBR,5.0,10.0,9.0,24.0,172,223,200,595,23.666666666666668
1992,GBR,5.0,3.0,12.0,20.0,177,233,209,619,27.333333333333332
1996,GBR,1.0,8.0,6.0,15.0,182,236,221,639,27.0
2000,GBR,11.0,10.0,7.0,28.0,183,244,227,654,19.666666666666668
2004,GBR,9.0,9.0,12.0,30.0,194,254,234,682,21.0
2008,GBR,19.0,13.0,16.0,48.0,203,263,246,712,24.333333333333332
2012,GBR,29.0,17.0,19.0,65.0,222,276,262,760,35.333333333333336
2016,GBR,27.0,23.0,17.0,67.0,251,293,281,825,47.666666666666664
2020,GBR,22.0,20.0,22.0,64.0,278,316,298,892,60.0
2024,GBR,14.0,22.0,29.0,65.0,300,336,320,956,65.33333333333333
1968,GDR,9.0,9.0,7.0,25.0,0,0,0,0,0.0
1972,GDR,20.0,23.0,23.0,66.0,9,9,7,25,25.0
1976,GDR,40.0,25.0,25.0,90.0,29,32,30,91,45.5
1980,GDR,47.0,37.0,42.0,126.0,69,57,55,181,60.333333333333336
1988,GDR,37.0,35.0,30.0,102.0,116,94,97,307,94.0
1996,GEO,0.0,0.0,2.0,2.0,0,0,0,0,0.0
2000,GEO,0.0,0.0,6.0,6.0,0,0,2,2,2.0
2004,GEO,2.0,2.0,0.0,4.0,0,0,8,8,4.0
2008,GEO,3.0,0.0,3.0,6.0,2,2,8,12,4.0
2012,GEO,1.0,3.0,3.0,7.0,5,2,11,18,5.333333333333333
2016,GEO,2.0,1.0,4.0,7.0,6,5,14,25,5.666666666666667
2020,GEO,2.0,5.0,1.0,8.0,8,6,18,32,6.666666666666667
2024,GEO,3.0,3.0,1.0,7.0,10,11,19,40,7.333333333333333
1896,GER,7.0,5.0,2.0,14.0,0,0,0,0,0.0
1900,GER,4.0,3.0,1.0,8.0,7,5,2,14,14.0
1904,GER,4.0,5.0,7.0,16.0,11,8,3,22,11.0
1906,GER,4.0,6.0,4.0,14.0,15,13,10,38,12.666666666666666
1908,GER,3.0,5.0,5.0,13.0,19,19,14,52,12.666666666666666
1912,GER,6.0,13.0,7.0,26.0,22,24,19,65,14.333333333333334
1928,GER,11.0,9.0,19.0,39.0,28,37,26,91,17.666666666666668
1932,GER,5.0,12.0,7.0,24.0,39,46,45,130,26.0
1936,GER,38.0,31.0,32.0,101.0,44,58,52,154,29.666666666666668
1952,GER,0.0,7.0,17.0,24.0,82,89,84,255,54.666666666666664
1956,GER,6.0,13.0,7.0,26.0,82,96,101,279,49.666666666666664
1960,GER,12.0,19.0,11.0,42.0,88,109,108,305,50.333333333333336
1964,GER,10.0,22.0,18.0,50.0,100,128,119,347,30.666666666666668
1992,GER,33.0,21.0,28.0,82.0,110,150,137,397,39.333333333333336
1996,GER,20.0,18.0,27.0,65.0,143,171,165,479,58.0
2000,GER,13.0,17.0,26.0,56.0,163,189,192,544,65.66666666666667
2004,GER,13.0,16.0,20.0,49.0,176,206,218,600,67.66666666666667
2008,GER,16.0,10.0,15.0,41.0,189,222,238,649,56.666666666666664
2012,GER,11.0,19.0,14.0,44.0,205,232,253,690,48.666666666666664
2016,GER,17.0,10.0,15.0,42.0,216,251,267,734,44.666666666666664
2020,GER,10.0,11.0,16.0,37.0,233,261,282,776,42.333333333333336
2024,GER,12.0,13.0,8.0,33.0,243,272,298,813,41.0
1960,GHA,0.0,1.0,0.0,1.0,0,0,0,0,0.0
1964,GHA,0.0,0.0,1.0,1.0,0,1,0,1,1.0
1972,GHA,0.0,0.0,1.0,1.0,0,1,1,2,1.0
1992,GHA,0.0,0.0,1.0,1.0,0,1,2,3,1.0
2020,GHA,0.0,0.0,1.0,1.0,0,1,3,4,1.0
1896,GRE,10.0,17.0,17.0,44.0,0,0,0,0,0.0
1904,GRE,1.0,0.0,1.0,2.0,10,17,17,44,44.0
1906,GRE,8.0,14.0,13.0,35.0,11,17,18,46,23.0
1908,GRE,0.0,3.0,1.0,4.0,19,31,31,81,27.0
1912,GRE,1.0,0.0,1.0,2.0,19,34,32,85,13.666666666666666
1920,GRE,0.0,1.0,0.0,1.0,20,34,33,87,13.666666666666666
1924,GRE,1.0,0.0,0.0,1.0,20,35,33,88,2.3333333333333335
1956,GRE,0.0,0.0,1.0,1.0,21,35,33,89,1.3333333333333333
1960,GRE,1.0,0.0,0.0,1.0,21,35,34,90,1.0
1968,GRE,0.0,0.0,1.0,1.0,22,35,34,91,1.0
1972,GRE,0.0,2.0,0.0,2.0,22,35,35,92,1.0
1980,GRE,1.0,0.0,2.0,3.0,22,37,35,94,1.3333333333333333
1984,GRE,0.0,1.0,1.0,2.0,23,37,37,97,2.0
1988,GRE,0.0,0.0,1.0,1.0,23,38,38,99,2.3333333333333335
1992,GRE,2.0,0.0,0.0,2.0,23,38,39,100,2.0
1996,GRE,4.0,4.0,0.0,8.0,25,38,39,102,1.6666666666666667
2000,GRE,4.0,6.0,3.0,13.0,29,42,39,110,3.6666666666666665
2004,GRE,6.0,6.0,4.0,16.0,33,48,42,123,7.666666666666667
2008,GRE,0.0,2.0,2.0,4.0,39,54,46,139,12.333333333333334
2012,GRE,0.0,0.0,2.0,2.0,39,56,48,143,11.0
2016,GRE,3.0,1.0,2.0,6.0,39,56,50,145,7.333333333333333
2020,GRE,2.0,1.0,1.0,4.0,42,57,52,151,4.0
2024,GRE,1.0,1.0,6.0,8.0,44,58,53,155,4.0
2012,GRN,1.0,0.0,0.0,1.0,0,0,0,0,0.0
2016,GRN,0.0,1.0,0.0,1.0,1,0,0,1,1.0
2020,GRN,0.0,0.0,1.0,1.0,1,1,0,2,1.0
2024,GRN,0.0,0.0,2.0,2.0,1,1,1,3,1.0
2012,GUA,0.0,1.0,0.0,1.0,0,0,0,0,0.0
2024,GUA,1.0,0.0,1.0,2.0,0,1,0,1,1.0
1980,GUY,0.0,0.0,1.0,1.0,0,0,0,0,0.0
1900,HAI,1.0,0.0,0.0,1.0,0,0,0,0,0.0
1924,HAI,0.0,0.0,1.0,1.0,1,0,0,1,1.0
1928,HAI,0.0,1.0,0.0,1.0,1,0,1,2,1.0
1996,HKG,1.0,0.0,0.0,1.0,0,0,0,0,0.0
2004,HKG,0.0,1.0,0.0,1.0,1,0,0,1,1.0
2012,HKG,0.0,0.0,1.0,1.0,1,1,0,2,1.0
2020,HKG,1.0,2.0,3.0,6.0,1,1,1,3,1.0
2024,HKG,2.0,0.0,2.0,4.0,2,3,4,9,2.6666666666666665
1896,HUN,2.0,1.0,3.0,6.0,0,0,0,0,0.0
1900,HUN,1.0,2.0,2.0,5.0,2,1,3,6,6.0
1904,HUN,2.0,1.0,1.0,4.0,3,3,5,11,5.5
1906,HUN,2.0,5.0,3.0,10.0,5,4,6,15,5.0
1908,HUN,3.0,4.0,2.0,9.0,7,9,9,25,6.333333333333333
1912,HUN,3.0,2.0,3.0,8.0,10,13,11,34,7.666666666666667
1924,HUN,2.0,4.0,4.0,10.0,13,15,14,42,9.0
1928,HUN,5.0,5.0,0.0,10.0,15,19,18,52,9.0
1932,HUN,6.0,5.0,5.0,16.0,20,24,18,62,9.333333333333334
1936,HUN,10.0,1.0,5.0,16.0,26,29,23,78,12.0
1948,HUN,10.0,5.0,12.0,27.0,36,30,28,94,14.0
1952,HUN,16.0,10.0,16.0,42.0,46,35,40,121,19.666666666666668
1956,HUN,9.0,10.0,7.0,26.0,62,45,56,163,28.333333333333332
1960,HUN,6.0,8.0,7.0,21.0,71,55,63,189,31.666666666666668
1964,HUN,10.0,7.0,5.0,22.0,77,63,70,210,29.666666666666668
1968,HUN,10.0,10.0,12.0,32.0,87,70,75,232,23.0
1972,HUN,6.0,13.0,16.0,35.0,97,80,87,264,25.0
1976,HUN,4.0,5.0,13.0,22.0,103,93,103,299,29.666666666666668
1980,HUN,7.0,10.0,15.0,32.0,107,98,116,321,29.666666666666668
1988,HUN,11.0,6.0,6.0,23.0,114,108,131,353,29.666666666666668
1992,HUN,11.0,12.0,7.0,30.0,125,114,137,376,25.666666666666668
1996,HUN,7.0,4.0,10.0,21.0,136,126,144,406,28.333333333333332
2000,HUN,8.0,6.0,3.0,17.0,143,130,154,427,24.666666666666668
2004,HUN,8.0,6.0,3.0,17.0,151,136,157,444,22.666666666666668
2008,HUN,3.0,5.0,2.0,10.0,159,142,160,461,18.333333333333332
2012,HUN,8.0,4.0,6.0,18.0,162,147,162,471,14.666666666666666
2016,HUN,8.0,3.0,4.0,15.0,170,151,168,489,15.0
2020,HUN,6.0,7.0,7.0,20.0,178,154,172,504,14.333333333333334
2024,HUN,6.0,7.0,6.0,19.0,184,161,179,524,17.666666666666668
1988,INA,0.0,1.0,0.0,1.0,0,0,0,0,0.0
1992,INA,2.0,2.0,1.0,5.0,0,1,0,1,1.0
1996,INA,1.0,1.0,2.0,4.0,2,3,1,6,3.0
2000,INA,1.0,3.0,2.0,6.0,3,4,3,10,3.3333333333333335
2004,INA,1.0,1.0,2.0,4.0,4,7,5,16,5.0
2008,INA,1.0,1.0,3.0,5.0,5,8,7,20,4.666666666666667
2012,INA,0.0,1.0,1.0,2.0,6,9,10,25,5.0
2016,INA,1.0,2.0,0.0,3.0,6,10,11,27,3.6666666666666665
2020,INA,1.0,1.0,3.0,5.0,7,12,11,30,3.3333333333333335
2024,INA,2.0,0.0,1.0,3.0,8,13,14,35,3.3333333333333335
1900,IND,0.0,2.0,0.0,2.0,0,0,0,0,0.0
1928,IND,1.0,0.0,0.0,1.0,0,2,0,2,2.0
1932,IND,1.0,0.0,0.0,1.0,1,2,0,3,1.5
1936,IND,1.0,0.0,0.0,1.0,2,2,0,4,1.3333333333333333
1948,IND,1.0,0.0,0.0,1.0,3,2,0,5,1.0
1952,IND,1.0,0.0,1.0,2.0,4,2,0,6,1.0
1956,IND,1.0,0.0,0.0,1.0,5,2,1,8,1.3333333333333333
1960,IND,0.0,1.0,0.0,1.0,6,2,1,9,1.3333333333333333
1964,IND,1.0,0.0,0.0,1.0,6,3,1,10,1.3333333333333333
1968,IND,0.0,0.0,1.0,1.0,7,3,1,11,1.0
1972,IND,0.0,0.0,1.0,1.0,7,3,2,12,1.0
1980,IND,1.0,0.0,0.0,1.0,7,3,3,13,1.0
1996,IND,0.0,0.0,1.0,1.0,8,3,3,14,1.0
2000,IND,0.0,0.0,1.0,1.0,8,3,4,15,1.0
2004,IND,0.0,1.0,0.0,1.0,8,3,5,16,1.0
2008,IND,1.0,0.0,2.0,3.0,8,4,5,17,1.0
2012,IND,0.0,2.0,4.0,6.0,9,4,7,20,1.6666666666666667
2016,IND,0.0,1.0,1.0,2.0,9,6,11,26,3.3333333333333335
2020,IND,1.0,2.0,4.0,7.0,9,7,12,28,3.6666666666666665
2024,IND,0.0,1.0,5.0,6.0,10,9,16,35,5.0
1992,IOA,0.0,1.0,2.0,3.0,0,0,0,0,0.0
2016,IOA,1.0,0.0,1.0,2.0,0,1,2,3,3.0
1948,IRI,0.0,0.0,1.0,1.0,0,0,0,0,0.0
1952,IRI,0.0,3.0,4.0,7.0,0,0,1,1,1.0
1956,IRI,2.0,2.0,1.0,5.0,0,3,5,8,4.0
1960,IRI,0.0,1.0,3.0,4.0,2,5,6,13,4.333333333333333
1964,IRI,0.0,0.0,2.0,2.0,2,6,9,17,5.333333333333333
1968,IRI,2.0,1.0,2.0,5.0,2,6,11,19,3.6666666666666665
1972,IRI,0.0,2.0,1.0,3.0,4,7,13,24,3.6666666666666665
1976,IRI,0.0,1.0,1.0,2.0,4,9,14,27,3.3333333333333335
1988,IRI,0.0,1.0,0.0,1.0,4,10,15,29,3.3333333333333335
1992,IRI,0.0,1.0,2.0,3.0,4,11,15,30,2.0
1996,IRI,1.0,1.0,1.0,3.0,4,12,17,33,2.0
2000,IRI,3.0,0.0,1.0,4.0,5,13,18,36,2.3333333333333335
2004,IRI,2.0,2.0,2.0,6.0,8,13,19,40,3.3333333333333335
2008,IRI,1.0,0.0,1.0,2.0,10,15,21,46,4.333333333333333
2012,IRI,4.0,5.0,3.0,12.0,11,15,22,48,4.0
2016,IRI,3.0,1.0,4.0,8.0,15,20,25,60,6.666666666666667
2020,IRI,3.0,2.0,2.0,7.0,18,21,29,68,7.333333333333333
2024,IRI,3.0,6.0,3.0,12.0,21,23,31,75,9.0
1924,IRL,0.0,1.0,1.0,2.0,0,0,0,0,0.0
1928,IRL,1.0,0.0,0.0,1.0,0,1,1,2,2.0
1932,IRL,2.0,0.0,0.0,2.0,1,1,1,3,1.5
1948,IRL,0.0,0.0,1.0,1.0,3,1,1,5,1.6666666666666667
1952,IRL,0.0,1.0,0.0,1.0,3,1,2,6,1.3333333333333333
1956,IRL,1.0,1.0,3.0,5.0,3,2,2,7,1.3333333333333333
1964,IRL,0.0,0.0,1.0,1.0,4,3,5,12,2.3333333333333335
1980,IRL,0.0,1.0,1.0,2.0,4,3,6,13,2.3333333333333335
1984,IRL,0.0,1.0,0.0,1.0,4,4,7,15,2.6666666666666665
1992,IRL,1.0,1.0,0.0,2.0,4,5,7,16,1.3333333333333333
1996,IRL,3.0,0.0,1.0,4.0,5,6,7,18,1.6666666666666667
2000,IRL,0.0,1.0,0.0,1.0,8,6,8,22,2.3333333333333335
2008,IRL,0.0,1.0,2.0,3.0,8,7,8,23,2.3333333333333335
2012,IRL,1.0,1.0,3.0,5.0,8,8,10,26,2.6666666666666665
2016,IRL,0.0,2.0,0.0,2.0,9,9,13,31,3.0
2020,IRL,2.0,0.0,2.0,4.0,9,11,13,33,3.3333333333333335
2024,IRL,4.0,0.0,3.0,7.0,11,11,15,37,3.6666666666666665
1960,IRQ,0.0,0.0,1.0,1.0,0,0,0,0,0.0
1956,ISL,0.0,1.0,0.0,1.0,0,0,0,0,0.0
1984,ISL,0.0,0.0,1.0,1.0,0,1,0,1,1.0
2000,ISL,0.0,0.0,1.0,1.0,0,1,1,2,1.0
2008,ISL,0.0,1.0,0.0,1.0,0,1,2,3,1.0
1992,ISR,0.0,1.0,1.0,2.0,0,0,0,0,0.0
1996,ISR,0.0,0.0,1.0,1.0,0,1,1,2,2.0
2000,ISR,0.0,0.0,1.0,1.0,0,1,2,3,1.5
2004,ISR,1.0,0.0,1.0,2.0,0,1,3,4,1.3333333333333333
2008,ISR,0.0,0.0,1.0,1.0,1,1,4,6,1.3333333333333333
2016,ISR,0.0,0.0,2.0,2.0,1,1,5,7,1.3333333333333333
2020,ISR,2.0,0.0,2.0,4.0,1,1,7,9,1.6666666666666667
2024,ISR,1.0,5.0,1.0,7.0,3,1,9,13,2.3333333333333335
1988,ISV,0.0,1.0,0.0,1.0,0,0,0,0,0.0
1900,ITA,3.0,2.0,0.0,5.0,0,0,0,0,0.0
1906,ITA,7.0,6.0,3.0,16.0,3,2,0,5,5.0
1908,ITA,2.0,2.0,0.0,4.0,10,8,3,21,10.5
1912,ITA,5.0,1.0,2.0,8.0,12,10,3,25,8.333333333333334
1920,ITA,14.0,6.0,5.0,25.0,17,11,5,33,9.333333333333334
1924,ITA,8.0,3.0,5.0,16.0,31,17,10,58,12.333333333333334
1928,ITA,7.0,6.0,7.0,20.0,39,20,15,74,16.333333333333332
1932,ITA,12.0,12.0,12.0,36.0,46,26,22,94,20.333333333333332
1936,ITA,9.0,13.0,5.0,27.0,58,38,34,130,24.0
1948,ITA,9.0,12.0,10.0,31.0,67,51,39,157,27.666666666666668
1952,ITA,8.0,9.0,4.0,21.0,76,63,49,188,31.333333333333332
1956,ITA,8.0,8.0,9.0,25.0,84,72,53,209,26.333333333333332
1960,ITA,13.0,10.0,13.0,36.0,92,80,62,234,25.666666666666668
1964,ITA,10.0,10.0,7.0,27.0,105,90,75,270,27.333333333333332
1968,ITA,3.0,4.0,9.0,16.0,115,100,82,297,29.333333333333332
1972,ITA,5.0,3.0,10.0,18.0,118,104,91,313,26.333333333333332
1976,ITA,2.0,7.0,4.0,13.0,123,107,101,331,20.333333333333332
1980,ITA,8.0,3.0,4.0,15.0,125,114,105,344,15.666666666666666
1984,ITA,14.0,6.0,12.0,32.0,133,117,109,359,15.333333333333334
1988,ITA,6.0,4.0,4.0,14.0,147,123,121,391,20.0
1992,ITA,6.0,5.0,8.0,19.0,153,127,125,405,20.333333333333332
1996,ITA,13.0,10.0,12.0,35.0,159,132,133,424,21.666666666666668
2000,ITA,13.0,8.0,13.0,34.0,172,142,145,459,22.666666666666668
2004,ITA,10.0,11.0,11.0,32.0,185,150,158,493,29.333333333333332
2008,ITA,8.0,9.0,10.0,27.0,195,161,169,525,33.666666666666664
2012,ITA,8.0,9.0,11.0,28.0,203,170,179,552,31.0
2016,ITA,8.0,12.0,8.0,28.0,211,179,190,580,29.0
2020,ITA,10.0,10.0,20.0,40.0,219,191,198,608,27.666666666666668
2024,ITA,12.0,13.0,15.0,40.0,229,201,218,648,32.0
1948,JAM,1.0,2.0,0.0,3.0,0,0,0,0,0.0
1952,JAM,2.0,3.0,0.0,5.0,1,2,0,3,3.0
1968,JAM,0.0,1.0,0.0,1.0,3,5,0,8,4.0
1972,JAM,0.0,0.0,1.0,1.0,3,6,0,9,3.0
1976,JAM,1.0,1.0,0.0,2.0,3,6,1,10,2.3333333333333335
1980,JAM,0.0,0.0,3.0,3.0,4,7,1,12,1.3333333333333333
1984,JAM,0.0,1.0,2.0,3.0,4,7,4,15,2.0
1988,JAM,0.0,2.0,0.0,2.0,4,8,6,18,2.6666666666666665
1992,JAM,0.0,3.0,1.0,4.0,4,10,6,20,2.6666666666666665
1996,JAM,1.0,3.0,2.0,6.0,4,13,7,24,3.0
2000,JAM,0.0,6.0,3.0,9.0,5,16,9,30,4.0
2004,JAM,2.0,1.0,2.0,5.0,5,22,12,39,6.333333333333333
2008,JAM,5.0,2.0,2.0,9.0,7,23,14,44,6.666666666666667
2012,JAM,4.0,4.0,4.0,12.0,12,25,16,53,7.666666666666667
2016,JAM,6.0,3.0,2.0,11.0,16,29,20,65,8.666666666666666
2020,JAM,4.0,1.0,4.0,9.0,22,32,22,76,10.666666666666666
2024,JAM,1.0,3.0,2.0,6.0,26,33,26,85,10.666666666666666
2016,JOR,1.0,0.0,0.0,1.0,0,0,0,0,0.0
2020,JOR,0.0,1.0,1.0,2.0,1,0,0,1,1.0
2024,JOR,0.0,1.0,0.0,1.0,1,1,1,3,1.5
1920,JPN,0.0,2.0,0.0,2.0,0,0,0,0,0.0
1924,JPN,0.0,0.0,1.0,1.0,0,2,0,2,2.0
1928,JPN,2.0,2.0,1.0,5.0,0,2,1,3,1.5
1932,JPN,7.0,7.0,4.0,18.0,2,4,2,8,2.6666666666666665
1936,JPN,6.0,4.0,10.0,20.0,9,11,6,26,8.0
1952,JPN,1.0,6.0,1.0,8.0,15,15,16,46,14.333333333333334
1956,JPN,4.0,10.0,3.0,17.0,16,21,17,54,15.333333333333334
1960,JPN,4.0,7.0,7.0,18.0,20,31,20,71,15.0
1964,JPN,16.0,5.0,8.0,29.0,24,38,27,89,14.333333333333334
1968,JPN,11.0,7.0,7.0,25.0,40,43,35,118,21.333333333333332
1972,JPN,13.0,8.0,8.0,29.0,51,50,42,143,24.0
1976,JPN,9.0,6.0,10.0,25.0,64,58,50,172,27.666666666666668
1984,JPN,10.0,7.0,14.0,31.0,73,64,60,197,26.333333333333332
1988,JPN,4.0,3.0,7.0,14.0,83,71,74,228,28.333333333333332
1992,JPN,3.0,8.0,11.0,22.0,87,74,81,242,23.333333333333332
1996,JPN,3.0,6.0,5.0,14.0,90,82,92,264,22.333333333333332
2000,JPN,5.0,8.0,5.0,18.0,93,88,97,278,16.666666666666668
2004,JPN,16.0,9.0,12.0,37.0,98,96,102,296,18.0
2008,JPN,9.0,7.0,9.0,25.0,114,105,114,333,23.0
2012,JPN,7.0,14.0,17.0,38.0,123,112,123,358,26.666666666666668
2016,JPN,12.0,8.0,21.0,41.0,130,126,140,396,33.333333333333336
2020,JPN,27.0,14.0,17.0,58.0,142,134,161,437,34.666666666666664
2024,JPN,20.0,12.0,13.0,45.0,169,148,178,495,45.666666666666664
1996,KAZ,3.0,4.0,4.0,11.0,0,0,0,0,0.0
2000,KAZ,3.0,4.0,0.0,7.0,3,4,4,11,11.0
2004,KAZ,1.0,4.0,3.0,8.0,6,8,4,18,9.0
2008,KAZ,2.0,4.0,7.0,13.0,7,12,7,26,8.666666666666666
2012,KAZ,7.0,1.0,5.0,13.0,9,16,14,39,9.333333333333334
2016,KAZ,3.0,5.0,10.0,18.0,16,17,19,52,11.333333333333334
2020,KAZ,0.0,0.0,8.0,8.0,19,22,29,70,14.666666666666666
2024,KAZ,1.0,3.0,3.0,7.0,19,22,37,78,13.0
1964,KEN,0.0,0.0,1.0,1.0,0,0,0,0,0.0
1968,KEN,3.0,4.0,2.0,9.0,0,0,1,1,1.0
1972,KEN,2.0,3.0,4.0,9.0,3,4,3,10,5.0
1984,KEN,1.0,0.0,2.0,3.0,5,7,7,19,6.333333333333333
1988,KEN,5.0,2.0,2.0,9.0,6,7,9,22,7.0
1992,KEN,2.0,4.0,2.0,8.0,11,9,11,31,7.0
1996,KEN,1.0,4.0,3.0,8.0,13,13,13,39,6.666666666666667
2000,KEN,2.0,3.0,2.0,7.0,14,17,16,47,8.333333333333334
2004,KEN,1.0,4.0,2.0,7.0,16,20,18,54,7.666666666666667
2008,KEN,6.0,4.0,5.0,15.0,17,24,20,61,7.333333333333333
2012,KEN,2.0,4.0,5.0,11.0,23,28,25,76,9.666666666666666
2016,KEN,6.0,6.0,1.0,13.0,25,32,30,87,11.0
2020,KEN,4.0,4.0,2.0,10.0,31,38,31,100,13.0
2024,KEN,4.0,2.0,5.0,11.0,35,42,33,110,11.333333333333334
2000,KGZ,0.0,0.0,1.0,1.0,0,0,0,0,0.0
2008,KGZ,0.0,1.0,1.0,2.0,0,0,1,1,1.0
2020,KGZ,0.0,2.0,1.0,3.0,0,1,2,3,1.5
2024,KGZ,0.0,2.0,4.0,6.0,0,3,3,6,2.0
1948,KOR,0.0,0.0,2.0,2.0,0,0,0,0,0.0
1952,KOR,0.0,0.0,2.0,2.0,0,0,2,2,2.0
1956,KOR,0.0,1.0,1.0,2.0,0,0,4,4,2.0
1964,KOR,0.0,2.0,1.0,3.0,0,1,5,6,2.0
1968,KOR,0.0,1.0,1.0,2.0,0,3,6,9,2.3333333333333335
1972,KOR,0.0,1.0,0.0,1.0,0,4,7,11,2.3333333333333335
1976,KOR,1.0,1.0,4.0,6.0,0,5,7,12,2.0
1984,KOR,6.0,6.0,7.0,19.0,1,6,11,18,3.0
1988,KOR,12.0,10.0,11.0,33.0,7,12,18,37,8.666666666666666
1992,KOR,12.0,5.0,11.0,28.0,19,22,29,70,19.333333333333332
1996,KOR,7.0,15.0,5.0,27.0,31,27,40,98,26.666666666666668
2000,KOR,8.0,10.0,10.0,28.0,38,42,45,125,29.333333333333332
2004,KOR,9.0,12.0,9.0,30.0,46,52,55,153,27.666666666666668
2008,KOR,13.0,10.0,8.0,31.0,55,64,64,183,28.333333333333332
2012,KOR,13.0,8.0,7.0,28.0,68,74,72,214,29.666666666666668
2016,KOR,9.0,3.0,9.0,21.0,81,82,79,242,29.666666666666668
2020,KOR,6.0,4.0,10.0,20.0,90,85,88,263,26.666666666666668
2024,KOR,13.0,9.0,10.0,32.0,96,89,98,283,23.0
2016,KOS,1.0,0.0,0.0,1.0,0,0,0,0,0.0
2020,KOS,2.0,0.0,0.0,2.0,1,0,0,1,1.0
2024,KOS,0.0,1.0,1.0,2.0,3,0,0,3,1.5
2000,KSA,0.0,1.0,1.0,2.0,0,0,0,0,0.0
2012,KSA,0.0,0.0,1.0,1.0,0,1,1,2,2.0
2020,KSA,0.0,1.0,0.0,1.0,0,1,2,3,1.5
2000,KUW,0.0,0.0,1.0,1.0,0,0,0,0,0.0
2012,KUW,0.0,0.0,1.0,1.0,0,0,1,1,1.0
2020,KUW,0.0,0.0,1.0,1.0,0,0,2,2,1.0
1932,LAT,0.0,1.0,0.0,1.0,0,0,0,0,0.0
1936,LAT,0.0,1.0,1.0,2.0,0,1,0,1,1.0
1992,LAT,0.0,2.0,1.0,3.0,0,2,1,3,1.5
1996,LAT,0.0,1.0,0.0,1.0,0,4,2,6,2.0
2000,LAT,1.0,1.0,1.0,3.0,0,5,2,7,2.0
2004,LAT,0.0,4.0,0.0,4.0,1,6,3,10,2.3333333333333335
2008,LAT,1.0,1.0,1.0,3.0,1,10,3,14,2.6666666666666665
2012,LAT,1.0,0.0,1.0,2.0,2,11,4,17,3.3333333333333335
2020,LAT,1.0,0.0,1.0,2.0,3,11,5,19,3.0
2024,LCA,1.0,1.0,0.0,2.0,0,0,0,0,0.0
1952,LIB,0.0,1.0,1.0,2.0,0,0,0,0,0.0
1972,LIB,0.0,1.0,0.0,1.0,0,1,1,2,2.0
1980,LIB,0.0,0.0,1.0,1.0,0,2,1,3,1.5
1992,LTU,1.0,0.0,1.0,2.0,0,0,0,0,0.0
1996,LTU,0.0,0.0,1.0,1.0,1,0,1,2,2.0
2000,LTU,2.0,0.0,3.0,5.0,1,0,2,3,1.5
2004,LTU,1.0,2.0,0.0,3.0,3,0,5,8,2.6666666666666665
2008,LTU,0.0,2.0,3.0,5.0,4,2,5,11,3.0
2012,LTU,2.0,1.0,2.0,5.0,4,4,8,16,4.333333333333333
2016,LTU,0.0,1.0,3.0,4.0,6,5,10,21,4.333333333333333
2020,LTU,0.0,1.0,0.0,1.0,6,6,13,25,4.666666666666667
2024,LTU,0.0,2.0,2.0,4.0,6,7,13,26,3.3333333333333335
1900,LUX,1.0,0.0,0.0,1.0,0,0,0,0,0.0
1920,LUX,0.0,1.0,0.0,1.0,1,0,0,1,1.0
1924,LUX,1.0,1.0,0.0,2.0,1,1,0,2,1.0
1928,LUX,1.0,0.0,0.0,1.0,2,2,0,4,1.3333333333333333
1952,LUX,1.0,0.0,0.0,1.0,3,2,0,5,1.3333333333333333
1960,MAR,0.0,1.0,0.0,1.0,0,0,0,0,0.0
1984,MAR,2.0,0.0,0.0,2.0,0,1,0,1,1.0
1988,MAR,1.0,0.0,2.0,3.0,2,1,0,3,1.5
1992,MAR,1.0,1.0,1.0,3.0,3,1,2,6,2.0
1996,MAR,0.0,0.0,2.0,2.0,4,2,3,9,2.6666666666666665
2000,MAR,0.0,1.0,4.0,5.0,4,2,5,11,2.6666666666666665
2004,MAR,2.0,1.0,0.0,3.0,4,3,9,16,3.3333333333333335
2008,MAR,0.0,1.0,1.0,2.0,6,4,9,19,3.3333333333333335
2012,MAR,0.0,0.0,1.0,1.0,6,5,10,21,3.3333333333333335
2016,MAR,0.0,0.0,1.0,1.0,6,5,11,22,2.0
2020,MAR,1.0,0.0,0.0,1.0,6,5,12,23,1.3333333333333333
2024,MAR,1.0,0.0,1.0,2.0,7,5,12,24,1.0
1992,MAS,0.0,0.0,1.0,1.0,0,0,0,0,0.0
1996,MAS,0.0,1.0,1.0,2.0,0,0,1,1,1.0
2008,MAS,0.0,1.0,0.0,1.0,0,1,2,3,1.5
2012,MAS,0.0,1.0,1.0,2.0,0,2,2,4,1.3333333333333333
2016,MAS,0.0,4.0,1.0,5.0,0,3,3,6,1.6666666666666667
2020,MAS,0.0,1.0,1.0,2.0,0,7,4,11,2.6666666666666665
2024,MAS,0.0,0.0,2.0,2.0,0,8,5,13,3.0
1996,MDA,0.0,1.0,1.0,2.0,0,0,0,0,0.0
2000,MDA,0.0,1.0,1.0,2.0,0,1,1,2,2.0
2008,MDA,0.0,0.0,1.0,1.0,0,2,2,4,2.0
2012,MDA,0.0,0.0,2.0,2.0,0,2,3,5,1.6666666666666667
2020,MDA,0.0,0.0,1.0,1.0,0,2,5,7,1.6666666666666667
2024,MDA,0.0,1.0,3.0,4.0,0,2,6,8,1.3333333333333333
1900,MEX,0.0,0.0,1.0,1.0,0,0,0,0,0.0
1932,MEX,0.0,2.0,0.0,2.0,0,0,1,1,1.0
1936,MEX,0.0,0.0,3.0,3.0,0,2,1,3,1.5
1948,MEX,2.0,1.0,2.0,5.0,0,2,4,6,2.0
1952,MEX,0.0,1.0,0.0,1.0,2,3,6,11,3.3333333333333335
1956,MEX,1.0,0.0,1.0,2.0,2,4,6,12,3.0
1960,MEX,0.0,0.0,1.0,1.0,3,4,7,14,2.6666666666666665
1964,MEX,0.0,0.0,1.0,1.0,3,4,8,15,1.3333333333333333
1968,MEX,3.0,3.0,3.0,9.0,3,4,9,16,1.3333333333333333
1972,MEX,0.0,1.0,0.0,1.0,6,7,12,25,3.6666666666666665
1976,MEX,1.0,0.0,1.0,2.0,6,8,12,26,3.6666666666666665
1980,MEX,0.0,1.0,3.0,4.0,7,8,13,28,4.0
1984,MEX,2.0,3.0,1.0,6.0,7,9,16,32,2.3333333333333335
1988,MEX,0.0,0.0,2.0,2.0,9,12,17,38,4.0
1992,MEX,0.0,1.0,0.0,1.0,9,12,19,40,4.0
1996,MEX,0.0,0.0,1.0,1.0,9,13,19,41,3.0
2000,MEX,1.0,2.0,3.0,6.0,9,13,20,42,1.3333333333333333
2004,MEX,0.0,3.0,1.0,4.0,10,15,23,48,2.6666666666666665
2008,MEX,2.0,0.0,1.0,3.0,10,18,24,52,3.6666666666666665
2012,MEX,1.0,3.0,3.0,7.0,12,18,25,55,4.333333333333333
2016,MEX,0.0,3.0,2.0,5.0,13,21,28,62,4.666666666666667
2020,MEX,0.0,0.0,4.0,4.0,13,24,30,67,5.0
2024,MEX,0.0,3.0,2.0,5.0,13,24,34,71,5.333333333333333
1968,MGL,0.0,1.0,3.0,4.0,0,0,0,0,0.0
1972,MGL,0.0,1.0,0.0,1.0,0,1,3,4,4.0
1976,MGL,0.0,1.0,0.0,1.0,0,2,3,5,2.5
1980,MGL,0.0,2.0,2.0,4.0,0,3,3,6,2.0
1988,MGL,0.0,0.0,1.0,1.0,0,5,5,10,2.0
1992,MGL,0.0,0.0,2.0,2.0,0,5,6,11,2.0
1996,MGL,0.0,0.0,1.0,1.0,0,5,8,13,2.3333333333333335
2004,MGL,0.0,0.0,1.0,1.0,0,5,9,14,1.3333333333333333
2008,MGL,2.0,2.0,0.0,4.0,0,5,10,15,1.3333333333333333
2012,MGL,0.0,2.0,3.0,5.0,2,7,10,19,2.0
2016,MGL,0.0,1.0,1.0,2.0,2,9,13,24,3.3333333333333335
2020,MGL,0.0,1.0,3.0,4.0,2,10,14,26,3.6666666666666665
2024,MGL,0.0,1.0,0.0,1.0,2,11,17,30,3.6666666666666665
2000,MKD,0.0,0.0,1.0,1.0,0,0,0,0,0.0
2020,MKD,0.0,1.0,0.0,1.0,0,0,1,1,1.0
2012,MNE,0.0,1.0,0.0,1.0,0,0,0,0,0.0
1924,MON,0.0,0.0,1.0,1.0,0,0,0,0,0.0
1996,MOZ,0.0,0.0,1.0,1.0,0,0,0,0,0.0
2000,MOZ,1.0,0.0,0.0,1.0,0,0,1,1,1.0
2008,MRI,0.0,0.0,1.0,1.0,0,0,0,0,0.0
1992,NAM,0.0,2.0,0.0,2.0,0,0,0,0,0.0
1996,NAM,0.0,2.0,0.0,2.0,0,2,0,2,2.0
2020,NAM,0.0,1.0,0.0,1.0,0,4,0,4,2.0
1900,NED,1.0,2.0,4.0,7.0,0,0,0,0,0.0
1906,NED,0.0,1.0,2.0,3.0,1,2,4,7,7.0
1908,NED,0.0,0.0,2.0,2.0,1,3,6,10,5.0
1912,NED,0.0,0.0,3.0,3.0,1,3,8,12,4.0
1920,NED,4.0,2.0,5.0,11.0,1,3,11,15,2.6666666666666665
1924,NED,4.0,1.0,6.0,11.0,5,5,16,26,5.333333333333333
1928,NED,8.0,10.0,5.0,23.0,9,6,22,37,8.333333333333334
1932,NED,2.0,5.0,1.0,8.0,17,16,27,60,15.0
1936,NED,6.0,4.0,7.0,17.0,19,21,28,68,14.0
1948,NED,5.0,2.0,9.0,16.0,25,25,35,85,16.0
1952,NED,0.0,5.0,0.0,5.0,30,27,44,101,13.666666666666666
1960,NED,0.0,1.0,2.0,3.0,30,32,44,106,12.666666666666666
1964,NED,2.0,4.0,4.0,10.0,30,33,46,109,8.0
1968,NED,3.0,3.0,1.0,7.0,32,37,50,119,6.0
1972,NED,3.0,1.0,1.0,5.0,35,40,51,126,6.666666666666667
1976,NED,0.0,2.0,3.0,5.0,38,41,52,131,7.333333333333333
1980,NED,0.0,1.0,2.0,3.0,38,43,55,136,5.666666666666667
1984,NED,5.0,2.0,6.0,13.0,38,44,57,139,4.333333333333333
1988,NED,2.0,2.0,5.0,9.0,43,46,63,152,7.0
1992,NED,2.0,6.0,7.0,15.0,45,48,68,161,8.333333333333334
1996,NED,4.0,5.0,10.0,19.0,47,54,75,176,12.333333333333334
2000,NED,12.0,9.0,4.0,25.0,51,59,85,195,14.333333333333334
2004,NED,4.0,9.0,9.0,22.0,63,68,89,220,19.666666666666668
2008,NED,7.0,5.0,4.0,16.0,67,77,98,242,22.0
2012,NED,6.0,6.0,8.0,20.0,74,82,102,258,21.0
2016,NED,8.0,7.0,4.0,19.0,80,88,110,278,19.333333333333332
2020,NED,10.0,12.0,14.0,36.0,88,95,114,297,18.333333333333332
2024,NED,15.0,7.0,12.0,34.0,98,107,128,333,25.0
1964,NGR,0.0,0.0,1.0,1.0,0,0,0,0,0.0
1972,NGR,0.0,0.0,1.0,1.0,0,0,1,1,1.0
1984,NGR,0.0,1.0,1.0,2.0,0,0,2,2,1.0
1992,NGR,0.0,3.0,1.0,4.0,0,1,3,4,1.3333333333333333
1996,NGR,2.0,1.0,3.0,6.0,0,4,4,8,2.3333333333333335
2000,NGR,1.0,2.0,0.0,3.0,2,5,7,14,4.0
2004,NGR,0.0,0.0,2.0,2.0,3,7,7,17,4.333333333333333
2008,NGR,0.0,1.0,3.0,4.0,3,7,9,19,3.6666666666666665
2016,NGR,0.0,0.0,1.0,1.0,3,8,12,23,3.0
2020,NGR,0.0,1.0,1.0,2.0,3,8,13,24,2.3333333333333335
1972,NIG,0.0,0.0,1.0,1.0,0,0,0,0,0.0
2016,NIG,0.0,1.0,0.0,1.0,0,0,1,1,1.0
1900,NOR,0.0,2.0,3.0,5.0,0,0,0,0,0.0
1904,NOR,2.0,0.0,0.0,2.0,0,2,3,5,5.0
1906,NOR,1.0,1.0,0.0,2.0,2,2,3,7,3.5
1908,NOR,2.0,3.0,3.0,8.0,3,3,3,9,3.0
1912,NOR,4.0,1.0,5.0,10.0,5,6,6,17,4.0
1920,NOR,10.0,10.0,9.0,29.0,9,7,11,27,6.666666666666667
1924,NOR,5.0,2.0,3.0,10.0,19,17,20,56,15.666666666666666
1928,NOR,1.0,2.0,1.0,4.0,24,19,23,66,16.333333333333332
1936,NOR,1.0,3.0,2.0,6.0,25,21,24,70,14.333333333333334
1948,NOR,1.0,3.0,3.0,7.0,26,24,26,76,6.666666666666667
1952,NOR,3.0,2.0,0.0,5.0,27,27,29,83,5.666666666666667
1956,NOR,1.0,0.0,2.0,3.0,30,29,29,88,6.0
1960,NOR,1.0,0.0,0.0,1.0,31,29,31,91,5.0
1968,NOR,1.0,1.0,0.0,2.0,32,29,31,92,3.0
1972,NOR,2.0,1.0,1.0,4.0,33,30,31,94,2.0
1976,NOR,1.0,1.0,0.0,2.0,35,31,32,98,2.3333333333333335
1984,NOR,0.0,1.0,2.0,3.0,36,32,32,100,2.6666666666666665
1988,NOR,2.0,3.0,0.0,5.0,36,33,34,103,3.0
1992,NOR,2.0,4.0,1.0,7.0,38,36,34,108,3.3333333333333335
1996,NOR,2.0,2.0,3.0,7.0,40,40,35,115,5.0
2000,NOR,4.0,3.0,3.0,10.0,42,42,38,122,6.333333333333333
2004,NOR,5.0,0.0,1.0,6.0,46,45,41,132,8.0
2008,NOR,3.0,5.0,1.0,9.0,51,45,42,138,7.666666666666667
2012,NOR,2.0,1.0,1.0,4.0,54,50,43,147,8.333333333333334
2016,NOR,0.0,0.0,4.0,4.0,56,51,44,151,6.333333333333333
2020,NOR,4.0,2.0,2.0,8.0,56,51,48,155,5.666666666666667
2024,NOR,4.0,1.0,3.0,8.0,60,53,50,163,5.333333333333333
1900,NZL,1.0,0.0,0.0,1.0,0,0,0,0,0.0
1920,NZL,0.0,0.0,1.0,1.0,1,0,0,1,1.0
1924,NZL,0.0,0.0,1.0,1.0,1,0,1,2,1.0
1928,NZL,1.0,0.0,0.0,1.0,1,0,2,3,1.0
1932,NZL,0.0,1.0,0.0,1.0,2,0,2,4,1.0
1936,NZL,1.0,0.0,0.0,1.0,2,1,2,5,1.0
1952,NZL,1.0,0.0,2.0,3.0,3,1,2,6,1.0
1956,NZL,2.0,0.0,0.0,2.0,4,1,4,9,1.6666666666666667
1960,NZL,2.0,0.0,1.0,3.0,6,1,4,11,2.0
1964,NZL,3.0,0.0,2.0,5.0,8,1,5,14,2.6666666666666665
1968,NZL,1.0,0.0,2.0,3.0,11,1,7,19,3.3333333333333335
1972,NZL,1.0,1.0,1.0,3.0,12,1,9,22,3.6666666666666665
1976,NZL,2.0,1.0,1.0,4.0,13,2,10,25,3.6666666666666665
1984,NZL,8.0,1.0,2.0,11.0,15,3,11,29,3.3333333333333335
1988,NZL,3.0,2.0,8.0,13.0,23,4,13,40,6.0
1992,NZL,1.0,4.0,5.0,10.0,26,6,21,53,9.333333333333334
1996,NZL,3.0,2.0,1.0,6.0,27,10,26,63,11.333333333333334
2000,NZL,1.0,0.0,3.0,4.0,30,12,27,69,9.666666666666666
2004,NZL,3.0,2.0,0.0,5.0,31,12,30,73,6.666666666666667
2008,NZL,3.0,2.0,4.0,9.0,34,14,30,78,5.0
2012,NZL,6.0,2.0,5.0,13.0,37,16,34,87,6.0
2016,NZL,4.0,9.0,5.0,18.0,43,18,39,100,9.0
2020,NZL,7.0,6.0,7.0,20.0,47,27,44,118,13.333333333333334
2024,NZL,10.0,7.0,3.0,20.0,54,33,51,138,17.0
1956,PAK,0.0,1.0,0.0,1.0,0,0,0,0,0.0
1960,PAK,1.0,0.0,1.0,2.0,0,1,0,1,1.0
1964,PAK,0.0,1.0,0.0,1.0,1,1,1,3,1.5
1968,PAK,1.0,0.0,0.0,1.0,1,2,1,4,1.3333333333333333
1972,PAK,0.0,1.0,0.0,1.0,2,2,1,5,1.3333333333333333
1976,PAK,0.0,0.0,1.0,1.0,2,3,1,6,1.0
1984,PAK,1.0,0.0,0.0,1.0,2,3,2,7,1.0
1988,PAK,0.0,0.0,1.0,1.0,3,3,2,8,1.0
1992,PAK,0.0,0.0,1.0,1.0,3,3,3,9,1.0
2024,PAK,1.0,0.0,0.0,1.0,3,3,4,10,1.0
1948,PAN,0.0,0.0,2.0,2.0,0,0,0,0,0.0
2008,PAN,1.0,0.0,0.0,1.0,0,0,2,2,2.0
2024,PAN,0.0,1.0,0.0,1.0,1,0,2,3,1.5
2004,PAR,0.0,1.0,0.0,1.0,0,0,0,0,0.0
1948,PER,1.0,0.0,0.0,1.0,0,0,0,0,0.0
1984,PER,0.0,1.0,0.0,1.0,1,0,0,1,1.0
1988,PER,0.0,1.0,0.0,1.0,1,1,0,2,1.0
1992,PER,0.0,1.0,0.0,1.0,1,2,0,3,1.0
2024,PER,0.0,0.0,1.0,1.0,1,3,0,4,1.0
1928,PHI,0.0,0.0,1.0,1.0,0,0,0,0,0.0
1932,PHI,0.0,0.0,3.0,3.0,0,0,1,1,1.0
1936,PHI,0.0,0.0,1.0,1.0,0,0,4,4,2.0
1964,PHI,0.0,1.0,0.0,1.0,0,0,5,5,1.6666666666666667
1988,PHI,0.0,0.0,1.0,1.0,0,1,5,6,1.6666666666666667
1992,PHI,0.0,0.0,1.0,1.0,0,1,6,7,1.0
1996,PHI,0.0,1.0,0.0,1.0,0,1,7,8,1.0
2016,PHI,0.0,1.0,0.0,1.0,0,2,7,9,1.0
2020,PHI,1.0,2.0,1.0,4.0,0,3,7,10,1.0
2024,PHI,2.0,0.0,2.0,4.0,1,5,8,14,2.0
1924,POL,0.0,1.0,1.0,2.0,0,0,0,0,0.0
1928,POL,2.0,1.0,4.0,7.0,0,1,1,2,2.0
1932,POL,3.0,2.0,4.0,9.0,2,2,5,9,4.5
1936,POL,0.0,4.0,5.0,9.0,5,4,9,18,6.0
1948,POL,1.0,0.0,1.0,2.0,5,8,14,27,8.333333333333334
1952,POL,1.0,2.0,1.0,4.0,6,8,15,29,6.666666666666667
1956,POL,1.0,4.0,4.0,9.0,7,10,16,33,5.0
1960,POL,4.0,6.0,11.0,21.0,8,14,20,42,5.0
1964,POL,7.0,6.0,10.0,23.0,12,20,31,63,11.333333333333334
1968,POL,5.0,2.0,11.0,18.0,19,26,41,86,17.666666666666668
1972,POL,7.0,5.0,9.0,21.0,24,28,52,104,20.666666666666668
1976,POL,7.0,6.0,13.0,26.0,31,33,61,125,20.666666666666668
1980,POL,3.0,14.0,15.0,32.0,38,39,74,151,21.666666666666668
1988,POL,2.0,5.0,9.0,16.0,41,53,89,183,26.333333333333332
1992,POL,3.0,6.0,10.0,19.0,43,58,98,199,24.666666666666668
1996,POL,7.0,5.0,5.0,17.0,46,64,108,218,22.333333333333332
2000,POL,6.0,5.0,3.0,14.0,53,69,113,235,17.333333333333332
2004,POL,3.0,2.0,5.0,10.0,59,74,116,249,16.666666666666668
2008,POL,3.0,6.0,1.0,10.0,62,76,121,259,13.666666666666666
2012,POL,2.0,2.0,6.0,10.0,65,82,122,269,11.333333333333334
2016,POL,2.0,3.0,6.0,11.0,67,84,128,279,10.0
2020,POL,4.0,5.0,5.0,14.0,69,87,134,290,10.333333333333334
2024,POL,1.0,4.0,5.0,10.0,73,92,139,304,11.666666666666666
1924,POR,0.0,0.0,1.0,1.0,0,0,0,0,0.0
1928,POR,0.0,0.0,1.0,1.0,0,0,1,1,1.0
1936,POR,0.0,0.0,1.0,1.0,0,0,2,2,1.0
1948,POR,0.0,1.0,1.0,2.0,0,0,3,3,1.0
1952,POR,0.0,0.0,1.0,1.0,0,1,4,5,1.3333333333333333
1960,POR,0.0,1.0,0.0,1.0,0,1,5,6,1.3333333333333333
1976,POR,0.0,2.0,0.0,2.0,0,2,5,7,1.3333333333333333
1984,POR,1.0,0.0,2.0,3.0,0,4,5,9,1.3333333333333333
1988,POR,1.0,0.0,0.0,1.0,1,4,7,12,2.0
1996,POR,1.0,0.0,1.0,2.0,2,4,7,13,2.0
2000,POR,0.0,0.0,2.0,2.0,3,4,8,15,2.0
2004,POR,0.0,2.0,1.0,3.0,3,4,10,17,1.6666666666666667
2008,POR,1.0,1.0,0.0,2.0,3,6,11,20,2.3333333333333335
2012,POR,0.0,1.0,0.0,1.0,4,7,11,22,2.3333333333333335
2016,POR,0.0,0.0,1.0,1.0,4,8,11,23,2.0
2020,POR,1.0,1.0,2.0,4.0,4,8,12,24,1.3333333333333333
2024,POR,1.0,2.0,1.0,4.0,5,9,14,28,2.0
1972,PRK,1.0,1.0,3.0,5.0,0,0,0,0,0.0
1976,PRK,1.0,1.0,0.0,2.0,1,1,3,5,5.0
1980,PRK,0.0,3.0,2.0,5.0,2,2,3,7,3.5
1992,PRK,4.0,0.0,5.0,9.0,2,5,5,12,4.0
1996,PRK,2.0,1.0,2.0,5.0,6,5,10,21,5.333333333333333
2000,PRK,0.0,1.0,3.0,4.0,8,6,12,26,6.333333333333333
2004,PRK,0.0,4.0,1.0,5.0,8,7,15,30,6.0
2008,PRK,2.0,1.0,3.0,6.0,8,11,16,35,4.666666666666667
2012,PRK,4.0,0.0,2.0,6.0,10,12,19,41,5.0
2016,PRK,2.0,3.0,2.0,7.0,14,12,21,47,5.666666666666667
2024,PRK,0.0,2.0,4.0,6.0,16,15,23,54,6.333333333333333
1948,PUR,0.0,0.0,1.0,1.0,0,0,0,0,0.0
1976,PUR,0.0,0.0,1.0,1.0,0,0,1,1,1.0
1984,PUR,0.0,1.0,1.0,2.0,0,0,2,2,1.0
1992,PUR,0.0,0.0,1.0,1.0,0,1,3,4,1.3333333333333333
1996,PUR,0.0,0.0,1.0,1.0,0,1,4,5,1.3333333333333333
2012,PUR,0.0,1.0,1.0,2.0,0,1,5,6,1.3333333333333333
2016,PUR,1.0,0.0,0.0,1.0,0,2,6,8,1.3333333333333333
2020,PUR,1.0,0.0,0.0,1.0,1,2,6,9,1.3333333333333333
2024,PUR,0.0,0.0,2.0,2.0,2,2,6,10,1.3333333333333333
1992,QAT,0.0,0.0,1.0,1.0,0,0,0,0,0.0
2000,QAT,0.0,0.0,1.0,1.0,0,0,1,1,1.0
2012,QAT,0.0,0.0,2.0,2.0,0,0,2,2,1.0
2016,QAT,0.0,1.0,0.0,1.0,0,0,4,4,1.3333333333333333
2020,QAT,2.0,0.0,1.0,3.0,0,1,4,5,1.3333333333333333
2024,QAT,0.0,0.0,1.0,1.0,2,1,5,8,2.0
2020,ROC,20.0,28.0,23.0,71.0,0,0,0,0,0.0
1924,ROU,0.0,0.0,1.0,1.0,0,0,0,0,0.0
1936,ROU,0.0,1.0,0.0,1.0,0,0,1,1,1.0
1952,ROU,1.0,1.0,2.0,4.0,0,1,1,2,1.0
1956,ROU,5.0,3.0,5.0,13.0,1,2,3,6,2.0
1960,ROU,3.0,1.0,6.0,10.0,6,5,8,19,6.0
1964,ROU,2.0,4.0,6.0,12.0,9,6,14,29,9.0
1968,ROU,4.0,6.0,5.0,15.0,11,10,20,41,11.666666666666666
1972,ROU,3.0,6.0,7.0,16.0,15,16,25,56,12.333333333333334
1976,ROU,4.0,9.0,14.0,27.0,18,22,32,72,14.333333333333334
1980,ROU,6.0,6.0,13.0,25.0,22,31,46,99,19.333333333333332
1984,ROU,19.0,16.0,17.0,52.0,28,37,59,124,22.666666666666668
1988,ROU,7.0,11.0,6.0,24.0,47,53,76,176,34.666666666666664
1992,ROU,4.0,6.0,8.0,18.0,54,64,82,200,33.666666666666664
1996,ROU,4.0,7.0,8.0,19.0,58,70,90,218,31.333333333333332
2000,ROU,11.0,6.0,9.0,26.0,62,77,98,237,20.333333333333332
2004,ROU,8.0,5.0,6.0,19.0,73,83,107,263,21.0
2008,ROU,4.0,1.0,3.0,8.0,81,88,113,282,21.333333333333332
2012,ROU,2.0,5.0,2.0,9.0,85,89,116,290,17.666666666666668
2016,ROU,1.0,1.0,2.0,4.0,87,94,118,299,12.0
2020,ROU,1.0,3.0,0.0,4.0,88,95,120,303,7.0
2024,ROU,3.0,4.0,2.0,9.0,89,98,120,307,5.666666666666667
1908,RSA,1.0,1.0,0.0,2.0,0,0,0,0,0.0
1912,RSA,4.0,2.0,0.0,6.0,1,1,0,2,2.0
1920,RSA,3.0,4.0,3.0,10.0,5,3,0,8,4.0
1924,RSA,1.0,1.0,1.0,3.0,8,7,3,18,6.0
1928,RSA,1.0,0.0,2.0,3.0,9,8,4,21,6.333333333333333
1932,RSA,2.0,0.0,3.0,5.0,10,8,6,24,5.333333333333333
1936,RSA,0.0,1.0,0.0,1.0,12,8,9,29,3.6666666666666665
1948,RSA,2.0,2.0,2.0,6.0,12,9,9,30,3.0
1952,RSA,2.0,4.0,4.0,10.0,14,11,11,36,4.0
1956,RSA,0.0,0.0,4.0,4.0,16,15,15,46,5.666666666666667
1960,RSA,0.0,1.0,2.0,3.0,16,15,19,50,6.666666666666667
1992,RSA,0.0,2.0,0.0,2.0,16,16,21,53,5.666666666666667
1996,RSA,3.0,1.0,1.0,5.0,16,18,21,55,3.0
2000,RSA,0.0,2.0,3.0,5.0,19,19,22,60,3.3333333333333335
2004,RSA,1.0,3.0,2.0,6.0,19,21,25,65,4.0
2008,RSA,0.0,1.0,0.0,1.0,20,24,27,71,5.333333333333333
2012,RSA,3.0,2.0,1.0,6.0,20,25,27,72,4.0
2016,RSA,2.0,6.0,2.0,10.0,23,27,28,78,4.333333333333333
2020,RSA,1.0,2.0,0.0,3.0,25,33,30,88,5.666666666666667
2024,RSA,1.0,3.0,2.0,6.0,26,35,30,91,6.333333333333333
1908,RUS,1.0,2.0,0.0,3.0,0,0,0,0,0.0
1912,RUS,0.0,2.0,3.0,5.0,1,2,0,3,3.0
1996,RUS,26.0,21.0,16.0,63.0,1,4,3,8,4.0
2000,RUS,32.0,28.0,29.0,89.0,27,25,19,71,23.666666666666668
2004,RUS,28.0,26.0,36.0,90.0,59,53,48,160,52.333333333333336
2008,RUS,23.0,21.0,28.0,72.0,87,79,84,250,80.66666666666667
2012,RUS,24.0,26.0,32.0,82.0,110,100,112,322,83.66666666666667
2016,RUS,19.0,17.0,20.0,56.0,134,126,144,404,81.33333333333333
1996,SCG,1.0,1.0,2.0,4.0,0,0,0,0,0.0
2000,SCG,1.0,1.0,1.0,3.0,1,1,2,4,4.0
2004,SCG,0.0,2.0,0.0,2.0,2,2,3,7,3.5
1988,SEN,0.0,1.0,0.0,1.0,0,0,0,0,0.0
1960,SGP,0.0,1.0,0.0,1.0,0,0,0,0,0.0
2008,SGP,0.0,1.0,0.0,1.0,0,1,0,1,1.0
2012,SGP,0.0,0.0,2.0,2.0,0,2,0,2,1.0
2016,SGP,1.0,0.0,0.0,1.0,0,2,2,4,1.3333333333333333
2024,SGP,0.0,0.0,1.0,1.0,1,2,2,5,1.3333333333333333
1992,SLO,0.0,0.0,2.0,2.0,0,0,0,0,0.0
1996,SLO,0.0,2.0,0.0,2.0,0,0,2,2,2.0
2000,SLO,2.0,0.0,0.0,2.0,0,2,2,4,2.0
2004,SLO,0.0,1.0,3.0,4.0,2,2,2,6,2.0
2008,SLO,1.0,2.0,2.0,5.0,2,3,5,10,2.6666666666666665
2012,SLO,1.0,1.0,2.0,4.0,3,5,7,15,3.6666666666666665
2016,SLO,1.0,2.0,1.0,4.0,4,6,9,19,4.333333333333333
2020,SLO,3.0,1.0,1.0,5.0,5,8,10,23,4.333333333333333
2024,SLO,2.0,1.0,0.0,3.0,8,9,11,28,4.333333333333333
2020,SMR,0.0,1.0,2.0,3.0,0,0,0,0,0.0
2008,SRB,0.0,1.0,2.0,3.0,0,0,0,0,0.0
2012,SRB,1.0,1.0,2.0,4.0,0,1,2,3,3.0
2016,SRB,2.0,4.0,2.0,8.0,1,2,4,7,3.5
2020,SRB,3.0,1.0,5.0,9.0,3,6,6,15,5.0
2024,SRB,3.0,1.0,1.0,5.0,6,7,11,24,7.0
1948,SRI,0.0,1.0,0.0,1.0,0,0,0,0,0.0
2000,SRI,0.0,1.0,0.0,1.0,0,1,0,1,1.0
2008,SUD,0.0,1.0,0.0,1.0,0,0,0,0,0.0
1896,SUI,1.0,2.0,0.0,3.0,0,0,0,0,0.0
1900,SUI,6.0,2.0,1.0,9.0,1,2,0,3,3.0
1904,SUI,1.0,0.0,2.0,3.0,7,4,1,12,6.0
1906,SUI,4.0,3.0,1.0,8.0,8,4,3,15,5.0
1912,SUI,1.0,0.0,0.0,1.0,12,7,4,23,6.666666666666667
1920,SUI,2.0,2.0,7.0,11.0,13,7,4,24,4.0
1924,SUI,7.0,8.0,10.0,25.0,15,9,11,35,6.666666666666667
1928,SUI,7.0,6.0,4.0,17.0,22,17,21,60,12.333333333333334
1932,SUI,0.0,1.0,0.0,1.0,29,23,25,77,17.666666666666668
1936,SUI,4.0,9.0,5.0,18.0,29,24,25,78,14.333333333333334
1948,SUI,5.0,12.0,5.0,22.0,33,33,30,96,12.0
1952,SUI,2.0,6.0,6.0,14.0,38,45,35,118,13.666666666666666
1956,SUI,0.0,0.0,1.0,1.0,40,51,41,132,18.0
1960,SUI,0.0,3.0,3.0,6.0,40,51,42,133,12.333333333333334
1964,SUI,1.0,2.0,1.0,4.0,40,54,45,139,7.0
1968,SUI,0.0,1.0,4.0,5.0,41,56,46,143,3.6666666666666665
1972,SUI,0.0,3.0,0.0,3.0,41,57,50,148,5.0
1976,SUI,1.0,1.0,2.0,4.0,41,60,50,151,4.0
1980,SUI,2.0,0.0,0.0,2.0,42,61,52,155,4.0
1984,SUI,0.0,4.0,4.0,8.0,44,61,52,157,3.0
1988,SUI,0.0,2.0,2.0,4.0,44,65,56,165,4.666666666666667
1992,SUI,1.0,0.0,0.0,1.0,44,67,58,169,4.666666666666667
1996,SUI,4.0,3.0,0.0,7.0,45,67,58,170,4.333333333333333
2000,SUI,1.0,6.0,2.0,9.0,49,70,58,177,4.0
2004,SUI,1.0,1.0,3.0,5.0,50,76,60,186,5.666666666666667
2008,SUI,2.0,1.0,4.0,7.0,51,77,63,191,7.0
2012,SUI,2.0,2.0,0.0,4.0,53,78,67,198,7.0
2016,SUI,3.0,2.0,2.0,7.0,55,80,67,202,5.333333333333333
2020,SUI,3.0,4.0,6.0,13.0,58,82,69,209,6.0
2024,SUI,1.0,2.0,5.0,8.0,61,86,75,222,8.0
1988,SUR,1.0,0.0,0.0,1.0,0,0,0,0,0.0
1992,SUR,0.0,0.0,1.0,1.0,1,0,0,1,1.0
1996,SVK,1.0,1.0,1.0,3.0,0,0,0,0,0.0
2000,SVK,1.0,3.0,1.0,5.0,1,1,1,3,3.0
2004,SVK,2.0,2.0,2.0,6.0,2,4,2,8,4.0
2008,SVK,3.0,2.0,1.0,6.0,4,6,4,14,4.666666666666667
2012,SVK,0.0,1.0,3.0,4.0,7,8,5,20,5.666666666666667
2016,SVK,2.0,2.0,0.0,4.0,7,9,8,24,5.333333333333333
2020,SVK,1.0,2.0,1.0,4.0,9,11,8,28,4.666666666666667
2024,SVK,0.0,0.0,1.0,1.0,10,13,9,32,4.0
1900,SWE,1.0,0.0,1.0,2.0,0,0,0,0,0.0
1906,SWE,2.0,5.0,7.0,14.0,1,0,1,2,2.0
1908,SWE,8.0,6.0,11.0,25.0,3,5,8,16,8.0
1912,SWE,24.0,24.0,17.0,65.0,11,11,19,41,13.666666666666666
1920,SWE,19.0,20.0,25.0,64.0,35,35,36,106,34.666666666666664
1924,SWE,4.0,13.0,12.0,29.0,54,55,61,170,51.333333333333336
1928,SWE,7.0,6.0,12.0,25.0,58,68,73,199,52.666666666666664
1932,SWE,10.0,5.0,9.0,24.0,65,74,85,224,39.333333333333336
1936,SWE,6.0,5.0,10.0,21.0,75,79,94,248,26.0
1948,SWE,17.0,11.0,18.0,46.0,81,84,104,269,23.333333333333332
1952,SWE,12.0,13.0,10.0,35.0,98,95,122,315,30.333333333333332
1956,SWE,8.0,5.0,6.0,19.0,110,108,132,350,34.0
1960,SWE,1.0,2.0,3.0,6.0,118,113,138,369,33.333333333333336
1964,SWE,2.0,2.0,4.0,8.0,119,115,141,375,20.0
1968,SWE,2.0,1.0,1.0,4.0,121,117,145,383,11.0
1972,SWE,4.0,6.0,6.0,16.0,123,118,146,387,6.0
1976,SWE,4.0,1.0,0.0,5.0,127,124,152,403,9.333333333333334
1980,SWE,3.0,3.0,6.0,12.0,131,125,152,408,8.333333333333334
1984,SWE,2.0,11.0,6.0,19.0,134,128,158,420,11.0
1988,SWE,0.0,4.0,7.0,11.0,136,139,164,439,12.0
1992,SWE,1.0,7.0,4.0,12.0,136,143,171,450,14.0
1996,SWE,2.0,4.0,2.0,8.0,137,150,175,462,14.0
2000,SWE,4.0,5.0,3.0,12.0,139,154,177,470,10.333333333333334
2004,SWE,4.0,2.0,1.0,7.0,143,159,180,482,10.666666666666666
2008,SWE,0.0,4.0,1.0,5.0,147,161,181,489,9.0
2012,SWE,1.0,4.0,3.0,8.0,147,165,182,494,8.0
2016,SWE,2.0,6.0,3.0,11.0,148,169,185,502,6.666666666666667
2020,SWE,3.0,6.0,0.0,9.0,150,175,188,513,8.0
2024,SWE,4.0,4.0,3.0,11.0,153,181,188,522,9.333333333333334
1984,SYR,0.0,1.0,0.0,1.0,0,0,0,0,0.0
1996,SYR,1.0,0.0,0.0,1.0,0,1,0,1,1.0
2004,SYR,0.0,0.0,1.0,1.0,1,1,0,2,1.0
2020,SYR,0.0,0.0,1.0,1.0,1,1,1,3,1.0
1980,TAN,0.0,2.0,0.0,2.0,0,0,0,0,0.0
1920,TCH,0.0,0.0,2.0,2.0,0,0,0,0,0.0
1924,TCH,1.0,4.0,5.0,10.0,0,0,2,2,2.0
1928,TCH,2.0,5.0,2.0,9.0,1,4,7,12,6.0
1932,TCH,1.0,3.0,2.0,6.0,3,9,9,21,7.0
1936,TCH,3.0,5.0,1.0,9.0,4,12,11,27,8.333333333333334
1948,TCH,6.0,2.0,3.0,11.0,7,17,12,36,8.0
1952,TCH,7.0,3.0,3.0,13.0,13,19,15,47,8.666666666666666
1956,TCH,1.0,4.0,1.0,6.0,20,22,18,60,11.0
1960,TCH,3.0,2.0,3.0,8.0,21,26,19,66,10.0
1964,TCH,5.0,6.0,3.0,14.0,24,28,22,74,9.0
1968,TCH,7.0,2.0,4.0,13.0,29,34,25,88,9.333333333333334
1972,TCH,2.0,4.0,2.0,8.0,36,36,29,101,11.666666666666666
1976,TCH,2.0,2.0,4.0,8.0,38,40,31,109,11.666666666666666
1980,TCH,2.0,3.0,9.0,14.0,40,42,35,117,9.666666666666666
1988,TCH,3.0,3.0,2.0,8.0,42,45,44,131,10.0
1992,TCH,4.0,2.0,1.0,7.0,45,48,46,139,10.0
1996,TGA,0.0,1.0,0.0,1.0,0,0,0,0,0.0
1976,THA,0.0,0.0,1.0,1.0,0,0,0,0,0.0
1984,THA,0.0,1.0,0.0,1.0,0,0,1,1,1.0
1988,THA,0.0,0.0,1.0,1.0,0,1,1,2,1.0
1992,THA,0.0,0.0,1.0,1.0,0,1,2,3,1.0
1996,THA,1.0,0.0,1.0,2.0,0,1,3,4,1.0
2000,THA,1.0,0.0,2.0,3.0,1,1,4,6,1.3333333333333333
2004,THA,3.0,1.0,4.0,8.0,2,1,6,9,2.0
2008,THA,2.0,2.0,0.0,4.0,5,2,10,17,4.333333333333333
2012,THA,0.0,2.0,1.0,3.0,7,4,10,21,5.0
2016,THA,2.0,2.0,2.0,6.0,7,6,11,24,5.0
2020,THA,1.0,0.0,1.0,2.0,9,8,13,30,4.333333333333333
2024,THA,1.0,3.0,2.0,6.0,10,8,14,32,3.6666666666666665
2008,TJK,0.0,1.0,1.0,2.0,0,0,0,0,0.0
2012,TJK,0.0,0.0,1.0,1.0,0,1,1,2,2.0
2016,TJK,1.0,0.0,0.0,1.0,0,1,2,3,1.5
2024,TJK,0.0,0.0,3.0,3.0,1,1,2,4,1.3333333333333333
2020,TKM,0.0,1.0,0.0,1.0,0,0,0,0,0.0
2008,TOG,0.0,0.0,1.0,1.0,0,0,0,0,0.0
1960,TPE,0.0,1.0,0.0,1.0,0,0,0,0,0.0
1968,TPE,0.0,0.0,1.0,1.0,0,1,0,1,1.0
1984,TPE,0.0,0.0,1.0,1.0,0,1,1,2,1.0
1992,TPE,0.0,1.0,0.0,1.0,0,1,2,3,1.0
1996,TPE,0.0,1.0,0.0,1.0,0,2,2,4,1.0
2000,TPE,0.0,1.0,4.0,5.0,0,3,2,5,1.0
2004,TPE,2.0,2.0,1.0,5.0,0,4,6,10,2.3333333333333335
2008,TPE,0.0,0.0,4.0,4.0,2,6,7,15,3.6666666666666665
2012,TPE,0.0,1.0,1.0,2.0,2,6,11,19,4.666666666666667
2016,TPE,1.0,0.0,2.0,3.0,2,7,12,21,3.6666666666666665
2020,TPE,2.0,4.0,6.0,12.0,3,7,14,24,3.0
2024,TPE,2.0,0.0,5.0,7.0,5,11,20,36,5.666666666666667
1948,TTO,0.0,1.0,0.0,1.0,0,0,0,0,0.0
1952,TTO,0.0,0.0,2.0,2.0,0,1,0,1,1.0
1964,TTO,0.0,1.0,2.0,3.0,0,1,2,3,1.5
1976,TTO,1.0,0.0,0.0,1.0,0,2,4,6,2.0
1996,TTO,0.0,0.0,2.0,2.0,1,2,4,7,2.0
2000,TTO,0.0,1.0,1.0,2.0,1,2,6,9,2.0
2004,TTO,0.0,0.0,1.0,1.0,1,3,7,11,1.6666666666666667
2008,TTO,1.0,1.0,0.0,2.0,1,3,8,12,1.6666666666666667
2012,TTO,1.0,1.0,2.0,4.0,2,4,8,14,1.6666666666666667
2016,TTO,0.0,0.0,1.0,1.0,3,5,10,18,2.3333333333333335
1964,TUN,0.0,1.0,1.0,2.0,0,0,0,0,0.0
1968,TUN,1.0,0.0,1.0,2.0,0,1,1,2,2.0
1972,TUN,0.0,1.0,0.0,1.0,1,1,2,4,2.0
1996,TUN,0.0,0.0,1.0,1.0,1,2,2,5,1.6666666666666667
2008,TUN,1.0,0.0,0.0,1.0,1,2,3,6,1.3333333333333333
2012,TUN,1.0,1.0,1.0,3.0,2,2,3,7,1.0
2016,TUN,0.0,0.0,3.0,3.0,3,3,4,10,1.6666666666666667
2020,TUN,1.0,1.0,0.0,2.0,3,3,7,13,2.3333333333333335
2024,TUN,1.0,1.0,1.0,3.0,4,4,7,15,2.6666666666666665
1936,TUR,1.0,0.0,1.0,2.0,0,0,0,0,0.0
1948,TUR,6.0,4.0,2.0,12.0,1,0,1,2,2.0
1952,TUR,2.0,0.0,1.0,3.0,7,4,3,14,7.0
1956,TUR,3.0,2.0,2.0,7.0,9,4,4,17,5.666666666666667
1960,TUR,7.0,2.0,0.0,9.0,12,6,6,24,7.333333333333333
1964,TUR,2.0,3.0,1.0,6.0,19,8,6,33,6.333333333333333
1968,TUR,2.0,0.0,0.0,2.0,21,11,7,39,7.333333333333333
1972,TUR,0.0,1.0,0.0,1.0,23,11,7,41,5.666666666666667
1984,TUR,0.0,0.0,3.0,3.0,23,12,7,42,3.0
1988,TUR,1.0,1.0,0.0,2.0,23,12,10,45,2.0
1992,TUR,2.0,2.0,2.0,6.0,24,13,10,47,2.0
1996,TUR,4.0,1.0,1.0,6.0,26,15,12,53,3.6666666666666665
2000,TUR,3.0,0.0,2.0,5.0,30,16,13,59,4.666666666666667
2004,TUR,3.0,3.0,5.0,11.0,33,16,15,64,5.666666666666667
2008,TUR,1.0,3.0,3.0,7.0,36,19,20,75,7.333333333333333
2012,TUR,2.0,2.0,1.0,5.0,37,22,23,82,7.666666666666667
2016,TUR,1.0,3.0,4.0,8.0,39,24,24,87,7.666666666666667
2020,TUR,2.0,2.0,9.0,13.0,40,27,28,95,6.666666666666667
2024,TUR,0.0,3.0,5.0,8.0,42,29,37,108,8.666666666666666
2004,UAE,1.0,0.0,0.0,1.0,0,0,0,0,0.0
2016,UAE,0.0,0.0,1.0,1.0,1,0,0,1,1.0
1960,UAR,0.0,1.0,1.0,2.0,0,0,0,0,0.0
1968,UGA,0.0,1.0,1.0,2.0,0,0,0,0,0.0
1972,UGA,1.0,1.0,0.0,2.0,0,1,1,2,2.0
1980,UGA,0.0,1.0,0.0,1.0,1,2,1,4,2.0
1996,UGA,0.0,0.0,1.0,1.0,1,3,1,5,1.6666666666666667
2012,UGA,1.0,0.0,0.0,1.0,1,3,2,6,1.3333333333333333
2020,UGA,2.0,1.0,1.0,4.0,2,3,2,7,1.0
2024,UGA,1.0,1.0,0.0,2.0,4,4,3,11,2.0
1996,UKR,9.0,2.0,12.0,23.0,0,0,0,0,0.0
2000,UKR,3.0,10.0,10.0,23.0,9,2,12,23,23.0
2004,UKR,8.0,5.0,9.0,22.0,12,12,22,46,23.0
2008,UKR,7.0,5.0,15.0,27.0,20,17,31,68,22.666666666666668
2012,UKR,6.0,5.0,9.0,20.0,27,22,46,95,24.0
2016,UKR,2.0,5.0,4.0,11.0,33,27,55,115,23.0
2020,UKR,1.0,6.0,12.0,19.0,35,32,59,126,19.333333333333332
2024,UKR,3.0,5.0,4.0,12.0,36,38,71,145,16.666666666666668
1952,URS,22.0,29.0,19.0,70.0,0,0,0,0,0.0
1956,URS,37.0,29.0,32.0,98.0,22,29,19,70,70.0
1960,URS,43.0,29.0,31.0,103.0,59,58,51,168,84.0
1964,URS,30.0,30.0,33.0,93.0,102,87,82,271,90.33333333333333
1968,URS,29.0,32.0,30.0,91.0,132,117,115,364,98.0
1972,URS,50.0,27.0,22.0,99.0,161,149,145,455,95.66666666666667
1976,URS,49.0,41.0,35.0,125.0,211,176,167,554,94.33333333333333
1980,URS,80.0,69.0,46.0,195.0,260,217,202,679,105.0
1988,URS,54.0,31.0,46.0,131.0,340,286,248,874,139.66666666666666
1924,URU,1.0,0.0,0.0,1.0,0,0,0,0,0.0
1928,URU,1.0,0.0,0.0,1.0,1,0,0,1,1.0
1932,URU,0.0,0.0,1.0,1.0,2,0,0,2,1.0
1948,URU,0.0,1.0,1.0,2.0,2,0,1,3,1.0
1952,URU,0.0,0.0,2.0,2.0,2,1,2,5,1.3333333333333333
1956,URU,0.0,0.0,1.0,1.0,2,1,4,7,1.6666666666666667
1964,URU,0.0,0.0,1.0,1.0,2,1,5,8,1.6666666666666667
2000,URU,0.0,1.0,0.0,1.0,2,1,6,9,1.3333333333333333
1896,USA,11.0,6.0,2.0,19.0,0,0,0,0,0.0
1900,USA,21.0,16.0,17.0,54.0,11,6,2,19,19.0
1904,USA,76.0,79.0,75.0,230.0,32,22,19,73,36.5
1906,USA,12.0,5.0,6.0,23.0,108,101,94,303,101.0
1908,USA,22.0,12.0,12.0,46.0,120,106,100,326,102.33333333333333
1912,USA,26.0,18.0,19.0,63.0,142,118,112,372,99.66666666666667
1920,USA,41.0,27.0,27.0,95.0,168,136,131,435,44.0
1924,USA,45.0,27.0,27.0,99.0,209,163,158,530,68.0
1928,USA,22.0,18.0,16.0,56.0,254,190,185,629,85.66666666666667
1932,USA,44.0,36.0,30.0,110.0,276,208,201,685,83.33333333333333
1936,USA,24.0,21.0,12.0,57.0,320,244,231,795,88.33333333333333
1948,USA,38.0,27.0,19.0,84.0,344,265,243,852,74.33333333333333
1952,USA,40.0,19.0,17.0,76.0,382,292,262,936,83.66666666666667
1956,USA,32.0,25.0,17.0,74.0,422,311,279,1012,72.33333333333333
1960,USA,34.0,21.0,16.0,71.0,454,336,296,1086,78.0
1964,USA,36.0,26.0,28.0,90.0,488,357,312,1157,73.66666666666667
1968,USA,45.0,28.0,34.0,107.0,524,383,340,1247,78.33333333333333
1972,USA,33.0,31.0,30.0,94.0,569,411,374,1354,89.33333333333333
1976,USA,34.0,35.0,25.0,94.0,602,442,404,1448,97.0
1984,USA,82.0,61.0,30.0,173.0,636,477,429,1542,98.33333333333333
1988,USA,36.0,31.0,27.0,94.0,718,538,459,1715,120.33333333333333
1992,USA,37.0,34.0,37.0,108.0,754,569,486,1809,120.33333333333333
1996,USA,44.0,32.0,25.0,101.0,791,603,523,1917,125.0
2000,USA,36.0,24.0,31.0,91.0,835,635,548,2018,101.0
2004,USA,36.0,39.0,26.0,101.0,871,659,579,2109,100.0
2008,USA,36.0,39.0,35.0,110.0,907,698,605,2210,97.66666666666667
2012,USA,46.0,28.0,29.0,103.0,943,737,640,2320,100.66666666666667
2016,USA,46.0,37.0,38.0,121.0,989,765,669,2423,104.66666666666667
2020,USA,39.0,41.0,33.0,113.0,1035,802,707,2544,111.33333333333333
2024,USA,40.0,44.0,42.0,126.0,1074,843,740,2657,112.33333333333333
1996,UZB,0.0,1.0,1.0,2.0,0,0,0,0,0.0
2000,UZB,1.0,1.0,2.0,4.0,0,1,1,2,2.0
2004,UZB,2.0,1.0,2.0,5.0,1,2,3,6,3.0
2008,UZB,1.0,2.0,3.0,6.0,3,3,5,11,3.6666666666666665
2012,UZB,1.0,0.0,2.0,3.0,4,5,8,17,5.0
2016,UZB,4.0,2.0,7.0,13.0,5,5,10,20,4.666666666666667
2020,UZB,3.0,0.0,2.0,5.0,9,7,17,33,7.333333333333333
2024,UZB,8.0,2.0,3.0,13.0,12,7,19,38,7.0
1952,VEN,0.0,0.0,1.0,1.0,0,0,0,0,0.0
1960,VEN,0.0,0.0,1.0,1.0,0,0,1,1,1.0
1968,VEN,1.0,0.0,0.0,1.0,0,0,2,2,1.0
1976,VEN,0.0,1.0,0.0,1.0,1,0,2,3,1.0
1980,VEN,0.0,1.0,0.0,1.0,1,1,2,4,1.0
1984,VEN,0.0,0.0,3.0,3.0,1,2,2,5,1.0
2004,VEN,0.0,0.0,2.0,2.0,1,2,5,8,1.6666666666666667
2008,VEN,0.0,0.0,1.0,1.0,1,2,7,10,2.0
2012,VEN,1.0,0.0,0.0,1.0,1,2,8,11,2.0
2016,VEN,0.0,1.0,2.0,3.0,2,2,8,12,1.3333333333333333
2020,VEN,1.0,3.0,0.0,4.0,2,3,10,15,1.6666666666666667
2000,VIE,0.0,1.0,0.0,1.0,0,0,0,0,0.0
2008,VIE,0.0,1.0,0.0,1.0,0,1,0,1,1.0
2016,VIE,1.0,1.0,0.0,2.0,0,2,0,2,1.0
1960,WIF,0.0,0.0,2.0,2.0,0,0,0,0,0.0
1924,YUG,2.0,0.0,0.0,2.0,0,0,0,0,0.0
1928,YUG,1.0,1.0,3.0,5.0,2,0,0,2,2.0
1936,YUG,0.0,1.0,0.0,1.0,3,1,3,7,3.5
1948,YUG,0.0,2.0,0.0,2.0,3,2,3,8,2.6666666666666665
1952,YUG,1.0,2.0,0.0,3.0,3,4,3,10,2.6666666666666665
1956,YUG,0.0,3.0,0.0,3.0,4,6,3,13,2.0
1960,YUG,1.0,1.0,0.0,2.0,4,9,3,16,2.6666666666666665
1964,YUG,2.0,1.0,2.0,5.0,5,10,3,18,2.6666666666666665
1968,YUG,3.0,3.0,2.0,8.0,7,11,5,23,3.3333333333333335
1972,YUG,2.0,1.0,2.0,5.0,10,14,7,31,5.0
1976,YUG,2.0,3.0,3.0,8.0,12,15,9,36,6.0
1980,YUG,2.0,3.0,4.0,9.0,14,18,12,44,7.0
1984,YUG,7.0,4.0,7.0,18.0,16,21,16,53,7.333333333333333
1988,YUG,3.0,4.0,5.0,12.0,23,25,23,71,11.666666666666666
1984,ZAM,0.0,0.0,1.0,1.0,0,0,0,0,0.0
1996,ZAM,0.0,1.0,0.0,1.0,0,0,1,1,1.0
2024,ZAM,0.0,0.0,1.0,1.0,0,1,1,2,1.0
1980,ZIM,1.0,0.0,0.0,1.0,0,0,0,0,0.0
2004,ZIM,1.0,1.0,1.0,3.0,1,0,0,1,1.0
2008,ZIM,1.0,3.0,0.0,4.0,2,1,1,4,2.0
