Year,Country,Gold,Silver,Bronze,Total
1896,GRE,10.0,17.0,17.0,44.0
1896,USA,11.0,6.0,2.0,19.0
1896,GER,7.0,5.0,2.0,14.0
1896,FRA,5.0,4.0,2.0,11.0
1896,GBR,3.0,3.0,3.0,9.0
1896,DEN,1.0,2.0,3.0,6.0
1896,HUN,2.0,1.0,3.0,6.0
1896,AUT,2.0,1.0,2.0,5.0
1896,AUS,2.0,0.0,1.0,3.0
1896,SUI,1.0,2.0,0.0,3.0
1900,FRA,28.0,40.0,34.0,102.0
1900,USA,21.0,16.0,17.0,54.0
1900,GBR,19.0,11.0,12.0,42.0
1900,BEL,6.0,7.0,5.0,18.0
1900,SUI,6.0,2.0,1.0,9.0
1900,GER,4.0,3.0,1.0,8.0
1900,DEN,2.0,3.0,2.0,7.0
1900,NED,1.0,2.0,4.0,7.0
1900,AUS,3.0,0.0,3.0,6.0
1900,AUT,0.0,3.0,3.0,6.0
1900,HUN,1.0,2.0,2.0,5.0
1900,ITA,3.0,2.0,0.0,5.0
1900,NOR,0.0,2.0,3.0,5.0
1900,BOH,0.0,1.0,2.0,3.0
1900,CAN,1.0,0.0,1.0,2.0
1900,CUB,1.0,1.0,0.0,2.0
1900,IND,0.0,2.0,0.0,2.0
1900,SWE,1.0,0.0,1.0,2.0
1900,COL,0.0,1.0,0.0,1.0
1900,ESP,1.0,0.0,0.0,1.0
1900,HAI,1.0,0.0,0.0,1.0
1900,LUX,1.0,0.0,0.0,1.0
1900,MEX,0.0,0.0,1.0,1.0
1900,NZL,1.0,0.0,0.0,1.0
1904,USA,76.0,79.0,75.0,230.0
1904,GER,4.0,5.0,7.0,16.0
1904,CAN,4.0,1.0,1.0,6.0
1904,AUS,0.0,3.0,1.0,4.0
1904,AUT,2.0,1.0,1.0,4.0
1904,CUB,4.0,0.0,0.0,4.0
1904,HUN,2.0,1.0,1.0,4.0
1904,SUI,1.0,0.0,2.0,3.0
1904,FRA,0.0,2.0,0.0,2.0
1904,GBR,1.0,1.0,0.0,2.0
1904,GRE,1.0,0.0,1.0,2.0
1904,NOR,2.0,0.0,0.0,2.0
1906,FRA,15.0,10.0,16.0,41.0
1906,GRE,8.0,14.0,13.0,35.0
1906,GBR,8.0,12.0,5.0,25.0
1906,USA,12.0,5.0,6.0,23.0
1906,ITA,7.0,6.0,3.0,16.0
1906,GER,4.0,6.0,4.0,14.0
1906,SWE,2.0,5.0,7.0,14.0
1906,HUN,2.0,5.0,3.0,10.0
1906,AUT,3.0,3.0,3.0,9.0
1906,SUI,4.0,3.0,1.0,8.0
1906,BEL,2.0,2.0,3.0,7.0
1906,DEN,3.0,2.0,1.0,6.0
1906,FIN,2.0,1.0,1.0,4.0
1906,AUS,0.0,0.0,3.0,3.0
1906,NED,0.0,1.0,2.0,3.0
1906,BOH,0.0,0.0,2.0,2.0
1906,CAN,1.0,1.0,0.0,2.0
1906,NOR,1.0,1.0,0.0,2.0
1908,GBR,56.0,50.0,37.0,143.0
1908,USA,22.0,12.0,12.0,46.0
1908,SWE,8.0,6.0,11.0,25.0
1908,FRA,5.0,5.0,9.0,19.0
1908,CAN,3.0,3.0,10.0,16.0
1908,GER,3.0,5.0,5.0,13.0
1908,HUN,3.0,4.0,2.0,9.0
1908,BEL,1.0,5.0,2.0,8.0
1908,NOR,2.0,3.0,3.0,8.0
1908,ANZ,1.0,2.0,2.0,5.0
1908,DEN,0.0,2.0,3.0,5.0
1908,FIN,1.0,1.0,3.0,5.0
1908,GRE,0.0,3.0,1.0,4.0
1908,ITA,2.0,2.0,0.0,4.0
1908,RUS,1.0,2.0,0.0,3.0
1908,BOH,0.0,0.0,2.0,2.0
1908,NED,0.0,0.0,2.0,2.0
1908,RSA,1.0,1.0,0.0,2.0
1908,AUT,0.0,0.0,1.0,1.0
1912,SWE,24.0,24.0,17.0,65.0
1912,USA,26.0,18.0,19.0,63.0
1912,GBR,10.0,15.0,16.0,41.0
1912,FIN,9.0,8.0,9.0,26.0
1912,GER,6.0,13.0,7.0,26.0
1912,FRA,7.0,5.0,3.0,15.0
1912,DEN,1.0,6.0,5.0,12.0
1912,NOR,4.0,1.0,5.0,10.0
1912,CAN,3.0,2.0,3.0,8.0
1912,HUN,3.0,2.0,3.0,8.0
1912,ITA,5.0,1.0,2.0,8.0
1912,ANZ,2.0,2.0,3.0,7.0
1912,BEL,2.0,1.0,3.0,6.0
1912,RSA,4.0,2.0,0.0,6.0
1912,RUS,0.0,2.0,3.0,5.0
1912,AUT,0.0,2.0,2.0,4.0
1912,NED,0.0,0.0,3.0,3.0
1912,GRE,1.0,0.0,1.0,2.0
1912,SUI,1.0,0.0,0.0,1.0
1920,USA,41.0,27.0,27.0,95.0
1920,SWE,19.0,20.0,25.0,64.0
1920,GBR,14.0,16.0,13.0,43.0
1920,BEL,16.0,12.0,14.0,42.0
1920,FRA,9.0,20.0,13.0,42.0
1920,FIN,15.0,10.0,9.0,34.0
1920,NOR,10.0,10.0,9.0,29.0
1920,ITA,14.0,6.0,5.0,25.0
1920,DEN,3.0,9.0,1.0,13.0
1920,NED,4.0,2.0,5.0,11.0
1920,SUI,2.0,2.0,7.0,11.0
1920,RSA,3.0,4.0,3.0,10.0
1920,CAN,3.0,3.0,3.0,9.0
1920,AUS,0.0,2.0,1.0,3.0
1920,BRA,1.0,1.0,1.0,3.0
1920,EST,1.0,2.0,0.0,3.0
1920,ESP,0.0,2.0,0.0,2.0
1920,JPN,0.0,2.0,0.0,2.0
1920,TCH,0.0,0.0,2.0,2.0
1920,GRE,0.0,1.0,0.0,1.0
1920,LUX,0.0,1.0,0.0,1.0
1920,NZL,0.0,0.0,1.0,1.0
1924,USA,45.0,27.0,27.0,99.0
1924,FRA,14.0,14.0,12.0,40.0
1924,FIN,14.0,13.0,10.0,37.0
1924,GBR,9.0,14.0,12.0,35.0
1924,SWE,4.0,13.0,12.0,29.0
1924,SUI,7.0,8.0,10.0,25.0
1924,ITA,8.0,3.0,5.0,16.0
1924,BEL,3.0,7.0,3.0,13.0
1924,DEN,2.0,6.0,3.0,11.0
1924,NED,4.0,1.0,6.0,11.0
1924,HUN,2.0,4.0,4.0,10.0
1924,NOR,5.0,2.0,3.0,10.0
1924,TCH,1.0,4.0,5.0,10.0
1924,ARG,1.0,3.0,2.0,6.0
1924,AUS,3.0,1.0,2.0,6.0
1924,EST,1.0,1.0,4.0,6.0
1924,AUT,0.0,3.0,1.0,4.0
1924,CAN,0.0,3.0,1.0,4.0
1924,RSA,1.0,1.0,1.0,3.0
1924,IRL,0.0,1.0,1.0,2.0
1924,LUX,1.0,1.0,0.0,2.0
1924,POL,0.0,1.0,1.0,2.0
1924,YUG,2.0,0.0,0.0,2.0
1924,GRE,1.0,0.0,0.0,1.0
1924,HAI,0.0,0.0,1.0,1.0
1924,JPN,0.0,0.0,1.0,1.0
1924,MON,0.0,0.0,1.0,1.0
1924,NZL,0.0,0.0,1.0,1.0
1924,POR,0.0,0.0,1.0,1.0
1924,ROU,0.0,0.0,1.0,1.0
1924,URU,1.0,0.0,0.0,1.0
1928,USA,22.0,18.0,16.0,56.0
1928,GER,11.0,9.0,19.0,39.0
1928,FIN,8.0,8.0,9.0,25.0
1928,FRA,7.0,12.0,6.0,25.0
1928,SWE,7.0,6.0,12.0,25.0
1928,NED,8.0,10.0,5.0,23.0
1928,GBR,4.0,11.0,7.0,22.0
1928,ITA,7.0,6.0,7.0,20.0
1928,SUI,7.0,6.0,4.0,17.0
1928,CAN,4.0,4.0,7.0,15.0
1928,HUN,5.0,5.0,0.0,10.0
1928,DEN,3.0,2.0,4.0,9.0
1928,TCH,2.0,5.0,2.0,9.0
1928,ARG,3.0,3.0,1.0,7.0
1928,POL,2.0,1.0,4.0,7.0
1928,EST,2.0,1.0,2.0,5.0
1928,JPN,2.0,2.0,1.0,5.0
1928,YUG,1.0,1.0,3.0,5.0
1928,AUS,1.0,2.0,1.0,4.0
1928,AUT,3.0,0.0,1.0,4.0
1928,EGY,2.0,1.0,1.0,4.0
1928,NOR,1.0,2.0,1.0,4.0
1928,BEL,0.0,1.0,2.0,3.0
1928,RSA,1.0,0.0,2.0,3.0
1928,CHI,0.0,1.0,0.0,1.0
1928,ESP,1.0,0.0,0.0,1.0
1928,HAI,0.0,1.0,0.0,1.0
1928,IND,1.0,0.0,0.0,1.0
1928,IRL,1.0,0.0,0.0,1.0
1928,LUX,1.0,0.0,0.0,1.0
1928,NZL,1.0,0.0,0.0,1.0
1928,PHI,0.0,0.0,1.0,1.0
1928,POR,0.0,0.0,1.0,1.0
1928,URU,1.0,0.0,0.0,1.0
1932,USA,44.0,36.0,30.0,110.0
1932,ITA,12.0,12.0,12.0,36.0
1932,FIN,5.0,8.0,12.0,25.0
1932,GER,5.0,12.0,7.0,24.0
1932,SWE,10.0,5.0,9.0,24.0
1932,FRA,11.0,5.0,4.0,20.0
1932,JPN,7.0,7.0,4.0,18.0
1932,GBR,5.0,7.0,5.0,17.0
1932,CAN,2.0,5.0,9.0,16.0
1932,HUN,6.0,5.0,5.0,16.0
1932,POL,3.0,2.0,4.0,9.0
1932,DEN,0.0,5.0,3.0,8.0
1932,NED,2.0,5.0,1.0,8.0
1932,TCH,1.0,3.0,2.0,6.0
1932,AUS,3.0,1.0,1.0,5.0
1932,AUT,1.0,1.0,3.0,5.0
1932,RSA,2.0,0.0,3.0,5.0
1932,ARG,3.0,1.0,0.0,4.0
1932,PHI,0.0,0.0,3.0,3.0
1932,IRL,2.0,0.0,0.0,2.0
1932,MEX,0.0,2.0,0.0,2.0
1932,BEL,0.0,0.0,1.0,1.0
1932,ESP,0.0,0.0,1.0,1.0
1932,IND,1.0,0.0,0.0,1.0
1932,LAT,0.0,1.0,0.0,1.0
1932,NZL,0.0,1.0,0.0,1.0
1932,SUI,0.0,1.0,0.0,1.0
1932,URU,0.0,0.0,1.0,1.0
1936,GER,38.0,31.0,32.0,101.0
1936,USA,24.0,21.0,12.0,57.0
1936,ITA,9.0,13.0,5.0,27.0
1936,SWE,6.0,5.0,10.0,21.0
1936,FIN,8.0,6.0,6.0,20.0
1936,JPN,6.0,4.0,10.0,20.0
1936,FRA,7.0,6.0,6.0,19.0
1936,SUI,4.0,9.0,5.0,18.0
1936,AUT,5.0,7.0,5.0,17.0
1936,NED,6.0,4.0,7.0,17.0
1936,HUN,10.0,1.0,5.0,16.0
1936,GBR,4.0,7.0,3.0,14.0
1936,CAN,1.0,3.0,5.0,9.0
1936,POL,0.0,4.0,5.0,9.0
1936,TCH,3.0,5.0,1.0,9.0
1936,ARG,2.0,2.0,3.0,7.0
1936,EST,2.0,2.0,3.0,7.0
1936,NOR,1.0,3.0,2.0,6.0
1936,DEN,0.0,2.0,3.0,5.0
1936,EGY,2.0,1.0,2.0,5.0
1936,BEL,0.0,0.0,3.0,3.0
1936,MEX,0.0,0.0,3.0,3.0
1936,LAT,0.0,1.0,1.0,2.0
1936,TUR,1.0,0.0,1.0,2.0
1936,AUS,0.0,0.0,1.0,1.0
1936,IND,1.0,0.0,0.0,1.0
1936,NZL,1.0,0.0,0.0,1.0
1936,PHI,0.0,0.0,1.0,1.0
1936,POR,0.0,0.0,1.0,1.0
1936,ROU,0.0,1.0,0.0,1.0
1936,RSA,0.0,1.0,0.0,1.0
1936,YUG,0.0,1.0,0.0,1.0
1948,USA,38.0,27.0,19.0,84.0
1948,SWE,17.0,11.0,18.0,46.0
1948,FRA,11.0,6.0,15.0,32.0
1948,ITA,9.0,12.0,10.0,31.0
1948,GBR,4.0,16.0,7.0,27.0
1948,HUN,10.0,5.0,12.0,27.0
1948,DEN,5.0,8.0,9.0,22.0
1948,FIN,8.0,8.0,6.0,22.0
1948,SUI,5.0,12.0,5.0,22.0
1948,NED,5.0,2.0,9.0,16.0
1948,AUS,2.0,6.0,5.0,13.0
1948,TUR,6.0,4.0,2.0,12.0
1948,TCH,6.0,2.0,3.0,11.0
1948,AUT,2.0,2.0,4.0,8.0
1948,ARG,3.0,3.0,1.0,7.0
1948,BEL,2.0,2.0,3.0,7.0
1948,NOR,1.0,3.0,3.0,7.0
1948,RSA,2.0,2.0,2.0,6.0
1948,EGY,2.0,2.0,1.0,5.0
1948,MEX,2.0,1.0,2.0,5.0
1948,CAN,0.0,2.0,2.0,4.0
1948,JAM,1.0,2.0,0.0,3.0
1948,KOR,0.0,0.0,2.0,2.0
1948,PAN,0.0,0.0,2.0,2.0
1948,POL,1.0,0.0,1.0,2.0
1948,POR,0.0,1.0,1.0,2.0
1948,URU,0.0,1.0,1.0,2.0
1948,YUG,0.0,2.0,0.0,2.0
1948,BRA,0.0,0.0,1.0,1.0
1948,CUB,0.0,1.0,0.0,1.0
1948,ESP,0.0,1.0,0.0,1.0
1948,IND,1.0,0.0,0.0,1.0
1948,IRI,0.0,0.0,1.0,1.0
1948,IRL,0.0,0.0,1.0,1.0
1948,PER,1.0,0.0,0.0,1.0
1948,PUR,0.0,0.0,1.0,1.0
1948,SRI,0.0,1.0,0.0,1.0
1948,TTO,0.0,1.0,0.0,1.0
1952,USA,40.0,19.0,17.0,76.0
1952,URS,22.0,29.0,19.0,70.0
1952,HUN,16.0,10.0,16.0,42.0
1952,SWE,12.0,13.0,10.0,35.0
1952,GER,0.0,7.0,17.0,24.0
1952,FIN,6.0,3.0,13.0,22.0
1952,ITA,8.0,9.0,4.0,21.0
1952,FRA,6.0,6.0,6.0,18.0
1952,SUI,2.0,6.0,6.0,14.0
1952,TCH,7.0,3.0,3.0,13.0
1952,AUS,6.0,2.0,3.0,11.0
1952,GBR,1.0,2.0,8.0,11.0
1952,RSA,2.0,4.0,4.0,10.0
1952,JPN,1.0,6.0,1.0,8.0
1952,IRI,0.0,3.0,4.0,7.0
1952,DEN,2.0,1.0,3.0,6.0
1952,ARG,1.0,2.0,2.0,5.0
1952,JAM,2.0,3.0,0.0,5.0
1952,NED,0.0,5.0,0.0,5.0
1952,NOR,3.0,2.0,0.0,5.0
1952,BEL,2.0,2.0,0.0,4.0
1952,POL,1.0,2.0,1.0,4.0
1952,ROU,1.0,1.0,2.0,4.0
1952,BRA,1.0,0.0,2.0,3.0
1952,CAN,1.0,2.0,0.0,3.0
1952,NZL,1.0,0.0,2.0,3.0
1952,TUR,2.0,0.0,1.0,3.0
1952,YUG,1.0,2.0,0.0,3.0
1952,AUT,0.0,1.0,1.0,2.0
1952,CHI,0.0,2.0,0.0,2.0
1952,IND,1.0,0.0,1.0,2.0
1952,KOR,0.0,0.0,2.0,2.0
1952,LIB,0.0,1.0,1.0,2.0
1952,TTO,0.0,0.0,2.0,2.0
1952,URU,0.0,0.0,2.0,2.0
1952,BUL,0.0,0.0,1.0,1.0
1952,EGY,0.0,0.0,1.0,1.0
1952,ESP,0.0,1.0,0.0,1.0
1952,IRL,0.0,1.0,0.0,1.0
1952,LUX,1.0,0.0,0.0,1.0
1952,MEX,0.0,1.0,0.0,1.0
1952,POR,0.0,0.0,1.0,1.0
1952,VEN,0.0,0.0,1.0,1.0
1956,URS,37.0,29.0,32.0,98.0
1956,USA,32.0,25.0,17.0,74.0
1956,AUS,13.0,8.0,14.0,35.0
1956,GER,6.0,13.0,7.0,26.0
1956,HUN,9.0,10.0,7.0,26.0
1956,ITA,8.0,8.0,9.0,25.0
1956,GBR,6.0,7.0,11.0,24.0
1956,SWE,8.0,5.0,6.0,19.0
1956,JPN,4.0,10.0,3.0,17.0
1956,FIN,3.0,1.0,11.0,15.0
1956,FRA,4.0,4.0,6.0,14.0
1956,ROU,5.0,3.0,5.0,13.0
1956,POL,1.0,4.0,4.0,9.0
1956,TUR,3.0,2.0,2.0,7.0
1956,CAN,2.0,1.0,3.0,6.0
1956,TCH,1.0,4.0,1.0,6.0
1956,BUL,1.0,3.0,1.0,5.0
1956,IRI,2.0,2.0,1.0,5.0
1956,IRL,1.0,1.0,3.0,5.0
1956,CHI,0.0,2.0,2.0,4.0
1956,DEN,1.0,2.0,1.0,4.0
1956,RSA,0.0,0.0,4.0,4.0
1956,NOR,1.0,0.0,2.0,3.0
1956,YUG,0.0,3.0,0.0,3.0
1956,ARG,0.0,1.0,1.0,2.0
1956,AUT,0.0,0.0,2.0,2.0
1956,BEL,0.0,2.0,0.0,2.0
1956,KOR,0.0,1.0,1.0,2.0
1956,MEX,1.0,0.0,1.0,2.0
1956,NZL,2.0,0.0,0.0,2.0
1956,BAH,0.0,0.0,1.0,1.0
1956,BRA,1.0,0.0,0.0,1.0
1956,GRE,0.0,0.0,1.0,1.0
1956,IND,1.0,0.0,0.0,1.0
1956,ISL,0.0,1.0,0.0,1.0
1956,PAK,0.0,1.0,0.0,1.0
1956,SUI,0.0,0.0,1.0,1.0
1956,URU,0.0,0.0,1.0,1.0
1960,URS,43.0,29.0,31.0,103.0
1960,USA,34.0,21.0,16.0,71.0
1960,GER,12.0,19.0,11.0,42.0
1960,ITA,13.0,10.0,13.0,36.0
1960,AUS,8.0,8.0,6.0,22.0
1960,HUN,6.0,8.0,7.0,21.0
1960,POL,4.0,6.0,11.0,21.0
1960,GBR,2.0,6.0,12.0,20.0
1960,JPN,4.0,7.0,7.0,18.0
1960,ROU,3.0,1.0,6.0,10.0
1960,TUR,7.0,2.0,0.0,9.0
1960,TCH,3.0,2.0,3.0,8.0
1960,BUL,1.0,3.0,3.0,7.0
1960,DEN,2.0,3.0,1.0,6.0
1960,SUI,0.0,3.0,3.0,6.0
1960,SWE,1.0,2.0,3.0,6.0
1960,FIN,1.0,1.0,3.0,5.0
1960,FRA,0.0,2.0,3.0,5.0
1960,BEL,0.0,2.0,2.0,4.0
1960,IRI,0.0,1.0,3.0,4.0
1960,NED,0.0,1.0,2.0,3.0
1960,NZL,2.0,0.0,1.0,3.0
1960,RSA,0.0,1.0,2.0,3.0
1960,ARG,0.0,1.0,1.0,2.0
1960,AUT,1.0,1.0,0.0,2.0
1960,BRA,0.0,0.0,2.0,2.0
1960,PAK,1.0,0.0,1.0,2.0
1960,UAR,0.0,1.0,1.0,2.0
1960,WIF,0.0,0.0,2.0,2.0
1960,YUG,1.0,1.0,0.0,2.0
1960,CAN,0.0,1.0,0.0,1.0
1960,ESP,0.0,0.0,1.0,1.0
1960,ETH,1.0,0.0,0.0,1.0
1960,GHA,0.0,1.0,0.0,1.0
1960,GRE,1.0,0.0,0.0,1.0
1960,IND,0.0,1.0,0.0,1.0
1960,IRQ,0.0,0.0,1.0,1.0
1960,MAR,0.0,1.0,0.0,1.0
1960,MEX,0.0,0.0,1.0,1.0
1960,NOR,1.0,0.0,0.0,1.0
1960,POR,0.0,1.0,0.0,1.0
1960,SGP,0.0,1.0,0.0,1.0
1960,TPE,0.0,1.0,0.0,1.0
1960,VEN,0.0,0.0,1.0,1.0
1964,URS,30.0,30.0,33.0,93.0
1964,USA,36.0,26.0,28.0,90.0
1964,GER,10.0,22.0,18.0,50.0
1964,JPN,16.0,5.0,8.0,29.0
1964,ITA,10.0,10.0,7.0,27.0
1964,POL,7.0,6.0,10.0,23.0
1964,HUN,10.0,7.0,5.0,22.0
1964,AUS,6.0,2.0,10.0,18.0
1964,GBR,4.0,12.0,2.0,18.0
1964,FRA,1.0,8.0,6.0,15.0
1964,TCH,5.0,6.0,3.0,14.0
1964,ROU,2.0,4.0,6.0,12.0
1964,BUL,3.0,5.0,2.0,10.0
1964,NED,2.0,4.0,4.0,10.0
1964,SWE,2.0,2.0,4.0,8.0
1964,DEN,2.0,1.0,3.0,6.0
1964,TUR,2.0,3.0,1.0,6.0
1964,FIN,3.0,0.0,2.0,5.0
1964,NZL,3.0,0.0,2.0,5.0
1964,YUG,2.0,1.0,2.0,5.0
1964,CAN,1.0,2.0,1.0,4.0
1964,SUI,1.0,2.0,1.0,4.0
1964,BEL,2.0,0.0,1.0,3.0
1964,KOR,0.0,2.0,1.0,3.0
1964,TTO,0.0,1.0,2.0,3.0
1964,IRI,0.0,0.0,2.0,2.0
1964,TUN,0.0,1.0,1.0,2.0
1964,ARG,0.0,1.0,0.0,1.0
1964,BAH,1.0,0.0,0.0,1.0
1964,BRA,0.0,0.0,1.0,1.0
1964,CUB,0.0,1.0,0.0,1.0
1964,ETH,1.0,0.0,0.0,1.0
1964,GHA,0.0,0.0,1.0,1.0
1964,IND,1.0,0.0,0.0,1.0
1964,IRL,0.0,0.0,1.0,1.0
1964,KEN,0.0,0.0,1.0,1.0
1964,MEX,0.0,0.0,1.0,1.0
1964,NGR,0.0,0.0,1.0,1.0
1964,PAK,0.0,1.0,0.0,1.0
1964,PHI,0.0,1.0,0.0,1.0
1964,URU,0.0,0.0,1.0,1.0
1968,USA,45.0,28.0,34.0,107.0
1968,URS,29.0,32.0,30.0,91.0
1968,HUN,10.0,10.0,12.0,32.0
1968,FRG,5.0,11.0,10.0,26.0
1968,GDR,9.0,9.0,7.0,25.0
1968,JPN,11.0,7.0,7.0,25.0
1968,POL,5.0,2.0,11.0,18.0
1968,AUS,5.0,7.0,5.0,17.0
1968,ITA,3.0,4.0,9.0,16.0
1968,FRA,7.0,3.0,5.0,15.0
1968,ROU,4.0,6.0,5.0,15.0
1968,GBR,5.0,5.0,3.0,13.0
1968,TCH,7.0,2.0,4.0,13.0
1968,BUL,2.0,4.0,3.0,9.0
1968,KEN,3.0,4.0,2.0,9.0
1968,MEX,3.0,3.0,3.0,9.0
1968,DEN,1.0,4.0,3.0,8.0
1968,YUG,3.0,3.0,2.0,8.0
1968,NED,3.0,3.0,1.0,7.0
1968,CAN,1.0,3.0,1.0,5.0
1968,IRI,2.0,1.0,2.0,5.0
1968,SUI,0.0,1.0,4.0,5.0
1968,AUT,0.0,2.0,2.0,4.0
1968,CUB,0.0,4.0,0.0,4.0
1968,FIN,1.0,2.0,1.0,4.0
1968,MGL,0.0,1.0,3.0,4.0
1968,SWE,2.0,1.0,1.0,4.0
1968,BRA,0.0,1.0,2.0,3.0
1968,NZL,1.0,0.0,2.0,3.0
1968,ARG,0.0,0.0,2.0,2.0
1968,BEL,0.0,1.0,1.0,2.0
1968,ETH,1.0,1.0,0.0,2.0
1968,KOR,0.0,1.0,1.0,2.0
1968,NOR,1.0,1.0,0.0,2.0
1968,TUN,1.0,0.0,1.0,2.0
1968,TUR,2.0,0.0,0.0,2.0
1968,UGA,0.0,1.0,1.0,2.0
1968,CMR,0.0,1.0,0.0,1.0
1968,GRE,0.0,0.0,1.0,1.0
1968,IND,0.0,0.0,1.0,1.0
1968,JAM,0.0,1.0,0.0,1.0
1968,PAK,1.0,0.0,0.0,1.0
1968,TPE,0.0,0.0,1.0,1.0
1968,VEN,1.0,0.0,0.0,1.0
1972,URS,50.0,27.0,22.0,99.0
1972,USA,33.0,31.0,30.0,94.0
1972,GDR,20.0,23.0,23.0,66.0
1972,FRG,13.0,11.0,16.0,40.0
1972,HUN,6.0,13.0,16.0,35.0
1972,JPN,13.0,8.0,8.0,29.0
1972,BUL,6.0,10.0,5.0,21.0
1972,POL,7.0,5.0,9.0,21.0
1972,GBR,4.0,5.0,9.0,18.0
1972,ITA,5.0,3.0,10.0,18.0
1972,AUS,8.0,7.0,2.0,17.0
1972,ROU,3.0,6.0,7.0,16.0
1972,SWE,4.0,6.0,6.0,16.0
1972,FRA,2.0,4.0,7.0,13.0
1972,KEN,2.0,3.0,4.0,9.0
1972,CUB,3.0,1.0,4.0,8.0
1972,FIN,3.0,1.0,4.0,8.0
1972,TCH,2.0,4.0,2.0,8.0
1972,CAN,0.0,2.0,3.0,5.0
1972,NED,3.0,1.0,1.0,5.0
1972,PRK,1.0,1.0,3.0,5.0
1972,YUG,2.0,1.0,2.0,5.0
1972,NOR,2.0,1.0,1.0,4.0
1972,AUT,0.0,1.0,2.0,3.0
1972,COL,0.0,1.0,2.0,3.0
1972,IRI,0.0,2.0,1.0,3.0
1972,NZL,1.0,1.0,1.0,3.0
1972,SUI,0.0,3.0,0.0,3.0
1972,BEL,0.0,2.0,0.0,2.0
1972,BRA,0.0,0.0,2.0,2.0
1972,ETH,0.0,0.0,2.0,2.0
1972,GRE,0.0,2.0,0.0,2.0
1972,UGA,1.0,1.0,0.0,2.0
1972,ARG,0.0,1.0,0.0,1.0
1972,DEN,1.0,0.0,0.0,1.0
1972,ESP,0.0,0.0,1.0,1.0
1972,GHA,0.0,0.0,1.0,1.0
1972,IND,0.0,0.0,1.0,1.0
1972,JAM,0.0,0.0,1.0,1.0
1972,KOR,0.0,1.0,0.0,1.0
1972,LIB,0.0,1.0,0.0,1.0
1972,MEX,0.0,1.0,0.0,1.0
1972,MGL,0.0,1.0,0.0,1.0
1972,NGR,0.0,0.0,1.0,1.0
1972,NIG,0.0,0.0,1.0,1.0
1972,PAK,0.0,1.0,0.0,1.0
1972,TUN,0.0,1.0,0.0,1.0
1972,TUR,0.0,1.0,0.0,1.0
1976,URS,49.0,41.0,35.0,125.0
1976,USA,34.0,35.0,25.0,94.0
1976,GDR,40.0,25.0,25.0,90.0
1976,FRG,10.0,12.0,17.0,39.0
1976,ROU,4.0,9.0,14.0,27.0
1976,POL,7.0,6.0,13.0,26.0
1976,JPN,9.0,6.0,10.0,25.0
1976,BUL,6.0,9.0,7.0,22.0
1976,HUN,4.0,5.0,13.0,22.0
1976,CUB,6.0,4.0,3.0,13.0
1976,GBR,3.0,5.0,5.0,13.0
1976,ITA,2.0,7.0,4.0,13.0
1976,CAN,0.0,5.0,6.0,11.0
1976,FRA,2.0,3.0,4.0,9.0
1976,TCH,2.0,2.0,4.0,8.0
1976,YUG,2.0,3.0,3.0,8.0
1976,BEL,0.0,3.0,3.0,6.0
1976,FIN,4.0,2.0,0.0,6.0
1976,KOR,1.0,1.0,4.0,6.0
1976,AUS,0.0,1.0,4.0,5.0
1976,NED,0.0,2.0,3.0,5.0
1976,SWE,4.0,1.0,0.0,5.0
1976,NZL,2.0,1.0,1.0,4.0
1976,SUI,1.0,1.0,2.0,4.0
1976,DEN,1.0,0.0,2.0,3.0
1976,BRA,0.0,0.0,2.0,2.0
1976,ESP,0.0,2.0,0.0,2.0
1976,IRI,0.0,1.0,1.0,2.0
1976,JAM,1.0,1.0,0.0,2.0
1976,MEX,1.0,0.0,1.0,2.0
1976,NOR,1.0,1.0,0.0,2.0
1976,POR,0.0,2.0,0.0,2.0
1976,PRK,1.0,1.0,0.0,2.0
1976,AUT,0.0,0.0,1.0,1.0
1976,BER,0.0,0.0,1.0,1.0
1976,MGL,0.0,1.0,0.0,1.0
1976,PAK,0.0,0.0,1.0,1.0
1976,PUR,0.0,0.0,1.0,1.0
1976,THA,0.0,0.0,1.0,1.0
1976,TTO,1.0,0.0,0.0,1.0
1976,VEN,0.0,1.0,0.0,1.0
1980,URS,80.0,69.0,46.0,195.0
1980,GDR,47.0,37.0,42.0,126.0
1980,BUL,8.0,16.0,17.0,41.0
1980,HUN,7.0,10.0,15.0,32.0
1980,POL,3.0,14.0,15.0,32.0
1980,ROU,6.0,6.0,13.0,25.0
1980,GBR,5.0,7.0,9.0,21.0
1980,CUB,8.0,7.0,5.0,20.0
1980,ITA,8.0,3.0,4.0,15.0
1980,FRA,6.0,5.0,3.0,14.0
1980,TCH,2.0,3.0,9.0,14.0
1980,SWE,3.0,3.0,6.0,12.0
1980,AUS,2.0,2.0,5.0,9.0
1980,YUG,2.0,3.0,4.0,9.0
1980,FIN,3.0,1.0,4.0,8.0
1980,ESP,1.0,3.0,2.0,6.0
1980,DEN,2.0,1.0,2.0,5.0
1980,PRK,0.0,3.0,2.0,5.0
1980,AUT,1.0,2.0,1.0,4.0
1980,BRA,2.0,0.0,2.0,4.0
1980,ETH,2.0,0.0,2.0,4.0
1980,MEX,0.0,1.0,3.0,4.0
1980,MGL,0.0,2.0,2.0,4.0
1980,GRE,1.0,0.0,2.0,3.0
1980,JAM,0.0,0.0,3.0,3.0
1980,NED,0.0,1.0,2.0,3.0
1980,IRL,0.0,1.0,1.0,2.0
1980,SUI,2.0,0.0,0.0,2.0
1980,TAN,0.0,2.0,0.0,2.0
1980,BEL,1.0,0.0,0.0,1.0
1980,GUY,0.0,0.0,1.0,1.0
1980,IND,1.0,0.0,0.0,1.0
1980,LIB,0.0,0.0,1.0,1.0
1980,UGA,0.0,1.0,0.0,1.0
1980,VEN,0.0,1.0,0.0,1.0
1980,ZIM,1.0,0.0,0.0,1.0
1984,USA,82.0,61.0,30.0,173.0
1984,FRG,17.0,19.0,23.0,59.0
1984,ROU,19.0,16.0,17.0,52.0
1984,CAN,10.0,18.0,16.0,44.0
1984,GBR,5.0,11.0,21.0,37.0
1984,CHN,15.0,8.0,9.0,32.0
1984,ITA,14.0,6.0,12.0,32.0
1984,JPN,10.0,7.0,14.0,31.0
1984,FRA,5.0,7.0,16.0,28.0
1984,AUS,4.0,8.0,12.0,24.0
1984,KOR,6.0,6.0,7.0,19.0
1984,SWE,2.0,11.0,6.0,19.0
1984,YUG,7.0,4.0,7.0,18.0
1984,NED,5.0,2.0,6.0,13.0
1984,FIN,4.0,2.0,6.0,12.0
1984,NZL,8.0,1.0,2.0,11.0
1984,BRA,1.0,5.0,2.0,8.0
1984,SUI,0.0,4.0,4.0,8.0
1984,DEN,0.0,3.0,3.0,6.0
1984,MEX,2.0,3.0,1.0,6.0
1984,ESP,1.0,2.0,2.0,5.0
1984,BEL,1.0,1.0,2.0,4.0
1984,AUT,1.0,1.0,1.0,3.0
1984,JAM,0.0,1.0,2.0,3.0
1984,KEN,1.0,0.0,2.0,3.0
1984,NOR,0.0,1.0,2.0,3.0
1984,POR,1.0,0.0,2.0,3.0
1984,TUR,0.0,0.0,3.0,3.0
1984,VEN,0.0,0.0,3.0,3.0
1984,ALG,0.0,0.0,2.0,2.0
1984,GRE,0.0,1.0,1.0,2.0
1984,MAR,2.0,0.0,0.0,2.0
1984,NGR,0.0,1.0,1.0,2.0
1984,PUR,0.0,1.0,1.0,2.0
1984,CIV,0.0,1.0,0.0,1.0
1984,CMR,0.0,0.0,1.0,1.0
1984,COL,0.0,1.0,0.0,1.0
1984,DOM,0.0,0.0,1.0,1.0
1984,EGY,0.0,1.0,0.0,1.0
1984,IRL,0.0,1.0,0.0,1.0
1984,ISL,0.0,0.0,1.0,1.0
1984,PAK,1.0,0.0,0.0,1.0
1984,PER,0.0,1.0,0.0,1.0
1984,SYR,0.0,1.0,0.0,1.0
1984,THA,0.0,1.0,0.0,1.0
1984,TPE,0.0,0.0,1.0,1.0
1984,ZAM,0.0,0.0,1.0,1.0
1988,URS,54.0,31.0,46.0,131.0
1988,GDR,37.0,35.0,30.0,102.0
1988,USA,36.0,31.0,27.0,94.0
1988,FRG,11.0,14.0,15.0,40.0
1988,BUL,10.0,12.0,13.0,35.0
1988,KOR,12.0,10.0,11.0,33.0
1988,CHN,5.0,11.0,12.0,28.0
1988,GBR,5.0,10.0,9.0,24.0
1988,ROU,7.0,11.0,6.0,24.0
1988,HUN,11.0,6.0,6.0,23.0
1988,FRA,6.0,4.0,6.0,16.0
1988,POL,2.0,5.0,9.0,16.0
1988,AUS,3.0,6.0,5.0,14.0
1988,ITA,6.0,4.0,4.0,14.0
1988,JPN,4.0,3.0,7.0,14.0
1988,NZL,3.0,2.0,8.0,13.0
1988,YUG,3.0,4.0,5.0,12.0
1988,SWE,0.0,4.0,7.0,11.0
1988,CAN,3.0,2.0,5.0,10.0
1988,KEN,5.0,2.0,2.0,9.0
1988,NED,2.0,2.0,5.0,9.0
1988,TCH,3.0,3.0,2.0,8.0
1988,BRA,1.0,2.0,3.0,6.0
1988,NOR,2.0,3.0,0.0,5.0
1988,DEN,2.0,1.0,1.0,4.0
1988,ESP,1.0,1.0,2.0,4.0
1988,FIN,1.0,1.0,2.0,4.0
1988,SUI,0.0,2.0,2.0,4.0
1988,MAR,1.0,0.0,2.0,3.0
1988,ARG,0.0,1.0,1.0,2.0
1988,BEL,0.0,0.0,2.0,2.0
1988,JAM,0.0,2.0,0.0,2.0
1988,MEX,0.0,0.0,2.0,2.0
1988,TUR,1.0,1.0,0.0,2.0
1988,AHO,0.0,1.0,0.0,1.0
1988,AUT,1.0,0.0,0.0,1.0
1988,CHI,0.0,1.0,0.0,1.0
1988,COL,0.0,0.0,1.0,1.0
1988,CRC,0.0,1.0,0.0,1.0
1988,DJI,0.0,0.0,1.0,1.0
1988,GRE,0.0,0.0,1.0,1.0
1988,INA,0.0,1.0,0.0,1.0
1988,IRI,0.0,1.0,0.0,1.0
1988,ISV,0.0,1.0,0.0,1.0
1988,MGL,0.0,0.0,1.0,1.0
1988,PAK,0.0,0.0,1.0,1.0
1988,PER,0.0,1.0,0.0,1.0
1988,PHI,0.0,0.0,1.0,1.0
1988,POR,1.0,0.0,0.0,1.0
1988,SEN,0.0,1.0,0.0,1.0
1988,SUR,1.0,0.0,0.0,1.0
1988,THA,0.0,0.0,1.0,1.0
1992,EUN,45.0,38.0,29.0,112.0
1992,USA,37.0,34.0,37.0,108.0
1992,GER,33.0,21.0,28.0,82.0
1992,CHN,16.0,22.0,15.0,53.0
1992,CUB,14.0,6.0,11.0,31.0
1992,HUN,11.0,12.0,7.0,30.0
1992,FRA,8.0,5.0,16.0,29.0
1992,KOR,12.0,5.0,11.0,28.0
1992,AUS,7.0,9.0,11.0,27.0
1992,ESP,13.0,7.0,2.0,22.0
1992,JPN,3.0,8.0,11.0,22.0
1992,GBR,5.0,3.0,12.0,20.0
1992,ITA,6.0,5.0,8.0,19.0
1992,POL,3.0,6.0,10.0,19.0
1992,CAN,7.0,4.0,7.0,18.0
1992,ROU,4.0,6.0,8.0,18.0
1992,BUL,3.0,7.0,6.0,16.0
1992,NED,2.0,6.0,7.0,15.0
1992,SWE,1.0,7.0,4.0,12.0
1992,NZL,1.0,4.0,5.0,10.0
1992,PRK,4.0,0.0,5.0,9.0
1992,KEN,2.0,4.0,2.0,8.0
1992,NOR,2.0,4.0,1.0,7.0
1992,TCH,4.0,2.0,1.0,7.0
1992,DEN,1.0,1.0,4.0,6.0
1992,TUR,2.0,2.0,2.0,6.0
1992,FIN,1.0,2.0,2.0,5.0
1992,INA,2.0,2.0,1.0,5.0
1992,JAM,0.0,3.0,1.0,4.0
1992,NGR,0.0,3.0,1.0,4.0
1992,BEL,0.0,1.0,2.0,3.0
1992,BRA,2.0,1.0,0.0,3.0
1992,CRO,0.0,1.0,2.0,3.0
1992,ETH,1.0,0.0,2.0,3.0
1992,IOA,0.0,1.0,2.0,3.0
1992,IRI,0.0,1.0,2.0,3.0
1992,LAT,0.0,2.0,1.0,3.0
1992,MAR,1.0,1.0,1.0,3.0
1992,ALG,1.0,0.0,1.0,2.0
1992,AUT,0.0,2.0,0.0,2.0
1992,EST,1.0,0.0,1.0,2.0
1992,GRE,2.0,0.0,0.0,2.0
1992,IRL,1.0,1.0,0.0,2.0
1992,ISR,0.0,1.0,1.0,2.0
1992,LTU,1.0,0.0,1.0,2.0
1992,MGL,0.0,0.0,2.0,2.0
1992,NAM,0.0,2.0,0.0,2.0
1992,RSA,0.0,2.0,0.0,2.0
1992,SLO,0.0,0.0,2.0,2.0
1992,ARG,0.0,0.0,1.0,1.0
1992,BAH,0.0,0.0,1.0,1.0
1992,COL,0.0,0.0,1.0,1.0
1992,GHA,0.0,0.0,1.0,1.0
1992,MAS,0.0,0.0,1.0,1.0
1992,MEX,0.0,1.0,0.0,1.0
1992,PAK,0.0,0.0,1.0,1.0
1992,PER,0.0,1.0,0.0,1.0
1992,PHI,0.0,0.0,1.0,1.0
1992,PUR,0.0,0.0,1.0,1.0
1992,QAT,0.0,0.0,1.0,1.0
1992,SUI,1.0,0.0,0.0,1.0
1992,SUR,0.0,0.0,1.0,1.0
1992,THA,0.0,0.0,1.0,1.0
1992,TPE,0.0,1.0,0.0,1.0
1996,USA,44.0,32.0,25.0,101.0
1996,GER,20.0,18.0,27.0,65.0
1996,RUS,26.0,21.0,16.0,63.0
1996,CHN,16.0,22.0,12.0,50.0
1996,AUS,9.0,9.0,23.0,41.0
1996,FRA,15.0,7.0,15.0,37.0
1996,ITA,13.0,10.0,12.0,35.0
1996,KOR,7.0,15.0,5.0,27.0
1996,CUB,9.0,8.0,8.0,25.0
1996,UKR,9.0,2.0,12.0,23.0
1996,CAN,3.0,11.0,8.0,22.0
1996,HUN,7.0,4.0,10.0,21.0
1996,NED,4.0,5.0,10.0,19.0
1996,ROU,4.0,7.0,8.0,19.0
1996,ESP,5.0,6.0,6.0,17.0
1996,POL,7.0,5.0,5.0,17.0
1996,BLR,1.0,6.0,8.0,15.0
1996,BRA,3.0,3.0,9.0,15.0
1996,BUL,3.0,7.0,5.0,15.0
1996,GBR,1.0,8.0,6.0,15.0
1996,JPN,3.0,6.0,5.0,14.0
1996,CZE,4.0,3.0,4.0,11.0
1996,KAZ,3.0,4.0,4.0,11.0
1996,GRE,4.0,4.0,0.0,8.0
1996,KEN,1.0,4.0,3.0,8.0
1996,SWE,2.0,4.0,2.0,8.0
1996,NOR,2.0,2.0,3.0,7.0
1996,SUI,4.0,3.0,0.0,7.0
1996,BEL,2.0,2.0,2.0,6.0
1996,DEN,4.0,1.0,1.0,6.0
1996,JAM,1.0,3.0,2.0,6.0
1996,NGR,2.0,1.0,3.0,6.0
1996,NZL,3.0,2.0,1.0,6.0
1996,TUR,4.0,1.0,1.0,6.0
1996,PRK,2.0,1.0,2.0,5.0
1996,RSA,3.0,1.0,1.0,5.0
1996,FIN,1.0,2.0,1.0,4.0
1996,INA,1.0,1.0,2.0,4.0
1996,IRL,3.0,0.0,1.0,4.0
1996,SCG,1.0,1.0,2.0,4.0
1996,ALG,2.0,0.0,1.0,3.0
1996,ARG,0.0,2.0,1.0,3.0
1996,AUT,0.0,1.0,2.0,3.0
1996,ETH,2.0,0.0,1.0,3.0
1996,IRI,1.0,1.0,1.0,3.0
1996,SVK,1.0,1.0,1.0,3.0
1996,ARM,1.0,1.0,0.0,2.0
1996,CRO,1.0,1.0,0.0,2.0
1996,GEO,0.0,0.0,2.0,2.0
1996,MAR,0.0,0.0,2.0,2.0
1996,MAS,0.0,1.0,1.0,2.0
1996,MDA,0.0,1.0,1.0,2.0
1996,NAM,0.0,2.0,0.0,2.0
1996,POR,1.0,0.0,1.0,2.0
1996,SLO,0.0,2.0,0.0,2.0
1996,THA,1.0,0.0,1.0,2.0
1996,TTO,0.0,0.0,2.0,2.0
1996,UZB,0.0,1.0,1.0,2.0
1996,AZE,0.0,1.0,0.0,1.0
1996,BAH,0.0,1.0,0.0,1.0
1996,BDI,1.0,0.0,0.0,1.0
1996,CRC,1.0,0.0,0.0,1.0
1996,ECU,1.0,0.0,0.0,1.0
1996,HKG,1.0,0.0,0.0,1.0
1996,IND,0.0,0.0,1.0,1.0
1996,ISR,0.0,0.0,1.0,1.0
1996,LAT,0.0,1.0,0.0,1.0
1996,LTU,0.0,0.0,1.0,1.0
1996,MEX,0.0,0.0,1.0,1.0
1996,MGL,0.0,0.0,1.0,1.0
1996,MOZ,0.0,0.0,1.0,1.0
1996,PHI,0.0,1.0,0.0,1.0
1996,PUR,0.0,0.0,1.0,1.0
1996,SYR,1.0,0.0,0.0,1.0
1996,TGA,0.0,1.0,0.0,1.0
1996,TPE,0.0,1.0,0.0,1.0
1996,TUN,0.0,0.0,1.0,1.0
1996,UGA,0.0,0.0,1.0,1.0
1996,ZAM,0.0,1.0,0.0,1.0
2000,USA,36.0,24.0,31.0,91.0
2000,RUS,32.0,28.0,29.0,89.0
2000,AUS,16.0,25.0,17.0,58.0
2000,CHN,28.0,16.0,14.0,58.0
2000,GER,13.0,17.0,26.0,56.0
2000,FRA,13.0,14.0,11.0,38.0
2000,ITA,13.0,8.0,13.0,34.0
2000,CUB,11.0,11.0,7.0,29.0
2000,GBR,11.0,10.0,7.0,28.0
2000,KOR,8.0,10.0,10.0,28.0
2000,ROU,11.0,6.0,9.0,26.0
2000,NED,12.0,9.0,4.0,25.0
2000,UKR,3.0,10.0,10.0,23.0
2000,JPN,5.0,8.0,5.0,18.0
2000,BLR,3.0,3.0,11.0,17.0
2000,HUN,8.0,6.0,3.0,17.0
2000,CAN,3.0,3.0,8.0,14.0
2000,POL,6.0,5.0,3.0,14.0
2000,BUL,5.0,6.0,2.0,13.0
2000,GRE,4.0,6.0,3.0,13.0
2000,BRA,0.0,6.0,6.0,12.0
2000,SWE,4.0,5.0,3.0,12.0
2000,ESP,3.0,3.0,5.0,11.0
2000,NOR,4.0,3.0,3.0,10.0
2000,JAM,0.0,6.0,3.0,9.0
2000,SUI,1.0,6.0,2.0,9.0
2000,CZE,2.0,3.0,3.0,8.0
2000,ETH,4.0,1.0,3.0,8.0
2000,KAZ,3.0,4.0,0.0,7.0
2000,KEN,2.0,3.0,2.0,7.0
2000,DEN,2.0,3.0,1.0,6.0
2000,GEO,0.0,0.0,6.0,6.0
2000,INA,1.0,3.0,2.0,6.0
2000,MEX,1.0,2.0,3.0,6.0
2000,ALG,1.0,1.0,3.0,5.0
2000,BEL,0.0,2.0,3.0,5.0
2000,LTU,2.0,0.0,3.0,5.0
2000,MAR,0.0,1.0,4.0,5.0
2000,RSA,0.0,2.0,3.0,5.0
2000,SVK,1.0,3.0,1.0,5.0
2000,TPE,0.0,1.0,4.0,5.0
2000,TUR,3.0,0.0,2.0,5.0
2000,ARG,0.0,2.0,2.0,4.0
2000,FIN,2.0,1.0,1.0,4.0
2000,IRI,3.0,0.0,1.0,4.0
2000,NZL,1.0,0.0,3.0,4.0
2000,PRK,0.0,1.0,3.0,4.0
2000,UZB,1.0,1.0,2.0,4.0
2000,AUT,2.0,1.0,0.0,3.0
2000,AZE,2.0,0.0,1.0,3.0
2000,BAH,2.0,0.0,1.0,3.0
2000,EST,1.0,0.0,2.0,3.0
2000,LAT,1.0,1.0,1.0,3.0
2000,NGR,1.0,2.0,0.0,3.0
2000,SCG,1.0,1.0,1.0,3.0
2000,THA,1.0,0.0,2.0,3.0
2000,CRC,0.0,0.0,2.0,2.0
2000,CRO,1.0,0.0,1.0,2.0
2000,KSA,0.0,1.0,1.0,2.0
2000,MDA,0.0,1.0,1.0,2.0
2000,POR,0.0,0.0,2.0,2.0
2000,SLO,2.0,0.0,0.0,2.0
2000,TTO,0.0,1.0,1.0,2.0
2000,ARM,0.0,0.0,1.0,1.0
2000,BAR,0.0,0.0,1.0,1.0
2000,CHI,0.0,0.0,1.0,1.0
2000,CMR,1.0,0.0,0.0,1.0
2000,COL,1.0,0.0,0.0,1.0
2000,IND,0.0,0.0,1.0,1.0
2000,IRL,0.0,1.0,0.0,1.0
2000,ISL,0.0,0.0,1.0,1.0
2000,ISR,0.0,0.0,1.0,1.0
2000,KGZ,0.0,0.0,1.0,1.0
2000,KUW,0.0,0.0,1.0,1.0
2000,MKD,0.0,0.0,1.0,1.0
2000,MOZ,1.0,0.0,0.0,1.0
2000,QAT,0.0,0.0,1.0,1.0
2000,SRI,0.0,1.0,0.0,1.0
2000,URU,0.0,1.0,0.0,1.0
2000,VIE,0.0,1.0,0.0,1.0
2004,USA,36.0,39.0,26.0,101.0
2004,RUS,28.0,26.0,36.0,90.0
2004,CHN,32.0,17.0,14.0,63.0
2004,AUS,17.0,16.0,17.0,50.0
2004,GER,13.0,16.0,20.0,49.0
2004,JPN,16.0,9.0,12.0,37.0
2004,FRA,11.0,9.0,13.0,33.0
2004,ITA,10.0,11.0,11.0,32.0
2004,GBR,9.0,9.0,12.0,30.0
2004,KOR,9.0,12.0,9.0,30.0
2004,CUB,9.0,7.0,11.0,27.0
2004,NED,4.0,9.0,9.0,22.0
2004,UKR,8.0,5.0,9.0,22.0
2004,ESP,3.0,11.0,6.0,20.0
2004,ROU,8.0,5.0,6.0,19.0
2004,HUN,8.0,6.0,3.0,17.0
2004,GRE,6.0,6.0,4.0,16.0
2004,BLR,2.0,5.0,6.0,13.0
2004,BUL,2.0,1.0,9.0,12.0
2004,CAN,3.0,6.0,3.0,12.0
2004,TUR,3.0,3.0,5.0,11.0
2004,BRA,5.0,2.0,3.0,10.0
2004,POL,3.0,2.0,5.0,10.0
2004,CZE,1.0,3.0,5.0,9.0
2004,DEN,2.0,1.0,5.0,8.0
2004,KAZ,1.0,4.0,3.0,8.0
2004,THA,3.0,1.0,4.0,8.0
2004,AUT,2.0,4.0,1.0,7.0
2004,ETH,2.0,3.0,2.0,7.0
2004,KEN,1.0,4.0,2.0,7.0
2004,SWE,4.0,2.0,1.0,7.0
2004,ARG,2.0,0.0,4.0,6.0
2004,IRI,2.0,2.0,2.0,6.0
2004,NOR,5.0,0.0,1.0,6.0
2004,RSA,1.0,3.0,2.0,6.0
2004,SVK,2.0,2.0,2.0,6.0
2004,AZE,1.0,0.0,4.0,5.0
2004,CRO,1.0,2.0,2.0,5.0
2004,EGY,1.0,1.0,3.0,5.0
2004,JAM,2.0,1.0,2.0,5.0
2004,NZL,3.0,2.0,0.0,5.0
2004,PRK,0.0,4.0,1.0,5.0
2004,SUI,1.0,1.0,3.0,5.0
2004,TPE,2.0,2.0,1.0,5.0
2004,UZB,2.0,1.0,2.0,5.0
2004,GEO,2.0,2.0,0.0,4.0
2004,INA,1.0,1.0,2.0,4.0
2004,LAT,0.0,4.0,0.0,4.0
2004,MEX,0.0,3.0,1.0,4.0
2004,SLO,0.0,1.0,3.0,4.0
2004,BEL,1.0,0.0,2.0,3.0
2004,CHI,2.0,0.0,1.0,3.0
2004,EST,0.0,1.0,2.0,3.0
2004,LTU,1.0,2.0,0.0,3.0
2004,MAR,2.0,1.0,0.0,3.0
2004,POR,0.0,2.0,1.0,3.0
2004,ZIM,1.0,1.0,1.0,3.0
2004,BAH,1.0,0.0,1.0,2.0
2004,COL,0.0,0.0,2.0,2.0
2004,FIN,0.0,2.0,0.0,2.0
2004,ISR,1.0,0.0,1.0,2.0
2004,NGR,0.0,0.0,2.0,2.0
2004,SCG,0.0,2.0,0.0,2.0
2004,VEN,0.0,0.0,2.0,2.0
2004,CMR,1.0,0.0,0.0,1.0
2004,DOM,1.0,0.0,0.0,1.0
2004,ERI,0.0,0.0,1.0,1.0
2004,HKG,0.0,1.0,0.0,1.0
2004,IND,0.0,1.0,0.0,1.0
2004,MGL,0.0,0.0,1.0,1.0
2004,PAR,0.0,1.0,0.0,1.0
2004,SYR,0.0,0.0,1.0,1.0
2004,TTO,0.0,0.0,1.0,1.0
2004,UAE,1.0,0.0,0.0,1.0
2008,USA,36.0,39.0,35.0,110.0
2008,CHN,51.0,21.0,28.0,100.0
2008,RUS,23.0,21.0,28.0,72.0
2008,GBR,19.0,13.0,16.0,48.0
2008,AUS,14.0,15.0,17.0,46.0
2008,FRA,7.0,16.0,18.0,41.0
2008,GER,16.0,10.0,15.0,41.0
2008,KOR,13.0,10.0,8.0,31.0
2008,ITA,8.0,9.0,10.0,27.0
2008,UKR,7.0,5.0,15.0,27.0
2008,JPN,9.0,7.0,9.0,25.0
2008,CUB,2.0,11.0,11.0,24.0
2008,CAN,3.0,9.0,7.0,19.0
2008,BLR,4.0,5.0,9.0,18.0
2008,ESP,5.0,10.0,3.0,18.0
2008,BRA,3.0,4.0,9.0,16.0
2008,NED,7.0,5.0,4.0,16.0
2008,KEN,6.0,4.0,5.0,15.0
2008,KAZ,2.0,4.0,7.0,13.0
2008,HUN,3.0,5.0,2.0,10.0
2008,POL,3.0,6.0,1.0,10.0
2008,JAM,5.0,2.0,2.0,9.0
2008,NOR,3.0,5.0,1.0,9.0
2008,NZL,3.0,2.0,4.0,9.0
2008,ROU,4.0,1.0,3.0,8.0
2008,AZE,1.0,2.0,4.0,7.0
2008,DEN,2.0,2.0,3.0,7.0
2008,ETH,4.0,1.0,2.0,7.0
2008,SUI,2.0,1.0,4.0,7.0
2008,TUR,1.0,3.0,3.0,7.0
2008,ARG,2.0,0.0,4.0,6.0
2008,ARM,0.0,0.0,6.0,6.0
2008,CZE,3.0,3.0,0.0,6.0
2008,GEO,3.0,0.0,3.0,6.0
2008,PRK,2.0,1.0,3.0,6.0
2008,SVK,3.0,2.0,1.0,6.0
2008,UZB,1.0,2.0,3.0,6.0
2008,BUL,1.0,1.0,3.0,5.0
2008,CRO,0.0,2.0,3.0,5.0
2008,INA,1.0,1.0,3.0,5.0
2008,LTU,0.0,2.0,3.0,5.0
2008,SLO,1.0,2.0,2.0,5.0
2008,SWE,0.0,4.0,1.0,5.0
2008,FIN,1.0,1.0,2.0,4.0
2008,GRE,0.0,2.0,2.0,4.0
2008,MGL,2.0,2.0,0.0,4.0
2008,NGR,0.0,1.0,3.0,4.0
2008,THA,2.0,2.0,0.0,4.0
2008,TPE,0.0,0.0,4.0,4.0
2008,ZIM,1.0,3.0,0.0,4.0
2008,AUT,0.0,1.0,2.0,3.0
2008,IND,1.0,0.0,2.0,3.0
2008,IRL,0.0,1.0,2.0,3.0
2008,LAT,1.0,1.0,1.0,3.0
2008,MEX,2.0,0.0,1.0,3.0
2008,SRB,0.0,1.0,2.0,3.0
2008,ALG,0.0,1.0,1.0,2.0
2008,BAH,0.0,1.0,1.0,2.0
2008,BEL,1.0,1.0,0.0,2.0
2008,COL,0.0,1.0,1.0,2.0
2008,DOM,1.0,1.0,0.0,2.0
2008,EST,1.0,1.0,0.0,2.0
2008,IRI,1.0,0.0,1.0,2.0
2008,KGZ,0.0,1.0,1.0,2.0
2008,MAR,0.0,1.0,1.0,2.0
2008,POR,1.0,1.0,0.0,2.0
2008,TJK,0.0,1.0,1.0,2.0
2008,TTO,1.0,1.0,0.0,2.0
2008,AFG,0.0,0.0,1.0,1.0
2008,CHI,0.0,1.0,0.0,1.0
2008,CMR,1.0,0.0,0.0,1.0
2008,ECU,0.0,1.0,0.0,1.0
2008,EGY,0.0,0.0,1.0,1.0
2008,ISL,0.0,1.0,0.0,1.0
2008,ISR,0.0,0.0,1.0,1.0
2008,MAS,0.0,1.0,0.0,1.0
2008,MDA,0.0,0.0,1.0,1.0
2008,MRI,0.0,0.0,1.0,1.0
2008,PAN,1.0,0.0,0.0,1.0
2008,RSA,0.0,1.0,0.0,1.0
2008,SGP,0.0,1.0,0.0,1.0
2008,SUD,0.0,1.0,0.0,1.0
2008,TOG,0.0,0.0,1.0,1.0
2008,TUN,1.0,0.0,0.0,1.0
2008,VEN,0.0,0.0,1.0,1.0
2008,VIE,0.0,1.0,0.0,1.0
2012,USA,46.0,28.0,29.0,103.0
2012,CHN,38.0,27.0,23.0,88.0
2012,RUS,24.0,26.0,32.0,82.0
2012,GBR,29.0,17.0,19.0,65.0
2012,GER,11.0,19.0,14.0,44.0
2012,JPN,7.0,14.0,17.0,38.0
2012,AUS,7.0,16.0,12.0,35.0
2012,FRA,11.0,11.0,13.0,35.0
2012,ITA,8.0,9.0,11.0,28.0
2012,KOR,13.0,8.0,7.0,28.0
2012,NED,6.0,6.0,8.0,20.0
2012,UKR,6.0,5.0,9.0,20.0
2012,CAN,1.0,5.0,12.0,18.0
2012,HUN,8.0,4.0,6.0,18.0
2012,BRA,3.0,5.0,9.0,17.0
2012,ESP,3.0,10.0,4.0,17.0
2012,CUB,5.0,3.0,6.0,14.0
2012,KAZ,7.0,1.0,5.0,13.0
2012,NZL,6.0,2.0,5.0,13.0
2012,BLR,2.0,5.0,5.0,12.0
2012,IRI,4.0,5.0,3.0,12.0
2012,JAM,4.0,4.0,4.0,12.0
2012,KEN,2.0,4.0,5.0,11.0
2012,AZE,2.0,2.0,6.0,10.0
2012,CZE,4.0,3.0,3.0,10.0
2012,POL,2.0,2.0,6.0,10.0
2012,DEN,2.0,4.0,3.0,9.0
2012,ROU,2.0,5.0,2.0,9.0
2012,COL,1.0,3.0,4.0,8.0
2012,SWE,1.0,4.0,3.0,8.0
2012,ETH,3.0,1.0,3.0,7.0
2012,GEO,1.0,3.0,3.0,7.0
2012,MEX,1.0,3.0,3.0,7.0
2012,CRO,3.0,1.0,2.0,6.0
2012,IND,0.0,2.0,4.0,6.0
2012,PRK,4.0,0.0,2.0,6.0
2012,RSA,3.0,2.0,1.0,6.0
2012,IRL,1.0,1.0,3.0,5.0
2012,LTU,2.0,1.0,2.0,5.0
2012,MGL,0.0,2.0,3.0,5.0
2012,TUR,2.0,2.0,1.0,5.0
2012,ARG,1.0,1.0,2.0,4.0
2012,NOR,2.0,1.0,1.0,4.0
2012,SLO,1.0,1.0,2.0,4.0
2012,SRB,1.0,1.0,2.0,4.0
2012,SUI,2.0,2.0,0.0,4.0
2012,SVK,0.0,1.0,3.0,4.0
2012,TTO,1.0,1.0,2.0,4.0
2012,ARM,0.0,1.0,2.0,3.0
2012,BEL,0.0,1.0,2.0,3.0
2012,FIN,0.0,1.0,2.0,3.0
2012,THA,0.0,2.0,1.0,3.0
2012,TUN,1.0,1.0,1.0,3.0
2012,UZB,1.0,0.0,2.0,3.0
2012,BUL,0.0,1.0,1.0,2.0
2012,DOM,1.0,1.0,0.0,2.0
2012,EGY,0.0,2.0,0.0,2.0
2012,EST,0.0,1.0,1.0,2.0
2012,GRE,0.0,0.0,2.0,2.0
2012,INA,0.0,1.0,1.0,2.0
2012,LAT,1.0,0.0,1.0,2.0
2012,MAS,0.0,1.0,1.0,2.0
2012,MDA,0.0,0.0,2.0,2.0
2012,PUR,0.0,1.0,1.0,2.0
2012,QAT,0.0,0.0,2.0,2.0
2012,SGP,0.0,0.0,2.0,2.0
2012,TPE,0.0,1.0,1.0,2.0
2012,AFG,0.0,0.0,1.0,1.0
2012,ALG,1.0,0.0,0.0,1.0
2012,BAH,1.0,0.0,0.0,1.0
2012,BOT,0.0,1.0,0.0,1.0
2012,BRN,0.0,0.0,1.0,1.0
2012,CYP,0.0,1.0,0.0,1.0
2012,GAB,0.0,1.0,0.0,1.0
2012,GRN,1.0,0.0,0.0,1.0
2012,GUA,0.0,1.0,0.0,1.0
2012,HKG,0.0,0.0,1.0,1.0
2012,KSA,0.0,0.0,1.0,1.0
2012,KUW,0.0,0.0,1.0,1.0
2012,MAR,0.0,0.0,1.0,1.0
2012,MNE,0.0,1.0,0.0,1.0
2012,POR,0.0,1.0,0.0,1.0
2012,TJK,0.0,0.0,1.0,1.0
2012,UGA,1.0,0.0,0.0,1.0
2012,VEN,1.0,0.0,0.0,1.0
2016,USA,46.0,37.0,38.0,121.0
2016,CHN,26.0,18.0,26.0,70.0
2016,GBR,27.0,23.0,17.0,67.0
2016,RUS,19.0,17.0,20.0,56.0
2016,FRA,10.0,18.0,14.0,42.0
2016,GER,17.0,10.0,15.0,42.0
2016,JPN,12.0,8.0,21.0,41.0
2016,AUS,8.0,11.0,10.0,29.0
2016,ITA,8.0,12.0,8.0,28.0
2016,CAN,4.0,3.0,15.0,22.0
2016,KOR,9.0,3.0,9.0,21.0
2016,BRA,7.0,6.0,6.0,19.0
2016,NED,8.0,7.0,4.0,19.0
2016,AZE,1.0,7.0,10.0,18.0
2016,KAZ,3.0,5.0,10.0,18.0
2016,NZL,4.0,9.0,5.0,18.0
2016,ESP,7.0,4.0,6.0,17.0
2016,DEN,2.0,6.0,7.0,15.0
2016,HUN,8.0,3.0,4.0,15.0
2016,KEN,6.0,6.0,1.0,13.0
2016,UZB,4.0,2.0,7.0,13.0
2016,CUB,5.0,2.0,4.0,11.0
2016,JAM,6.0,3.0,2.0,11.0
2016,POL,2.0,3.0,6.0,11.0
2016,SWE,2.0,6.0,3.0,11.0
2016,UKR,2.0,5.0,4.0,11.0
2016,CRO,5.0,3.0,2.0,10.0
2016,CZE,1.0,2.0,7.0,10.0
2016,RSA,2.0,6.0,2.0,10.0
2016,BLR,1.0,4.0,4.0,9.0
2016,COL,3.0,2.0,3.0,8.0
2016,ETH,1.0,2.0,5.0,8.0
2016,IRI,3.0,1.0,4.0,8.0
2016,SRB,2.0,4.0,2.0,8.0
2016,TUR,1.0,3.0,4.0,8.0
2016,GEO,2.0,1.0,4.0,7.0
2016,PRK,2.0,3.0,2.0,7.0
2016,SUI,3.0,2.0,2.0,7.0
2016,BEL,2.0,2.0,2.0,6.0
2016,GRE,3.0,1.0,2.0,6.0
2016,THA,2.0,2.0,2.0,6.0
2016,MAS,0.0,4.0,1.0,5.0
2016,MEX,0.0,3.0,2.0,5.0
2016,ARG,3.0,1.0,0.0,4.0
2016,ARM,1.0,3.0,0.0,4.0
2016,LTU,0.0,1.0,3.0,4.0
2016,NOR,0.0,0.0,4.0,4.0
2016,ROU,1.0,1.0,2.0,4.0
2016,SLO,1.0,2.0,1.0,4.0
2016,SVK,2.0,2.0,0.0,4.0
2016,BUL,0.0,1.0,2.0,3.0
2016,EGY,0.0,0.0,3.0,3.0
2016,INA,1.0,2.0,0.0,3.0
2016,TPE,1.0,0.0,2.0,3.0
2016,TUN,0.0,0.0,3.0,3.0
2016,VEN,0.0,1.0,2.0,3.0
2016,ALG,0.0,2.0,0.0,2.0
2016,BAH,1.0,0.0,1.0,2.0
2016,BRN,1.0,1.0,0.0,2.0
2016,CIV,1.0,0.0,1.0,2.0
2016,IND,0.0,1.0,1.0,2.0
2016,IOA,1.0,0.0,1.0,2.0
2016,IRL,0.0,2.0,0.0,2.0
2016,ISR,0.0,0.0,2.0,2.0
2016,MGL,0.0,1.0,1.0,2.0
2016,VIE,1.0,1.0,0.0,2.0
2016,AUT,0.0,0.0,1.0,1.0
2016,BDI,0.0,1.0,0.0,1.0
2016,DOM,0.0,0.0,1.0,1.0
2016,EST,0.0,0.0,1.0,1.0
2016,FIJ,1.0,0.0,0.0,1.0
2016,FIN,0.0,0.0,1.0,1.0
2016,GRN,0.0,1.0,0.0,1.0
2016,JOR,1.0,0.0,0.0,1.0
2016,KOS,1.0,0.0,0.0,1.0
2016,MAR,0.0,0.0,1.0,1.0
2016,NGR,0.0,0.0,1.0,1.0
2016,NIG,0.0,1.0,0.0,1.0
2016,PHI,0.0,1.0,0.0,1.0
2016,POR,0.0,0.0,1.0,1.0
2016,PUR,1.0,0.0,0.0,1.0
2016,QAT,0.0,1.0,0.0,1.0
2016,SGP,1.0,0.0,0.0,1.0
2016,TJK,1.0,0.0,0.0,1.0
2016,TTO,0.0,0.0,1.0,1.0
2016,UAE,0.0,0.0,1.0,1.0
2020,USA,39.0,41.0,33.0,113.0
2020,CHN,38.0,32.0,19.0,89.0
2020,ROC,20.0,28.0,23.0,71.0
2020,GBR,22.0,20.0,22.0,64.0
2020,JPN,27.0,14.0,17.0,58.0
2020,AUS,17.0,7.0,22.0,46.0
2020,ITA,10.0,10.0,20.0,40.0
2020,GER,10.0,11.0,16.0,37.0
2020,NED,10.0,12.0,14.0,36.0
2020,FRA,10.0,12.0,11.0,33.0
2020,CAN,7.0,7.0,10.0,24.0
2020,BRA,7.0,6.0,8.0,21.0
2020,NZL,7.0,6.0,7.0,20.0
2020,HUN,6.0,7.0,7.0,20.0
2020,KOR,6.0,4.0,10.0,20.0
2020,UKR,1.0,6.0,12.0,19.0
2020,ESP,3.0,8.0,6.0,17.0
2020,CUB,7.0,3.0,5.0,15.0
2020,POL,4.0,5.0,5.0,14.0
2020,SUI,3.0,4.0,6.0,13.0
2020,TUR,2.0,2.0,9.0,13.0
2020,TPE,2.0,4.0,6.0,12.0
2020,CZE,4.0,4.0,3.0,11.0
2020,DEN,3.0,4.0,4.0,11.0
2020,KEN,4.0,4.0,2.0,10.0
2020,JAM,4.0,1.0,4.0,9.0
2020,SWE,3.0,6.0,0.0,9.0
2020,SRB,3.0,1.0,5.0,9.0
2020,NOR,4.0,2.0,2.0,8.0
2020,CRO,3.0,3.0,2.0,8.0
2020,GEO,2.0,5.0,1.0,8.0
2020,KAZ,0.0,0.0,8.0,8.0
2020,IRI,3.0,2.0,2.0,7.0
2020,BEL,3.0,1.0,3.0,7.0
2020,BLR,1.0,3.0,3.0,7.0
2020,IND,1.0,2.0,4.0,7.0
2020,AUT,1.0,1.0,5.0,7.0
2020,AZE,0.0,3.0,4.0,7.0
2020,BUL,3.0,1.0,2.0,6.0
2020,HKG,1.0,2.0,3.0,6.0
2020,EGY,1.0,1.0,4.0,6.0
2020,SLO,3.0,1.0,1.0,5.0
2020,UZB,3.0,0.0,2.0,5.0
2020,INA,1.0,1.0,3.0,5.0
2020,COL,0.0,4.0,1.0,5.0
2020,DOM,0.0,3.0,2.0,5.0
2020,GRE,2.0,1.0,1.0,4.0
2020,UGA,2.0,1.0,1.0,4.0
2020,IRL,2.0,0.0,2.0,4.0
2020,ISR,2.0,0.0,2.0,4.0
2020,ROU,1.0,3.0,0.0,4.0
2020,VEN,1.0,3.0,0.0,4.0
2020,PHI,1.0,2.0,1.0,4.0
2020,SVK,1.0,2.0,1.0,4.0
2020,ETH,1.0,1.0,2.0,4.0
2020,POR,1.0,1.0,2.0,4.0
2020,ARM,0.0,2.0,2.0,4.0
2020,MGL,0.0,1.0,3.0,4.0
2020,MEX,0.0,0.0,4.0,4.0
2020,ECU,2.0,1.0,0.0,3.0
2020,QAT,2.0,0.0,1.0,3.0
2020,RSA,1.0,2.0,0.0,3.0
2020,KGZ,0.0,2.0,1.0,3.0
2020,ARG,0.0,1.0,2.0,3.0
2020,SMR,0.0,1.0,2.0,3.0
2020,BAH,2.0,0.0,0.0,2.0
2020,KOS,2.0,0.0,0.0,2.0
2020,TUN,1.0,1.0,0.0,2.0
2020,EST,1.0,0.0,1.0,2.0
2020,FIJ,1.0,0.0,1.0,2.0
2020,LAT,1.0,0.0,1.0,2.0
2020,THA,1.0,0.0,1.0,2.0
2020,JOR,0.0,1.0,1.0,2.0
2020,MAS,0.0,1.0,1.0,2.0
2020,NGR,0.0,1.0,1.0,2.0
2020,FIN,0.0,0.0,2.0,2.0
2020,BER,1.0,0.0,0.0,1.0
2020,MAR,1.0,0.0,0.0,1.0
2020,PUR,1.0,0.0,0.0,1.0
2020,BRN,0.0,1.0,0.0,1.0
2020,LTU,0.0,1.0,0.0,1.0
2020,NAM,0.0,1.0,0.0,1.0
2020,MKD,0.0,1.0,0.0,1.0
2020,KSA,0.0,1.0,0.0,1.0
2020,TKM,0.0,1.0,0.0,1.0
2020,BOT,0.0,0.0,1.0,1.0
2020,BUR,0.0,0.0,1.0,1.0
2020,GHA,0.0,0.0,1.0,1.0
2020,GRN,0.0,0.0,1.0,1.0
2020,CIV,0.0,0.0,1.0,1.0
2020,KUW,0.0,0.0,1.0,1.0
2020,MDA,0.0,0.0,1.0,1.0
2020,SYR,0.0,0.0,1.0,1.0
2024,USA,40.0,44.0,42.0,126.0
2024,CHN,40.0,27.0,24.0,91.0
2024,GBR,14.0,22.0,29.0,65.0
2024,FRA,16.0,26.0,22.0,64.0
2024,AUS,18.0,19.0,16.0,53.0
2024,JPN,20.0,12.0,13.0,45.0
2024,ITA,12.0,13.0,15.0,40.0
2024,NED,15.0,7.0,12.0,34.0
2024,GER,12.0,13.0,8.0,33.0
2024,KOR,13.0,9.0,10.0,32.0
2024,CAN,9.0,7.0,11.0,27.0
2024,NZL,10.0,7.0,3.0,20.0
2024,BRA,3.0,7.0,10.0,20.0
2024,HUN,6.0,7.0,6.0,19.0
2024,ESP,5.0,4.0,9.0,18.0
2024,UZB,8.0,2.0,3.0,13.0
2024,IRI,3.0,6.0,3.0,12.0
2024,UKR,3.0,5.0,4.0,12.0
2024,SWE,4.0,4.0,3.0,11.0
2024,KEN,4.0,2.0,5.0,11.0
2024,BEL,3.0,1.0,6.0,10.0
2024,POL,1.0,4.0,5.0,10.0
2024,ROU,3.0,4.0,2.0,9.0
2024,DEN,2.0,2.0,5.0,9.0
2024,CUB,2.0,1.0,6.0,9.0
2024,NOR,4.0,1.0,3.0,8.0
2024,SUI,1.0,2.0,5.0,8.0
2024,GRE,1.0,1.0,6.0,8.0
2024,TUR,0.0,3.0,5.0,8.0
2024,IRL,4.0,0.0,3.0,7.0
2024,GEO,3.0,3.0,1.0,7.0
2024,BUL,3.0,1.0,3.0,7.0
2024,AZE,2.0,2.0,3.0,7.0
2024,CRO,2.0,2.0,3.0,7.0
2024,TPE,2.0,0.0,5.0,7.0
2024,ISR,1.0,5.0,1.0,7.0
2024,KAZ,1.0,3.0,3.0,7.0
2024,JAM,1.0,3.0,2.0,6.0
2024,RSA,1.0,3.0,2.0,6.0
2024,THA,1.0,3.0,2.0,6.0
2024,KGZ,0.0,2.0,4.0,6.0
2024,PRK,0.0,2.0,4.0,6.0
2024,IND,0.0,1.0,5.0,6.0
2024,SRB,3.0,1.0,1.0,5.0
2024,CZE,3.0,0.0,2.0,5.0
2024,AUT,2.0,0.0,3.0,5.0
2024,AIN,1.0,3.0,1.0,5.0
2024,ECU,1.0,2.0,2.0,5.0
2024,MEX,0.0,3.0,2.0,5.0
2024,BRN,2.0,1.0,1.0,4.0
2024,HKG,2.0,0.0,2.0,4.0
2024,PHI,2.0,0.0,2.0,4.0
2024,ETH,1.0,3.0,0.0,4.0
2024,POR,1.0,2.0,1.0,4.0
2024,ARM,0.0,3.0,1.0,4.0
2024,COL,0.0,3.0,1.0,4.0
2024,LTU,0.0,2.0,2.0,4.0
2024,MDA,0.0,1.0,3.0,4.0
2024,SLO,2.0,1.0,0.0,3.0
2024,ALG,2.0,0.0,1.0,3.0
2024,INA,2.0,0.0,1.0,3.0
2024,ARG,1.0,1.0,1.0,3.0
2024,EGY,1.0,1.0,1.0,3.0
2024,TUN,1.0,1.0,1.0,3.0
2024,DOM,1.0,0.0,2.0,3.0
2024,TJK,0.0,0.0,3.0,3.0
2024,BOT,1.0,1.0,0.0,2.0
2024,CHI,1.0,1.0,0.0,2.0
2024,LCA,1.0,1.0,0.0,2.0
2024,UGA,1.0,1.0,0.0,2.0
2024,GUA,1.0,0.0,1.0,2.0
2024,MAR,1.0,0.0,1.0,2.0
2024,KOS,0.0,1.0,1.0,2.0
2024,ALB,0.0,0.0,2.0,2.0
2024,GRN,0.0,0.0,2.0,2.0
2024,MAS,0.0,0.0,2.0,2.0
2024,PUR,0.0,0.0,2.0,2.0
2024,DMA,1.0,0.0,0.0,1.0
2024,PAK,1.0,0.0,0.0,1.0
2024,CYP,0.0,1.0,0.0,1.0
2024,FIJ,0.0,1.0,0.0,1.0
2024,JOR,0.0,1.0,0.0,1.0
2024,MGL,0.0,1.0,0.0,1.0
2024,PAN,0.0,1.0,0.0,1.0
2024,CPV,0.0,0.0,1.0,1.0
2024,CIV,0.0,0.0,1.0,1.0
2024,PER,0.0,0.0,1.0,1.0
2024,QAT,0.0,0.0,1.0,1.0
2024,EOR,0.0,0.0,1.0,1.0
2024,SGP,0.0,0.0,1.0,1.0
2024,SVK,0.0,0.0,1.0,1.0
2024,ZAM,0.0,0.0,1.0,1.0
