Year,Country,Gold,Silver,Bronze,Total,Historical_Gold,Historical_Silver,Historical_Bronze,Historical_Total,Recent_3_Olympics_Avg,WB_Code,Population,GDP,GDP_per_capita,HDI,Climate_Zone,Climate_Description,Avg_Temp_C,Winter_Sports_Index,Education_Spending_pct_GDP,Medals_per_million_pop,Medals_per_billion_GDP,Medals_per_10K_GDPpc,Medals_per_HDI,Gold_per_million_pop,Gold_per_billion_GDP,Gold_per_10K_GDPpc,Gold_per_HDI
1994,AUS,0.0,0.0,1.0,1.0,1,0,0,1,1.0,AUS,17805468.0,323269456935.317,18155.6282000179,0.873,3.0,Temperate,12.0,4.0,,0.05616252265876977,0.0030933946234211977,0.5507933897869829,1.145475372279496,0.0,0.0,0.0,0.0
1998,AUS,0.0,0.0,1.0,1.0,1,0,1,2,1.0,AUS,18607584.0,400361527504.578,21516.0403147759,0.891,3.0,Temperate,12.0,4.0,,0.053741528185496844,0.0024977424934731407,0.464769532576708,1.122334455667789,0.0,0.0,0.0,0.0
2002,AUS,2.0,0.0,0.0,2.0,1,0,2,3,1.0,AUS,19495210.0,396436967262.563,20335.0960191023,0.902,3.0,Temperate,12.0,4.0,,0.10258930270563897,0.005044938199911578,0.9835212964429811,2.2172949002217295,0.10258930270563897,0.005044938199911578,0.9835212964429811,2.2172949002217295
2006,AUS,1.0,0.0,1.0,2.0,3,0,2,5,1.3333333333333333,AUS,20450966.0,749708370332.989,36658.8243476122,0.914,3.0,Temperate,12.0,4.0,,0.09779489144913742,0.002667703975496077,0.5455712330093508,2.1881838074398248,0.04889744572456871,0.0013338519877480386,0.2727856165046754,1.0940919037199124
2010,AUS,2.0,1.0,0.0,3.0,4,0,3,7,1.6666666666666667,AUS,22031750.0,1152566632022.13,52313.8939041213,0.923,3.0,Temperate,12.0,4.0,,0.13616712244828486,0.002602886389949209,0.5734614222176375,3.2502708559046587,0.09077808163218991,0.0017352575932994725,0.38230761481175835,2.1668472372697725
2014,AUS,0.0,2.0,1.0,3.0,6,1,3,10,2.333333333333333,AUS,23475686.0,1474677007565.64,62817.2061751737,0.931,3.0,Temperate,12.0,4.0,,0.1277917927510191,0.0020343437814578295,0.47757615829556666,3.2223415682062297,0.0,0.0,0.0,0.0
2018,AUS,0.0,2.0,1.0,3.0,6,3,4,13,2.6666666666666665,AUS,24963258.0,1433144978761.67,57410.1737346009,0.941,3.0,Temperate,12.0,4.0,,0.12017662117661085,0.0020932983364964192,0.5225554644493108,3.1880977683315623,0.0,0.0,0.0,0.0
2022,AUS,1.0,2.0,1.0,4.0,6,5,5,16,3.0,AUS,26018721.0,1695627535475.8,65169.5191118657,,3.0,Temperate,12.0,4.0,,0.1537354584032013,0.00235900863622009,0.6137838754240097,,0.038433864600800324,0.0005897521590550225,0.15344596885600242,
1960,AUT,1.0,2.0,3.0,6.0,11,16,13,40,9.0,AUT,7047539.0,6624086313.14334,939.914814681174,,2.0,Continental,5.0,7.0,,0.8513610212018692,0.9057852987354582,63.83557218464786,,0.14189350353364488,0.15096421645590968,10.639262030774644,
1964,AUT,4.0,5.0,3.0,12.0,12,18,16,46,8.333333333333334,AUT,7223801.0,9213648655.97511,1275.45715281679,,2.0,Continental,5.0,7.0,,1.6611753286116269,1.3024156279519,94.0839131561459,,0.5537251095372091,0.4341385426506333,31.36130438538197,
1968,AUT,3.0,4.0,4.0,11.0,16,23,19,58,9.666666666666666,AUT,7415403.0,12499863917.1003,1685.66211669148,,2.0,Continental,5.0,7.0,,1.483398811905435,0.8800095803404365,65.25625682085187,,0.404563312337846,0.24000261282011906,17.79716095114142,
1972,AUT,1.0,2.0,2.0,5.0,19,27,23,69,9.666666666666666,AUT,7544201.0,21973207929.0434,2912.59577111524,,2.0,Continental,5.0,7.0,4.46764993667603,0.66276070852301,0.2275498423419176,17.1668174814574,,0.132552141704602,0.045509968468383524,3.4333634962914803,
1976,AUT,2.0,2.0,2.0,6.0,20,29,25,74,9.333333333333334,AUT,7565525.0,42791707448.0325,5656.1451383787,,2.0,Continental,5.0,7.0,5.2582597732544,0.7930712012715575,0.140214082536589,10.607931467826273,,0.26435706709051915,0.04673802751219634,3.5359771559420907,
1980,AUT,3.0,2.0,2.0,7.0,22,31,27,80,7.333333333333333,AUT,7549433.0,81737498404.5948,10826.9718274995,,2.0,Continental,5.0,7.0,5.02866983413696,0.9272219516353083,0.08564000778872015,6.465335009204192,,0.3973808364151321,0.03670286048088006,2.7708578610875105,
1984,AUT,0.0,0.0,1.0,1.0,25,33,29,87,6.0,AUT,7561434.0,67719055773.3306,8955.84829191534,,2.0,Continental,5.0,7.0,5.31528997421265,0.13225004675039154,0.014766892251823515,1.1165888114727491,,0.0,0.0,0.0,
1988,AUT,3.0,5.0,2.0,10.0,25,33,30,88,4.666666666666667,AUT,7585317.0,132817124707.456,17509.7658683817,,2.0,Continental,5.0,7.0,5.21114015579224,1.318336465041606,0.07529149589728037,5.711098637850734,,0.39550093951248183,0.022587448769184115,1.7133295913552202,
1992,AUT,6.0,7.0,8.0,21.0,28,38,32,98,6.0,AUT,7840709.0,194314032056.098,24782.7118767063,0.835,2.0,Continental,5.0,7.0,5.31781005859375,2.678329217421537,0.10807248338059987,8.473648930946199,25.149700598802397,0.7652369192632963,0.030877852394457103,2.421042551698914,7.185628742514971
1994,AUT,2.0,3.0,4.0,9.0,34,45,40,119,10.666666666666666,AUT,7936118.0,202738023129.743,25546.2460525087,0.845,2.0,Continental,5.0,7.0,,1.1340557184255577,0.044392264761506595,3.523022514345578,10.650887573964498,0.25201238187234615,0.009864947724779244,0.782893892076795,2.366863905325444
1998,AUT,3.0,5.0,9.0,17.0,36,48,44,128,13.333333333333334,AUT,7976789.0,217068085815.918,27212.4642905708,0.863,2.0,Continental,5.0,7.0,6.13724994659424,2.131183362127292,0.07831644129582756,6.247137274477032,19.69872537659328,0.3760911815518751,0.01382054846396957,1.1024359896135938,3.476245654692932
2002,AUT,3.0,4.0,10.0,17.0,39,53,53,145,15.666666666666666,AUT,8081957.0,212837224022.813,26334.862215032,0.879,2.0,Continental,5.0,7.0,5.56255006790161,2.103450933975521,0.0798732462239681,6.455321414325214,19.340159271899886,0.371197223642739,0.014095278745406135,1.1391743672338612,3.4129692832764507
2006,AUT,9.0,7.0,7.0,23.0,42,57,63,162,14.333333333333334,AUT,8268641.0,333905979332.481,40382.2078298575,0.893,2.0,Continental,5.0,7.0,5.26367998123169,2.7815937346898965,0.06888166556939118,5.695577640753568,25.755879059350505,1.0884497222699596,0.026953695222805243,2.2287042942079176,10.078387458006718
2010,AUT,4.0,6.0,6.0,16.0,51,64,70,185,19.0,AUT,8363404.0,389827789217.634,46611.1393420232,0.902,2.0,Continental,5.0,7.0,5.73625993728638,1.9130966290759122,0.04104376456104181,3.432655847048751,17.738359201773836,0.47827415726897804,0.010260941140260452,0.8581639617621878,4.434589800443459
2014,AUT,4.0,8.0,5.0,17.0,55,70,76,201,18.666666666666668,AUT,8546356.0,438556021078.034,51314.9722616322,0.909,2.0,Continental,5.0,7.0,5.4976601600647,1.9891518677668003,0.038763576790512524,3.312873270850575,18.701870187018702,0.4680357335921883,0.009120841597767652,0.7794995931413118,4.400440044004401
2018,AUT,5.0,3.0,6.0,14.0,59,78,81,218,18.666666666666668,AUT,8840521.0,452582294972.775,51194.0749841299,0.917,2.0,Continental,5.0,7.0,5.25437021255493,1.5836170741520776,0.030933600707562296,2.734691466608193,15.267175572519083,0.5655775264828848,0.011047714538415104,0.9766755237886404,5.452562704471101
2022,AUT,7.0,7.0,4.0,18.0,64,81,87,232,15.666666666666666,AUT,9041851.0,473221298968.216,52336.7725223758,,2.0,Continental,5.0,7.0,5.27748012542725,1.9907428246716294,0.038037172120625476,3.4392644277604947,,0.7741777651500782,0.014792233602465465,1.337491721906859,
1998,BEL,0.0,0.0,1.0,1.0,1,1,2,4,1.3333333333333333,BEL,10203008.0,258528339631.029,25338.4432934904,0.878,3.0,Temperate,12.0,4.0,,0.09801031225301401,0.003868047895357227,0.3946572362071296,1.1389521640091116,0.0,0.0,0.0,0.0
2018,BEL,0.0,1.0,0.0,1.0,1,1,3,5,1.3333333333333333,BEL,11427054.0,542638913427.921,47487.2100392561,0.933,3.0,Temperate,12.0,4.0,6.38883018493652,0.08751161935525989,0.0018428460901981196,0.2105830178638276,1.0718113612004287,0.0,0.0,0.0,0.0
2022,BEL,1.0,0.0,1.0,2.0,1,2,3,6,1.3333333333333333,BEL,11680210.0,591085783326.267,50605.7496677086,,3.0,Temperate,12.0,4.0,6.27796983718872,0.17122979809438357,0.0033836036264401946,0.39521200913583043,,0.08561489904719179,0.0016918018132200973,0.19760600456791522,
1994,BLR,0.0,2.0,0.0,2.0,0,0,0,0,0.0,BLR,10226955.0,14931435232.078,1460.00791360458,,2.0,Continental,5.0,7.0,,0.19556163100355872,0.13394559658292549,13.698555887017394,,0.0,0.0,0.0,
1998,BLR,0.0,0.0,2.0,2.0,0,2,0,2,2.0,BLR,10071963.0,15222012660.4232,1511.32531567314,0.697,2.0,Continental,5.0,7.0,,0.1985710233447045,0.13138867011981556,13.23341824065989,2.8694404591104736,0.0,0.0,0.0,0.0
2002,BLR,0.0,0.0,1.0,1.0,0,2,2,4,2.0,BLR,9865548.0,14594900944.7658,1479.38066337175,0.721,2.0,Continental,5.0,7.0,,0.10136284370619858,0.06851708029979005,6.759585445174312,1.3869625520110958,0.0,0.0,0.0,0.0
2006,BLR,0.0,1.0,0.0,1.0,0,2,3,5,1.6666666666666667,BLR,9604924.0,36961894281.3444,3848.22350300163,0.762,2.0,Continental,5.0,7.0,6.07696008682251,0.10411326523770516,0.027054890433597857,2.5986016644303427,1.3123359580052494,0.0,0.0,0.0,0.0
2010,BLR,1.0,1.0,1.0,3.0,0,3,3,6,1.3333333333333333,BLR,9483836.0,57231904542.8755,6034.67885177216,0.79,2.0,Continental,5.0,7.0,5.22003984451294,0.3163276969361343,0.05241831499338867,4.971267027936395,3.7974683544303796,0.10544256564537809,0.01747277166446289,1.6570890093121315,1.2658227848101264
2014,BLR,5.0,0.0,1.0,6.0,1,4,4,9,1.6666666666666667,BLR,9448515.0,78813069120.9984,8341.31809294883,0.812,2.0,Continental,5.0,7.0,4.81832981109619,0.6350204238443818,0.07612950576494429,7.193107771626623,7.389162561576354,0.529183686536985,0.06344125480412025,5.99425647635552,6.157635467980295
2018,BLR,2.0,1.0,0.0,3.0,6,4,5,15,3.333333333333333,BLR,9438785.0,60031026576.26,6360.037502312,0.818,2.0,Continental,5.0,7.0,4.83656978607178,0.3178375182822789,0.049974157882990235,4.716953318136002,3.6674816625916873,0.21189167885485263,0.03331610525532682,3.144635545424002,2.444987775061125
2022,BLR,0.0,2.0,0.0,2.0,8,5,5,18,4.0,BLR,9228071.0,73775179924.603,7994.64806074889,,2.0,Continental,5.0,7.0,4.62823009490967,0.21673001865720365,0.027109388307069757,2.5016736006420928,,0.0,0.0,0.0,
1980,BUL,0.0,0.0,1.0,1.0,0,0,0,0,0.0,BGR,8861535.0,19839230769.2308,2238.80295786574,,2.0,Continental,5.0,7.0,3.52947998046875,0.11284726630318563,0.05040518010158575,4.466672676515061,,0.0,0.0,0.0,
1998,BUL,1.0,0.0,0.0,1.0,0,0,1,1,1.0,BGR,8256786.0,15031055046.7575,1820.44866449942,0.716,2.0,Continental,5.0,7.0,2.73942995071411,0.1211125006752022,0.06652892939911893,5.493151328576333,1.3966480446927374,0.1211125006752022,0.06652892939911893,5.493151328576333,1.3966480446927374
2002,BUL,0.0,1.0,2.0,3.0,1,0,1,2,1.0,BGR,7837161.0,16403043849.8297,2092.98288625558,0.74,2.0,Continental,5.0,7.0,3.38608002662659,0.38279167673089787,0.182892884239357,14.33360979538206,4.054054054054054,0.0,0.0,0.0,0.0
2006,BUL,0.0,1.0,0.0,1.0,1,1,3,5,1.6666666666666667,BGR,7601022.0,34380536495.6739,4523.1465578805,0.767,2.0,Continental,5.0,7.0,3.90346002578735,0.13156125584164868,0.029086224414381377,2.210850316706496,1.303780964797914,0.0,0.0,0.0,0.0
1960,CAN,2.0,1.0,1.0,4.0,6,3,9,18,2.6666666666666665,CAN,17909356.0,40563768946.9503,2264.94849658191,,1.0,Arctic/Subarctic,-5.0,10.0,,0.22334694781878253,0.09861016626022201,17.660445727735084,,0.11167347390939127,0.049305083130111005,8.830222863867542,
1964,CAN,1.0,1.0,1.0,3.0,8,4,10,22,3.0,CAN,19325000.0,49503663836.3665,2561.63849088572,,1.0,Arctic/Subarctic,-5.0,10.0,,0.15523932729624837,0.06060157506556378,11.711254381420195,,0.0517464424320828,0.0202005250218546,3.903751460473398,
1968,CAN,1.0,1.0,1.0,3.0,9,5,11,25,3.333333333333333,CAN,20744000.0,72048833006.1602,3473.23722551871,,1.0,Arctic/Subarctic,-5.0,10.0,,0.14462013112225222,0.04163842597899537,8.637475085082809,,0.04820671037408407,0.01387947532633179,2.8791583616942695,
1972,CAN,0.0,1.0,0.0,1.0,10,6,12,28,3.333333333333333,CAN,22218463.0,113463848873.624,5106.73708049128,,1.0,Arctic/Subarctic,-5.0,10.0,7.58983993530273,0.04500761371297376,0.008813379855585543,1.9581975422627351,,0.0,0.0,0.0,
1976,CAN,1.0,1.0,1.0,3.0,10,7,12,29,2.333333333333333,CAN,23449808.0,207271612576.065,8838.94710677652,,1.0,Arctic/Subarctic,-5.0,10.0,6.69842004776001,0.12793281718980387,0.014473762049296804,3.394069410936968,,0.042644272396601283,0.004824587349765602,1.1313564703123227,
1980,CAN,0.0,1.0,1.0,2.0,11,8,13,32,2.333333333333333,CAN,24515667.0,274776566028.053,11208.2027394178,,1.0,Arctic/Subarctic,-5.0,10.0,6.46289014816284,0.08158048483853203,0.00727864107522114,1.7844074081264238,,0.0,0.0,0.0,
1984,CAN,2.0,1.0,1.0,4.0,11,9,14,34,2.0,CAN,25607053.0,356718400123.543,13930.4745502555,,1.0,Arctic/Subarctic,-5.0,10.0,6.61841011047363,0.1562069637611169,0.011213326810769144,2.8714025394968585,,0.07810348188055845,0.005606663405384572,1.4357012697484293,
1988,CAN,0.0,2.0,3.0,5.0,13,10,15,38,3.0,CAN,26791747.0,509380027626.554,19012.5723278349,,1.0,Arctic/Subarctic,-5.0,10.0,6.15022993087769,0.1866246348175802,0.009815854035929519,2.6298387791955276,,0.0,0.0,0.0,
1992,CAN,2.0,3.0,2.0,7.0,13,12,18,43,3.6666666666666665,CAN,28371264.0,594387358318.855,20950.3305287651,0.868,1.0,Arctic/Subarctic,-5.0,10.0,6.74663019180298,0.24672852080189303,0.011776831895951762,3.3412360680366837,8.064516129032258,0.07049386308625517,0.003364809113129075,0.9546388765819097,2.3041474654377883
1994,CAN,3.0,6.0,4.0,13.0,15,15,20,50,5.333333333333333,CAN,29000663.0,579944346807.264,19997.6237373354,0.872,1.0,Arctic/Subarctic,-5.0,10.0,6.65829992294312,0.4482656137895882,0.02241594399802014,6.500772377134542,14.908256880733944,0.10344591087452035,0.005172910153389262,1.500178240877202,3.4403669724770642
1998,CAN,6.0,5.0,4.0,15.0,18,21,24,63,8.333333333333334,CAN,30155173.0,634000000000.0,21024.5850687045,0.879,1.0,Arctic/Subarctic,-5.0,10.0,5.49377012252808,0.4974270915308627,0.02365930599369085,7.134504652996833,17.064846416382252,0.19897083661234508,0.00946372239747634,2.853801861198734,6.825938566552901
2002,CAN,7.0,3.0,7.0,17.0,24,26,28,78,11.666666666666666,CAN,31359199.0,760649334098.005,24256.0192337185,0.894,1.0,Arctic/Subarctic,-5.0,10.0,4.99308013916016,0.5421056832478406,0.0223493260796172,7.008569640466047,19.01565995525727,0.22321998721969907,0.009202663679842377,2.8858816166624903,7.829977628635347
2006,CAN,7.0,10.0,7.0,24.0,31,29,35,95,15.0,CAN,32571193.0,1319264809590.97,40504.0370977806,0.907,1.0,Arctic/Subarctic,-5.0,10.0,,0.7368474344799099,0.01819195041474733,5.925335280051645,26.460859977949283,0.21491383505664038,0.0053059855376346365,1.7282227900150626,7.717750826901874
2010,CAN,14.0,7.0,5.0,26.0,38,39,42,119,18.666666666666668,CAN,34005902.0,1617343367486.26,47560.6666009406,0.911,1.0,Arctic/Subarctic,-5.0,10.0,5.356369972229,0.7645731614470924,0.016075745276286163,5.466702184423505,28.54006586169045,0.41169324077920355,0.008656170533384857,2.943608868535733,15.367727771679473
2014,CAN,10.0,10.0,5.0,25.0,52,46,47,145,22.33333333333333,CAN,35434066.0,1805749878439.94,50960.8431174661,0.925,1.0,Arctic/Subarctic,-5.0,10.0,4.84358978271484,0.7055357406626719,0.01384466381445835,4.90572731349329,27.027027027027025,0.2822142962650687,0.00553786552578334,1.962290925397316,10.81081081081081
2018,CAN,11.0,8.0,10.0,29.0,62,56,52,170,25.0,CAN,37072620.0,1725329192783.02,46539.1761570405,0.933,1.0,Arctic/Subarctic,-5.0,10.0,4.8889799118042,0.7822484626120302,0.016808386550987365,6.231309274178642,31.082529474812432,0.2967149340942183,0.00637559489865038,2.363600069516037,11.789924973204716
2022,CAN,4.0,8.0,14.0,26.0,73,64,62,199,26.666666666666668,CAN,38935934.0,2190411080134.32,56256.8007264015,,1.0,Arctic/Subarctic,-5.0,10.0,4.88021993637085,0.667763613940788,0.011869918042235994,4.621663454779097,,0.10273286368319814,0.001826141237267076,0.7110251468890919,
1992,CHN,0.0,3.0,0.0,3.0,0,0,0,0,0.0,CHN,1164970000.0,428502354788.069,367.822651903542,0.504,2.0,Continental,5.0,7.0,1.65455996990204,0.0025751736096208486,0.007001128386992778,81.56104536994968,5.9523809523809526,0.0,0.0,0.0,0.0
1994,CHN,0.0,1.0,2.0,3.0,0,3,0,3,3.0,CHN,1191835000.0,566929539493.172,475.677874448369,0.525,2.0,Continental,5.0,7.0,1.98571002483368,0.0025171269512977885,0.00529166288050886,63.06789029191279,5.714285714285714,0.0,0.0,0.0,0.0
1998,CHN,0.0,6.0,2.0,8.0,0,4,2,6,3.0,CHN,1241935000.0,1037134141760.35,835.095348597432,0.564,2.0,Continental,5.0,7.0,1.84432995319366,0.0064415609512575136,0.007713563441679231,95.79744412941879,14.184397163120568,0.0,0.0,0.0,0.0
2002,CHN,2.0,2.0,4.0,8.0,0,10,4,14,4.666666666666667,CHN,1280400000.0,1489821682050.54,1163.55957673426,0.604,2.0,Continental,5.0,7.0,,0.006248047485160887,0.005369770151948031,68.75453702554229,13.245033112582782,0.0015620118712902217,0.0013424425379870077,17.188634256385573,3.3112582781456954
2006,CHN,2.0,4.0,5.0,11.0,2,12,8,22,6.333333333333333,CHN,1311020000.0,2791498472804.33,2129.25696999613,0.65,2.0,Continental,5.0,7.0,,0.008390413571112568,0.003940535919028978,51.661214005653775,16.923076923076923,0.0015255297402022852,0.000716461076187087,9.39294800102796,3.0769230769230766
2010,CHN,5.0,2.0,4.0,11.0,4,16,13,33,9.0,CHN,1337705000.0,6192564874453.29,4629.24551710077,0.691,2.0,Continental,5.0,7.0,,0.008223038711823609,0.0017763237403259557,23.761971490527348,15.918958031837917,0.0037377448690107313,0.0008074198819663435,10.800896132057884,7.235890014471781
2014,CHN,3.0,4.0,2.0,9.0,9,18,17,44,10.0,CHN,1371860000.0,10674533168257.4,7781.06597484974,0.725,2.0,Continental,5.0,7.0,,0.006560436196113306,0.0008431282059962192,11.56653860677977,12.413793103448276,0.002186812065371102,0.0002810427353320731,3.8555128689265907,4.137931034482759
2018,CHN,1.0,6.0,2.0,9.0,12,22,19,53,10.333333333333334,CHN,1402760000.0,14147765772963.8,10085.6638148819,0.755,2.0,Continental,5.0,7.0,,0.00641592289486441,0.0006361428471765404,8.92355740305368,11.920529801324504,0.0007128803216516011,7.068253857517115e-05,0.9915063781170755,1.3245033112582782
2022,CHN,9.0,4.0,2.0,15.0,13,28,21,62,9.666666666666666,CHN,1412175000.0,18316765021690.2,12970.6056414327,,2.0,Continental,5.0,7.0,,0.010621913006532476,0.0008189218992675519,11.564610330981537,,0.006373147803919486,0.0004913531395605311,6.938766198588922,
2002,CRO,3.0,1.0,0.0,4.0,0,0,0,0,0.0,HRV,4302174.0,26757722428.6781,6219.58164143945,0.777,2.0,Continental,5.0,7.0,3.82305002212524,0.9297624875237497,0.14948955430201052,6.431300737896972,5.148005148005148,0.6973218656428123,0.11211716572650789,4.823475553422729,3.861003861003861
2006,CRO,1.0,2.0,0.0,3.0,3,1,0,4,4.0,HRV,4311159.0,49583544860.0759,11501.2099669894,0.811,2.0,Continental,5.0,7.0,,0.6958685587796692,0.06050394356567204,2.6084212083863827,3.699136868064118,0.23195618625988976,0.02016798118855735,0.8694737361287942,1.2330456226880393
2010,CRO,0.0,2.0,1.0,3.0,4,3,0,7,3.5,HRV,4295427.0,58975205417.3439,13729.7654965022,0.821,2.0,Continental,5.0,7.0,4.20651006698608,0.6984171771514217,0.05086883511079278,2.185033677934471,3.654080389768575,0.0,0.0,0.0,0.0
2014,CRO,0.0,1.0,0.0,1.0,4,5,1,10,3.333333333333333,HRV,4201598.0,59606934500.9957,14186.7295493276,0.841,2.0,Continental,5.0,7.0,,0.23800468298014232,0.016776571524296315,0.704884093633403,1.1890606420927468,0.0,0.0,0.0,0.0
1998,CZE,1.0,1.0,1.0,3.0,0,0,0,0,0.0,CZE,10294373.0,67187217327.7326,6526.59635780951,0.792,2.0,Continental,5.0,7.0,3.55989003181458,0.29142134251401225,0.044651350648536266,4.596576585298245,3.7878787878787876,0.09714044750467075,0.01488378354951209,1.532192195099415,1.2626262626262625
2002,CZE,1.0,2.0,0.0,3.0,1,1,1,3,3.0,CZE,10196916.0,82607869609.574,8101.26018588111,0.825,2.0,Continental,5.0,7.0,3.93903994560242,0.2942066012900371,0.036316152615710466,3.7031275766557963,3.6363636363636367,0.09806886709667904,0.012105384205236821,1.2343758588852654,1.2121212121212122
2006,CZE,1.0,2.0,1.0,4.0,2,3,1,6,3.0,CZE,10238905.0,156236258386.589,15259.0788162004,0.852,2.0,Continental,5.0,7.0,4.19624996185303,0.3906667754022525,0.025602251623963315,2.621390221638572,4.694835680751174,0.09766669385056312,0.006400562905990829,0.655347555409643,1.1737089201877935
2010,CZE,2.0,0.0,4.0,6.0,3,5,2,10,3.333333333333333,CZE,10474410.0,211168667286.27,20160.4355077059,0.87,2.0,Continental,5.0,7.0,3.99341988563538,0.5728246268763586,0.028413306183658976,2.976126184231797,6.8965517241379315,0.19094154229211957,0.009471102061219658,0.992042061410599,2.2988505747126435
2014,CZE,2.0,4.0,2.0,8.0,5,5,6,16,4.333333333333333,CZE,10525347.0,210911285077.683,20038.4163180257,0.887,2.0,Continental,5.0,7.0,3.93603992462158,0.7600699530381279,0.037930639875687226,3.9923314662364526,9.019165727170236,0.19001748825953196,0.009482659968921807,0.9980828665591132,2.254791431792559
2018,CZE,2.0,2.0,3.0,7.0,7,9,8,24,6.0,CZE,10629928.0,251992360762.236,23705.9329811299,0.894,2.0,Continental,5.0,7.0,4.21541023254395,0.6585181009692633,0.02777861987096012,2.9528472916767514,7.829977628635347,0.18814802884836096,0.007936748534560036,0.8436706547647861,2.237136465324385
2022,CZE,1.0,0.0,1.0,2.0,9,11,11,31,7.0,CZE,10672118.0,301831228325.556,28282.2236715857,,2.0,Continental,5.0,7.0,4.30291986465454,0.18740422472839974,0.006626219596611104,0.7071579742894615,,0.09370211236419987,0.003313109798305552,0.35357898714473074,
1998,DEN,0.0,1.0,0.0,1.0,0,0,0,0,0.0,DNK,5304219.0,176877077513.133,33346.4884298957,0.876,3.0,Temperate,12.0,4.0,8.11201000213623,0.18852916895022623,0.005653643841586825,0.29988165083777846,1.1415525114155252,0.0,0.0,0.0,0.0
1972,ESP,1.0,0.0,0.0,1.0,0,0,0,0,0.0,ESP,34604469.0,59090176028.993,1707.58800052655,,3.0,Temperate,12.0,4.0,2.0661199092865,0.02889800158470861,0.016923286867673963,5.856213557905309,,0.02889800158470861,0.016923286867673963,5.856213557905309,
1992,ESP,0.0,0.0,1.0,1.0,1,0,0,1,1.0,ESP,39157685.0,630465353486.104,16100.6799428032,0.772,3.0,Temperate,12.0,4.0,3.83991003036499,0.02553777119357286,0.0015861299823544401,0.6210917821809055,1.2953367875647668,0.0,0.0,0.0,0.0
2018,ESP,0.0,0.0,2.0,2.0,1,0,1,2,1.0,ESP,46782011.0,1431642809327.06,30602.4212881113,0.901,3.0,Temperate,12.0,4.0,4.15046977996826,0.04275147556183508,0.0013969965042747601,0.6535430582994353,2.2197558268590454,0.0,0.0,0.0,0.0
2022,ESP,0.0,1.0,0.0,1.0,1,0,3,4,1.3333333333333333,ESP,47786102.0,1448850658406.62,30319.4987196616,,3.0,Temperate,12.0,4.0,4.58553981781006,0.020926586562762535,0.0006902022608042671,0.3298207563542334,,0.0,0.0,0.0,
2002,EST,1.0,1.0,1.0,3.0,0,0,0,0,0.0,EST,1379350.0,7370119619.4782,5343.18310760735,0.807,1.0,Arctic/Subarctic,-5.0,10.0,5.433030128479,2.174937470547722,0.4070490242887534,5.614630716526921,3.717472118959108,0.7249791568492405,0.13568300809625114,1.8715435721756404,1.2391573729863692
2006,EST,3.0,0.0,0.0,3.0,1,1,1,3,3.0,EST,1346810.0,17025671810.3124,12641.4800976473,0.847,1.0,Arctic/Subarctic,-5.0,10.0,,2.227485688404452,0.17620450067543936,2.3731398355468905,3.541912632821724,2.227485688404452,0.17620450067543936,2.3731398355468905,3.541912632821724
2010,EST,0.0,1.0,0.0,1.0,4,1,1,6,3.0,EST,1331475.0,19524355419.038,14663.7041018705,0.861,1.0,Arctic/Subarctic,-5.0,10.0,5.51753997802734,0.7510467714376913,0.05121808011264282,0.68195593217981,1.1614401858304297,0.0,0.0,0.0,0.0
2022,EST,0.0,0.0,1.0,1.0,4,2,1,7,2.333333333333333,EST,1348840.0,38226641740.29,28340.3826549406,,1.0,Arctic/Subarctic,-5.0,10.0,5.20733976364136,0.7413777764597729,0.026159765924350684,0.35285338669401106,,0.0,0.0,0.0,
1960,FIN,2.0,3.0,3.0,8.0,15,18,13,46,7.333333333333333,FIN,4429634.0,5279481824.12983,1191.85508873415,,1.0,Arctic/Subarctic,-5.0,10.0,,1.8060182850321267,1.5153002257600476,67.1222540023441,,0.4515045712580317,0.3788250564400119,16.780563500586027,
1964,FIN,3.0,4.0,3.0,10.0,17,21,16,54,8.0,FIN,4548543.0,7848987792.54261,1725.60483489826,,1.0,Arctic/Subarctic,-5.0,10.0,,2.1985062029753264,1.274049630896494,57.95069530266813,,0.6595518608925979,0.3822148892689482,17.38520859080044,
1968,FIN,1.0,2.0,2.0,5.0,20,25,19,64,8.333333333333334,FIN,4626469.0,8916565040.54632,1927.29380452918,,1.0,Arctic/Subarctic,-5.0,10.0,,1.0807378153836111,0.5607540546458739,25.94311250443444,,0.21614756307672223,0.11215081092917478,5.188622500886888,
1972,FIN,0.0,4.0,1.0,5.0,21,27,21,69,7.666666666666667,FIN,4639657.0,14744499569.8308,3177.9287929756,,1.0,Arctic/Subarctic,-5.0,10.0,5.00775003433228,1.077665870558966,0.33910950835053516,15.733518041851196,,0.0,0.0,0.0,
1976,FIN,2.0,4.0,1.0,7.0,21,31,22,74,6.666666666666667,FIN,4725664.0,31852352669.6415,6740.29145314637,,1.0,Arctic/Subarctic,-5.0,10.0,5.22785997390747,1.481273319474258,0.21976398643456266,10.385307591903015,,0.42322094842121655,0.06278971040987505,2.967230740543718,
1980,FIN,1.0,5.0,3.0,9.0,23,35,23,81,5.666666666666667,FIN,4779535.0,53649984061.205,11224.9380036353,,1.0,Arctic/Subarctic,-5.0,10.0,4.82531976699829,1.8830283699146464,0.16775401069518708,8.017861655080203,,0.2092253744349607,0.018639334521687454,0.8908735172311337,
1984,FIN,4.0,3.0,6.0,13.0,24,40,26,90,7.0,FIN,4881803.0,52870993272.6553,10830.2185222663,,1.0,Arctic/Subarctic,-5.0,10.0,4.70050001144409,2.6629505533099143,0.2458815164103141,12.00345124456423,,0.8193694010184351,0.07565585120317357,3.693369613712071,
1988,FIN,4.0,1.0,2.0,7.0,28,43,32,103,9.666666666666666,FIN,4946481.0,109039090262.971,22043.7701596288,,1.0,Arctic/Subarctic,-5.0,10.0,5.06788015365601,1.4151474553323868,0.06419716069822308,3.175500356477077,,0.8086556887613638,0.03668409182755604,1.8145716322726153,
1992,FIN,3.0,1.0,3.0,7.0,32,44,34,110,9.666666666666666,FIN,5041992.0,112537828510.751,22320.1124695857,0.825,1.0,Arctic/Subarctic,-5.0,10.0,6.52018976211548,1.38834016396694,0.06220130681952223,3.136184913735756,8.484848484848484,0.5950029274144029,0.026657702922652383,1.3440792487438955,3.6363636363636367
1994,FIN,0.0,1.0,5.0,6.0,35,45,37,117,9.0,FIN,5088333.0,103182697780.307,20278.29109854,0.841,1.0,Arctic/Subarctic,-5.0,10.0,6.86486005783081,1.1791681086909995,0.05814928402797716,2.958829208459281,7.134363852556481,0.0,0.0,0.0,0.0
1998,FIN,2.0,4.0,6.0,12.0,35,46,42,123,6.666666666666667,FIN,5153498.0,133990876724.522,25999.9861694953,0.873,1.0,Arctic/Subarctic,-5.0,10.0,,2.3285155053907074,0.08955833630875744,4.615387070505099,13.745704467353953,0.3880859175651179,0.014926389384792906,0.7692311784175165,2.290950744558992
2002,FIN,4.0,2.0,1.0,7.0,37,50,48,135,8.333333333333334,FIN,5200598.0,140360963811.765,26989.389260959,0.904,1.0,Arctic/Subarctic,-5.0,10.0,6.01865005493164,1.345999056262376,0.04987141588303387,2.593611856984745,7.7433628318584065,0.7691423178642148,0.02849795193316221,1.482063918276997,4.424778761061947
2006,FIN,0.0,6.0,3.0,9.0,41,52,49,142,8.333333333333334,FIN,5266268.0,217044068234.117,41214.0187765069,0.909,1.0,Arctic/Subarctic,-5.0,10.0,5.92960977554321,1.7089901235561882,0.04146623343924815,2.1837229824164206,9.900990099009901,0.0,0.0,0.0,0.0
2010,FIN,0.0,1.0,4.0,5.0,41,58,52,151,9.333333333333334,FIN,5363352.0,249429613683.334,46506.2919016566,0.911,1.0,Arctic/Subarctic,-5.0,10.0,6.504310131073,0.9322528150306002,0.02004573525238187,1.0751233425733293,5.48847420417124,0.0,0.0,0.0,0.0
2014,FIN,1.0,3.0,1.0,5.0,41,59,56,156,7.0,FIN,5461512.0,273478528954.901,50073.7760815871,0.927,1.0,Arctic/Subarctic,-5.0,10.0,7.13832998275757,0.9154973933958215,0.018282970948788977,0.9985266523246241,5.393743257820928,0.18309947867916432,0.003656594189757795,0.1997053304649248,1.0787486515641855
2018,FIN,1.0,1.0,4.0,6.0,42,62,57,161,6.333333333333333,FIN,5515525.0,273869255596.078,49654.2497035329,0.936,1.0,Arctic/Subarctic,-5.0,10.0,6.31771993637085,1.087838419733389,0.02190826417131403,1.2083557874348667,6.41025641025641,0.18130640328889816,0.003651377361885671,0.20139263123914447,1.0683760683760684
2022,FIN,2.0,2.0,4.0,8.0,43,63,61,167,5.333333333333333,FIN,5556106.0,280253099309.34,50440.560224974,,1.0,Arctic/Subarctic,-5.0,10.0,6.37603998184204,1.4398573389348583,0.028545625435420056,1.5860252075549037,,0.3599643347337146,0.007136406358855014,0.39650630188872593,
1960,FRA,1.0,0.0,2.0,3.0,4,1,7,12,2.333333333333333,FRA,47412964.0,61959085885.3427,1306.79629911648,,2.0,Continental,5.0,7.0,,0.0632738337134966,0.048419048750196175,22.95690615307289,,0.02109127790449886,0.01613968291673206,7.652302051024297,
1964,FRA,3.0,4.0,0.0,7.0,5,1,9,15,3.0,FRA,49401492.0,93424179943.3453,1891.12061521027,,2.0,Continental,5.0,7.0,,0.1416961252911147,0.07492706924743647,37.01509012010683,,0.06072691083904915,0.032111601106044205,15.863610051474353,
1968,FRA,4.0,3.0,2.0,9.0,8,5,9,22,3.6666666666666665,FRA,51112980.0,128710572572.436,2518.15825593491,,2.0,Continental,5.0,7.0,,0.17608051809931646,0.06992432571873583,35.740406619752314,,0.07825800804414065,0.03107747809721592,15.884625164334363,
1972,FRA,0.0,1.0,2.0,3.0,12,8,11,31,6.333333333333333,FRA,52962356.0,201738881664.499,3809.09946046394,,2.0,Continental,5.0,7.0,3.39037990570068,0.05664400579158526,0.01487070799266716,7.8758773067968315,,0.0,0.0,0.0,
1976,FRA,0.0,0.0,1.0,1.0,12,9,13,34,6.333333333333333,FRA,54232383.0,368363152144.223,6792.3099035538,,2.0,Continental,5.0,7.0,4.47070980072021,0.018439167609507402,0.0027147123543140817,1.4722532013399312,,0.0,0.0,0.0,
1980,FRA,0.0,0.0,1.0,1.0,12,9,14,35,4.333333333333333,FRA,55274184.0,694529183483.39,12565.1639377144,,2.0,Continental,5.0,7.0,4.34960985183716,0.018091628453529046,0.0014398243065676958,0.7958511364889519,,0.0,0.0,0.0,
1984,FRA,0.0,1.0,2.0,3.0,12,9,15,36,1.6666666666666667,FRA,56383085.0,525033325827.516,9311.89426452129,,2.0,Continental,5.0,7.0,4.91992998123169,0.05320744687879352,0.005713923007214137,3.2216860659921007,,0.0,0.0,0.0,
1988,FRA,1.0,0.0,1.0,2.0,12,10,17,39,1.6666666666666667,FRA,57598186.0,1010827662151.75,17549.6440487161,,2.0,Continental,5.0,7.0,4.58078002929688,0.034723315765534696,0.0019785766405943004,1.1396242536020644,,0.017361657882767348,0.0009892883202971502,0.5698121268010322,
1992,FRA,3.0,5.0,1.0,9.0,13,10,18,41,2.0,FRA,58846584.0,1389663073110.28,23615.0168565483,0.806,2.0,Continental,5.0,7.0,4.77560997009277,0.15294005850874878,0.006476389978368364,3.811134268788106,11.166253101736972,0.050980019502916266,0.0021587966594561214,1.2703780895960353,3.722084367245657
1994,FRA,0.0,1.0,4.0,5.0,16,15,19,50,4.666666666666667,FRA,59324863.0,1385822778827.98,23359.8985104774,0.823,2.0,Continental,5.0,7.0,5.65956020355225,0.08428169484352624,0.0036079649406748873,2.1404202581434144,6.075334143377886,0.0,0.0,0.0,0.0
1998,FRA,2.0,1.0,5.0,8.0,16,16,23,55,5.333333333333333,FRA,60190684.0,1496906382032.47,24869.4030795939,0.842,2.0,Continental,5.0,7.0,5.71148014068604,0.13291093352585925,0.005344355596331787,3.216804188824397,9.501187648456057,0.033227733381464813,0.0013360888990829468,0.8042010472060992,2.375296912114014
2002,FRA,4.0,5.0,2.0,11.0,18,17,28,63,7.333333333333333,FRA,61812142.0,1492427756382.43,24144.5727019529,0.848,2.0,Continental,5.0,7.0,,0.1779585635456542,0.007370541021471918,4.555889282360454,12.971698113207548,0.06471220492569242,0.002680196735080698,1.656687011767438,4.716981132075472
2006,FRA,3.0,2.0,4.0,9.0,22,22,30,74,8.0,FRA,63622342.0,2317861544690.82,36431.5658906555,0.87,2.0,Continental,5.0,7.0,,0.14145974066783018,0.003882889390272236,2.470385167360717,10.344827586206897,0.04715324688927673,0.0012942964634240785,0.8234617224535725,3.4482758620689657
2010,FRA,2.0,3.0,6.0,11.0,25,24,34,83,9.333333333333334,FRA,65026211.0,2646230027988.34,40694.8211697025,0.877,2.0,Continental,5.0,7.0,,0.169162555081058,0.004156857069739392,2.7030466491371525,12.542759407069555,0.030756828196556,0.0007557921944980713,0.4914630271158459,2.280501710376283
2014,FRA,4.0,4.0,7.0,15.0,27,27,40,94,10.333333333333334,FRA,66312067.0,2861236112552.42,43148.0459288416,0.892,2.0,Continental,5.0,7.0,,0.22620317354909175,0.005242489403161826,3.4764030854925685,16.816143497757846,0.060320846279757805,0.001397997174176487,0.9270408227980182,4.484304932735426
2018,FRA,5.0,4.0,6.0,15.0,31,31,47,109,11.666666666666666,FRA,67158348.0,2781576320884.39,41418.1766484844,0.901,2.0,Continental,5.0,7.0,5.42540979385376,0.22335272451907243,0.005392625716353098,3.6215983449259084,16.64816870144284,0.07445090817302416,0.0017975419054510327,1.2071994483086361,5.549389567147614
2022,FRA,5.0,7.0,2.0,14.0,36,35,53,124,13.666666666666666,FRA,68184457.0,2794788137066.94,40988.6396406579,,2.0,Continental,5.0,7.0,5.32435989379883,0.20532538669333394,0.00500932425407124,3.4155805420077825,,0.07333049524761925,0.0017890443764540145,1.219850193574208,
1968,FRG,2.0,2.0,3.0,7.0,0,0,0,0,0.0,DEU,77294314.0,156527292653.157,2025.08159465853,,2.0,Continental,5.0,7.0,,0.09056293584544912,0.044720635496526724,34.56650842348079,,0.025875124527271177,0.012777324427579064,9.876145263851656,
1972,FRG,3.0,1.0,1.0,5.0,2,2,3,7,7.0,DEU,78688452.0,300899944795.436,3823.94032602696,,2.0,Continental,5.0,7.0,,0.06354172528390825,0.016616819266614367,13.075517852536562,,0.03812503517034494,0.00997009155996862,7.845310711521937,
1976,FRG,2.0,5.0,3.0,10.0,5,3,4,12,6.0,DEU,78336950.0,521658712132.981,6659.16546576017,,2.0,Continental,5.0,7.0,,0.12765368067048818,0.019169621377761646,15.016896713886446,,0.025530736134097638,0.0038339242755523286,3.0033793427772886,
1980,FRG,0.0,2.0,3.0,5.0,7,8,7,22,7.333333333333333,DEU,78288576.0,953772499462.019,12182.7800196802,,2.0,Continental,5.0,7.0,,0.06386627852319092,0.0052423402885072475,4.104153560946634,,0.0,0.0,0.0,
1984,FRG,2.0,1.0,1.0,4.0,7,10,10,27,6.666666666666667,DEU,77858685.0,727767760978.627,9347.29068412377,,2.0,Continental,5.0,7.0,,0.051375129184367804,0.0054962588540899545,4.279314867990506,,0.025687564592183902,0.0027481294270449773,2.139657433995253,
1988,FRG,2.0,4.0,2.0,8.0,9,11,11,31,6.333333333333333,DEU,78144619.0,1406367016371.53,17996.9783507619,,2.0,Continental,5.0,7.0,,0.10237429144033576,0.005688415546491018,4.445190655942152,,0.02559357286008394,0.0014221038866227545,1.111297663985538,
1964,GBR,1.0,0.0,0.0,1.0,4,2,6,12,2.0,GBR,54000000.0,94407558351.1616,1748.2881176141,,3.0,Temperate,12.0,4.0,,0.018518518518518517,0.010592372236557221,5.719881007740912,,0.018518518518518517,0.010592372236557221,5.719881007740912,
1976,GBR,1.0,0.0,0.0,1.0,5,2,6,13,1.3333333333333333,GBR,56211968.0,232614555256.065,4138.16778761535,,3.0,Temperate,12.0,4.0,6.42422008514404,0.017789805900408965,0.0042989571263035865,2.416528404171493,,0.017789805900408965,0.0042989571263035865,2.416528404171493,
1980,GBR,1.0,0.0,0.0,1.0,6,2,6,14,1.0,GBR,56314216.0,564947710899.373,10032.062080015,,3.0,Temperate,12.0,4.0,5.07011985778809,0.01775750549381705,0.0017700753197283374,0.9968040389145048,,0.01775750549381705,0.0017700753197283374,0.9968040389145048,
1984,GBR,1.0,0.0,0.0,1.0,7,2,6,15,1.0,GBR,56422072.0,461487097632.349,8179.19444064991,,3.0,Temperate,12.0,4.0,4.89905977249146,0.017723560382539656,0.0021669078185077794,1.2226142895320888,,0.017723560382539656,0.0021669078185077794,1.2226142895320888,
1994,GBR,0.0,0.0,2.0,2.0,8,2,6,16,1.0,GBR,57865745.0,1140489745944.29,19709.2380983653,0.828,3.0,Temperate,12.0,4.0,4.850830078125,0.034562762477178856,0.001753632601355887,1.014752569337463,2.4154589371980677,0.0,0.0,0.0,0.0
1998,GBR,0.0,0.0,1.0,1.0,8,2,8,18,1.3333333333333333,GBR,58487141.0,1660821464060.95,28396.3523548013,0.848,3.0,Temperate,12.0,4.0,4.20707988739014,0.017097775389636503,0.0006021116788524967,0.3521579065879278,1.179245283018868,0.0,0.0,0.0,0.0
2002,GBR,1.0,0.0,1.0,2.0,8,2,9,19,1.3333333333333333,GBR,59370479.0,1790536570743.41,30158.7017807858,0.873,3.0,Temperate,12.0,4.0,4.61192989349365,0.033686775543784984,0.0011169836085334036,0.6631585187377681,2.290950744558992,0.016843387771892492,0.0005584918042667018,0.33157925936888405,1.145475372279496
2006,GBR,0.0,1.0,0.0,1.0,9,2,10,21,1.6666666666666667,GBR,60846820.0,2719558417663.29,44695.161023424,0.894,3.0,Temperate,12.0,4.0,4.97649002075195,0.016434712611110982,0.0003677067547088119,0.2237378671655118,1.1185682326621924,0.0,0.0,0.0,0.0
2010,GBR,1.0,0.0,0.0,1.0,9,3,10,22,1.3333333333333333,GBR,62766365.0,2496740681057.14,39778.3220528565,0.912,3.0,Temperate,12.0,4.0,5.69867992401123,0.01593209993919514,0.00040052217180063405,0.251393208258313,1.0964912280701753,0.01593209993919514,0.00040052217180063405,0.251393208258313,1.0964912280701753
2014,GBR,1.0,1.0,2.0,4.0,10,3,10,23,1.3333333333333333,GBR,64620000.0,3085362169410.29,47746.2421759562,0.924,3.0,Temperate,12.0,4.0,5.60134983062744,0.06190034045187248,0.00129644423583651,0.8377622651975528,4.329004329004329,0.01547508511296812,0.0003241110589591275,0.2094405662993882,1.0822510822510822
2018,GBR,1.0,0.0,4.0,5.0,11,4,12,27,2.0,GBR,66289000.0,2897028009916.05,43702.9976303165,0.929,3.0,Temperate,12.0,4.0,5.20437002182007,0.07542729562974249,0.0017259066819118845,1.1440862803725689,5.382131324004305,0.015085459125948499,0.00034518133638237694,0.22881725607451378,1.0764262648008611
2022,GBR,1.0,1.0,0.0,2.0,12,4,16,32,3.333333333333333,GBR,67604000.0,3181244350465.41,47057.043229179,,3.0,Temperate,12.0,4.0,,0.029584048281166793,0.0006286848099887089,0.42501607894476584,,0.014792024140583396,0.00031434240499435447,0.21250803947238292,
1968,GDR,1.0,2.0,2.0,5.0,0,0,0,0,0.0,DEU,77294314.0,156527292653.157,2025.08159465853,,2.0,Continental,5.0,7.0,,0.06468781131817794,0.031943311068947655,24.690363159629136,,0.012937562263635589,0.006388662213789532,4.938072631925828,
1972,GDR,4.0,3.0,7.0,14.0,1,2,2,5,5.0,DEU,78688452.0,300899944795.436,3823.94032602696,,2.0,Continental,5.0,7.0,,0.17791683079494308,0.04652709394652023,36.611449987102375,,0.05083338022712659,0.013293455413291492,10.460414282029252,
1976,GDR,7.0,5.0,7.0,19.0,5,5,9,19,9.5,DEU,78336950.0,521658712132.981,6659.16546576017,,2.0,Continental,5.0,7.0,,0.2425419932739276,0.03642228061774712,28.532103756384245,,0.08935757646934173,0.01341873496443315,10.511827699720511,
1980,GDR,9.0,7.0,7.0,23.0,12,10,16,38,12.666666666666666,DEU,78288576.0,953772499462.019,12182.7800196802,,2.0,Continental,5.0,7.0,,0.29378488120667823,0.02411476532713334,18.879106380354518,,0.11495930134174366,0.009436212519313047,7.387476409703941,
1984,GDR,9.0,9.0,6.0,24.0,21,17,23,61,18.666666666666668,DEU,77858685.0,727767760978.627,9347.29068412377,,2.0,Continental,5.0,7.0,,0.30825077510620685,0.032977553124539725,25.67588920794304,,0.11559404066482756,0.012366582421702396,9.62845845297864,
1988,GDR,9.0,10.0,6.0,25.0,30,26,29,85,22.0,DEU,78144619.0,1406367016371.53,17996.9783507619,,2.0,Continental,5.0,7.0,,0.3199196607510493,0.017776298582784435,13.891220799819227,,0.11517107787037774,0.006399467489802396,5.000839487934922,
1960,GER,4.0,3.0,1.0,8.0,7,5,6,18,5.0,DEU,72814900.0,84619845881.2608,1162.12266831735,,2.0,Continental,5.0,7.0,,0.10986762324743973,0.09454046998886832,68.83954868192431,,0.054933811623719866,0.04727023499443416,34.41977434096216,
1964,GER,3.0,3.0,3.0,9.0,11,8,7,26,5.666666666666667,DEU,75318337.0,123330404665.086,1637.45522773672,,2.0,Continental,5.0,7.0,,0.11949281354950787,0.07297470582732823,54.963334859785704,,0.039830937849835955,0.02432490194244274,18.32111161992857,
1992,GER,10.0,10.0,6.0,26.0,14,11,10,35,6.333333333333333,DEU,80624598.0,2141377582968.07,26559.8543879632,0.842,2.0,Continental,5.0,7.0,,0.32248222806642707,0.012141716718619298,9.789210294685605,30.878859857482187,0.12403162617939502,0.0046698910456228065,3.7650808825713864,11.876484560570072
1994,GER,9.0,7.0,8.0,24.0,24,21,16,61,14.333333333333334,DEU,81438348.0,2215282632276.73,27201.9593555204,0.858,2.0,Continental,5.0,7.0,4.31664991378784,0.2947014593174213,0.010833832058410665,8.822893853464056,27.972027972027973,0.110513047244033,0.004062687021903999,3.3085851950490204,10.48951048951049
1998,GER,12.0,9.0,8.0,29.0,33,28,24,85,19.666666666666668,DEU,82047195.0,2247760364565.97,27395.9440608051,0.879,2.0,Continental,5.0,7.0,4.44445991516113,0.3534551059301905,0.012901731188591241,10.585508546679286,32.992036405005685,0.14625728521249262,0.005338647388382583,4.38021043310867,13.651877133105803
2002,GER,12.0,16.0,8.0,36.0,45,37,32,114,26.33333333333333,DEU,82488495.0,2102350798305.89,25486.5942008748,0.901,2.0,Continental,5.0,7.0,,0.43642449774359443,0.017123688410616067,14.125072858406615,39.95560488346282,0.14547483258119814,0.005707896136872022,4.708357619468871,13.318534961154272
2006,GER,11.0,12.0,6.0,29.0,57,53,40,150,29.666666666666668,DEU,82376451.0,3046308753670.58,36980.3349948954,0.917,2.0,Continental,5.0,7.0,,0.35204235734797557,0.009519717909439453,7.8420057590076,31.624863685932386,0.13353330795957696,0.003610927482890827,2.9745539085890895,11.995637949836423
2010,GER,10.0,13.0,7.0,30.0,68,65,46,179,31.33333333333333,DEU,81776930.0,3467093769666.67,42396.9665976293,0.926,2.0,Continental,5.0,7.0,4.99525022506714,0.366851629181971,0.008652780107208994,7.075977931326223,32.39740820734341,0.12228387639399034,0.002884260035736331,2.3586593104420746,10.79913606911447
2014,GER,8.0,6.0,5.0,19.0,78,78,53,209,31.666666666666668,DEU,80982500.0,3964870735760.77,48959.5991203133,0.937,2.0,Continental,5.0,7.0,4.82582998275757,0.23461859043620537,0.004792085610416332,3.880750729455404,20.277481323372463,0.09878677492050753,0.002017720257017403,1.6340003071391174,8.537886872998932
2018,GER,14.0,10.0,7.0,31.0,86,84,58,228,26.0,DEU,82905782.0,4055433215301.96,48916.1686612154,0.945,2.0,Continental,5.0,7.0,4.88400983810425,0.3739184318893464,0.007644066208027002,6.3373728663625375,32.804232804232804,0.16886638859518868,0.003452158932657355,2.8620393590024364,14.814814814814815
2022,GER,12.0,10.0,5.0,27.0,100,94,65,259,26.666666666666668,DEU,83177813.0,4201021706478.62,50506.5179638543,,2.0,Continental,5.0,7.0,5.23916006088257,0.32460579361469866,0.006427007972456285,5.345844672824789,,0.14426924160653273,0.002856447987758349,2.375930965699906,
1980,HUN,0.0,1.0,0.0,1.0,0,1,4,5,1.0,HUN,10711122.0,23116977148.0216,2158.22181355246,,,,,,4.30394983291626,0.09336090094016294,0.04325825100733736,4.633444040462122,,0.0,0.0,0.0,
2018,HUN,1.0,0.0,0.0,1.0,0,2,4,6,1.0,HUN,9706964.0,161184691013.835,16605.0570511887,0.849,,,,,4.62343978881836,0.1030188223629963,0.006204063138441397,0.602226175385777,1.1778563015312131,0.1030188223629963,0.006204063138441397,0.602226175385777,1.1778563015312131
2022,HUN,1.0,0.0,2.0,3.0,1,2,4,7,1.0,HUN,9605074.0,177002580544.155,18428.028825614,,,,,,3.81258988380432,0.31233491798189167,0.016948905438424505,1.6279549095506927,,0.10411163932729722,0.005649635146141501,0.5426516365168975,
1960,ITA,0.0,0.0,1.0,1.0,3,2,1,6,2.0,ITA,50199700.0,42012422612.3955,836.905850281885,,2.0,Continental,5.0,7.0,,0.019920437771540466,0.023802483594577484,11.9487753570271,,0.0,0.0,0.0,
1964,ITA,0.0,1.0,3.0,4.0,3,2,2,7,2.0,ITA,51675350.0,65720771779.4768,1271.80119301518,,2.0,Continental,5.0,7.0,,0.07740634557869468,0.060863557923845235,31.451456579599675,,0.0,0.0,0.0,
1968,ITA,4.0,0.0,0.0,4.0,3,3,5,11,2.6666666666666665,ITA,53235750.0,91485448147.84,1718.49646427147,,2.0,Continental,5.0,7.0,,0.07513747810446926,0.04372280052163073,23.276160778694056,,0.07513747810446926,0.04372280052163073,23.276160778694056,
1972,ITA,2.0,2.0,1.0,5.0,7,3,5,15,3.0,ITA,54381345.0,145594833997.344,2677.29372999774,,2.0,Continental,5.0,7.0,,0.09194329415721512,0.034341877817527594,18.67557505542816,,0.03677731766288605,0.013736751127011037,7.470230022171263,
1976,ITA,1.0,2.0,1.0,4.0,9,5,6,20,4.333333333333333,ITA,55718260.0,225235205861.828,4042.39482463789,,2.0,Continental,5.0,7.0,3.91051006317139,0.07178975079264859,0.017759213017763422,9.895124483191255,,0.017947437698162146,0.0044398032544408555,2.4737811207978138,
1980,ITA,0.0,2.0,0.0,2.0,10,7,7,24,4.333333333333333,ITA,56433883.0,478356755595.749,8476.41045000836,,2.0,Continental,5.0,7.0,,0.03543970206693025,0.004180979941443882,2.3594893284079084,,0.0,0.0,0.0,
1984,ITA,2.0,0.0,0.0,2.0,10,9,7,26,3.6666666666666665,ITA,56576718.0,438896930791.272,7757.55374836822,,2.0,Continental,5.0,7.0,4.76358985900879,0.03535023010702035,0.004556878528164391,2.5781323144821195,,0.03535023010702035,0.004556878528164391,2.5781323144821195,
1988,ITA,2.0,1.0,2.0,5.0,12,9,7,28,2.6666666666666665,ITA,56629288.0,893663934840.821,15780.9495122174,,2.0,Continental,5.0,7.0,4.58221006393433,0.08829353461057113,0.005594944368982057,3.1683771601506407,,0.03531741384422845,0.0022379777475928227,1.2673508640602562,
1992,ITA,4.0,6.0,4.0,14.0,14,10,9,33,3.0,ITA,56797087.0,1323204350353.5,23297.0460325456,0.789,2.0,Continental,5.0,7.0,,0.246491514608839,0.010580376338892656,6.009345554128289,17.74397972116603,0.07042614703109686,0.0030229646682550446,1.7169558726080827,5.069708491761723
1994,ITA,7.0,5.0,8.0,20.0,18,16,13,47,7.0,ITA,56843400.0,1101750159702.21,19382.2002150155,0.804,2.0,Continental,5.0,7.0,4.42311000823975,0.3518438376311058,0.018152935875594304,10.318745951507553,24.87562189054726,0.12314534317088703,0.006353527556458006,3.6115610830276434,8.706467661691542
1998,ITA,2.0,6.0,2.0,10.0,25,21,21,67,13.0,ITA,56906744.0,1272729786996.77,22365.1837644545,0.829,2.0,Continental,5.0,7.0,4.4409499168396,0.17572609671711317,0.007857127335407745,4.4712353385145125,12.062726176115802,0.035145219343422636,0.0015714254670815492,0.8942470677029024,2.4125452352231607
2002,ITA,4.0,4.0,5.0,13.0,27,27,23,77,14.666666666666666,ITA,57089824.0,1281746271196.04,22451.3964379368,0.853,2.0,Continental,5.0,7.0,4.41520023345947,0.2277113343351698,0.010142412965921303,5.790285711597657,15.240328253223916,0.07006502594928302,0.003120742451052709,1.7816263727992794,4.6893317702227435
2006,ITA,5.0,0.0,6.0,11.0,31,31,28,90,14.333333333333334,ITA,58399861.0,1958563654385.64,33537.1286994269,0.873,2.0,Continental,5.0,7.0,4.50463008880615,0.18835661269810217,0.00561636073219712,3.2799468608616973,12.600229095074456,0.08561664213550098,0.0025528912419077823,1.4908849367553167,5.72737686139748
2010,ITA,1.0,1.0,3.0,5.0,36,31,34,101,11.333333333333334,ITA,59819407.0,2144936254535.0,35856.8625485539,0.882,2.0,Continental,5.0,7.0,4.31625986099243,0.08358491417342201,0.0023310716061741184,1.394433211558731,5.668934240362812,0.016716982834684403,0.0004662143212348237,0.2788866423117462,1.1337868480725624
2014,ITA,0.0,2.0,6.0,8.0,37,32,37,106,9.666666666666666,ITA,60320707.0,2173255507985.84,36028.3494022349,0.883,2.0,Continental,5.0,7.0,4.04026985168457,0.13262444022746617,0.003681113412851465,2.2204736361038364,9.060022650056625,0.0,0.0,0.0,0.0
2018,ITA,3.0,2.0,5.0,10.0,37,34,43,114,8.0,ITA,60148658.0,2099435266458.67,34904.1081923834,0.893,2.0,Continental,5.0,7.0,4.24093008041382,0.1662547483603042,0.004763185681294195,2.8649922653466193,11.198208286674133,0.04987642450809127,0.0014289557043882584,0.8594976796039857,3.3594624860022395
2022,ITA,2.0,7.0,8.0,17.0,40,36,48,124,7.666666666666667,ITA,59013667.0,2104067630319.46,35653.9042103495,,2.0,Continental,5.0,7.0,4.0698299407959,0.28806886377692814,0.008079588200983298,4.7680612758995675,,0.033890454561991544,0.0009505397883509763,0.5609483853999491,
1972,JPN,1.0,1.0,1.0,3.0,0,1,0,1,1.0,JPN,107188000.0,324933841268.585,3031.43860570759,,2.0,Continental,5.0,7.0,,0.027988207635183043,0.009232648677920405,9.89629146488932,,0.009329402545061014,0.0030775495593068016,3.298763821629773,
1980,JPN,0.0,1.0,0.0,1.0,1,2,1,4,2.0,JPN,116807000.0,1129377244854.04,9668.74626395709,,2.0,Continental,5.0,7.0,,0.008561130754150008,0.0008854437297691785,1.0342602574314883,,0.0,0.0,0.0,
1984,JPN,0.0,1.0,0.0,1.0,1,3,1,5,1.6666666666666667,JPN,120083000.0,1345824500836.76,11207.4523524293,,2.0,Continental,5.0,7.0,,0.008327573428378705,0.0007430389321774531,0.892263440926646,,0.0,0.0,0.0,
1988,JPN,0.0,0.0,1.0,1.0,1,4,1,6,1.6666666666666667,JPN,122578000.0,3125724434400.79,25499.8811728107,,2.0,Continental,5.0,7.0,,0.008158070779422082,0.0003199258351101903,0.39215869016136906,,0.0,0.0,0.0,
1992,JPN,1.0,2.0,4.0,7.0,1,4,2,7,1.0,JPN,124425000.0,3980702922117.66,31992.7902119161,0.85,2.0,Continental,5.0,7.0,,0.05625879043600562,0.0017584833977703942,2.1879929676758127,8.23529411764706,0.008036970062286517,0.00025121191396719917,0.3125704239536875,1.1764705882352942
1994,JPN,1.0,2.0,2.0,5.0,2,6,6,14,3.0,JPN,125178000.0,4998797547740.97,39933.5150564874,0.861,2.0,Continental,5.0,7.0,,0.03994312099570212,0.0010002405483013758,1.2520811135526937,5.807200929152149,0.007988624199140424,0.00020004810966027514,0.2504162227105387,1.1614401858304297
1998,JPN,5.0,1.0,4.0,10.0,3,8,8,19,4.333333333333333,JPN,126400000.0,4098362709531.24,32423.7556133801,0.871,2.0,Continental,5.0,7.0,,0.0791139240506329,0.0024399987772540936,3.0841584544491707,11.481056257175661,0.03955696202531645,0.0012199993886270468,1.5420792272245853,5.7405281285878305
2002,JPN,0.0,1.0,1.0,2.0,8,9,12,29,7.333333333333333,JPN,127445000.0,4182846045873.61,32820.7936433254,0.882,2.0,Continental,5.0,7.0,,0.015693044058221195,0.00047814334500142694,0.6093697860370691,2.2675736961451247,0.0,0.0,0.0,0.0
2006,JPN,1.0,0.0,0.0,1.0,8,10,13,31,5.666666666666667,JPN,127854000.0,4601663122649.92,35991.546002862,0.892,2.0,Continental,5.0,7.0,,0.007821421308680214,0.00021731273527561892,0.27784302455928994,1.1210762331838564,0.007821421308680214,0.00021731273527561892,0.27784302455928994,1.1210762331838564
2010,JPN,0.0,3.0,2.0,5.0,9,10,13,32,4.333333333333333,JPN,128070000.0,5759071769013.11,44968.1562349739,0.898,2.0,Continental,5.0,7.0,,0.039041149371437496,0.0008681954663080736,1.1118979337007504,5.567928730512249,0.0,0.0,0.0,0.0
2014,JPN,1.0,4.0,3.0,8.0,9,13,15,37,2.6666666666666665,JPN,127276000.0,4896994405353.29,38475.3952461838,0.914,2.0,Continental,5.0,7.0,,0.06285552657217386,0.0016336551234885158,2.079250894971244,8.752735229759299,0.007856940821521732,0.00020420689043606447,0.2599063618714055,1.0940919037199124
2018,JPN,4.0,5.0,4.0,13.0,10,17,18,45,4.666666666666667,JPN,126811000.0,5040880939324.86,39751.1330982711,0.923,2.0,Continental,5.0,7.0,,0.10251476606918958,0.0025789143120966327,3.2703470283128637,14.08450704225352,0.03154300494436603,0.0007935120960297331,1.0062606240962657,4.333694474539545
2022,JPN,3.0,7.0,8.0,18.0,14,22,22,58,8.666666666666666,JPN,125124989.0,4262463317796.53,34065.6438962526,,2.0,Continental,5.0,7.0,,0.14385615650283895,0.004222910241795361,5.283915975526326,,0.02397602608380649,0.0007038183736325602,0.880652662587721,
1994,KAZ,1.0,2.0,0.0,3.0,0,0,0,0,0.0,KAZ,17043771.0,21250792886.1054,1246.83633018218,0.657,2.0,Continental,5.0,7.0,,0.17601738488507032,0.1411712031677424,24.060896585854685,4.566210045662101,0.05867246162835678,0.047057067722580795,8.020298861951561,1.5220700152207
1998,KAZ,0.0,0.0,2.0,2.0,1,2,0,3,3.0,KAZ,15647785.0,22135245507.3656,1414.59289652597,0.666,2.0,Continental,5.0,7.0,,0.12781361707104233,0.0903536398245274,14.138343299416412,3.003003003003003,0.0,0.0,0.0,0.0
2010,KAZ,0.0,1.0,0.0,1.0,1,2,2,5,2.5,KAZ,16836810.0,148047348240.643,8793.07589980782,0.767,2.0,Continental,5.0,7.0,,0.05939367374223502,0.006754595822780654,1.137258464949513,1.303780964797914,0.0,0.0,0.0,0.0
2014,KAZ,0.0,0.0,1.0,1.0,1,3,2,6,2.0,KAZ,17816285.0,221415613595.469,12427.7094576939,0.799,2.0,Continental,5.0,7.0,,0.0561284240794307,0.004516393328191485,0.8046535070715768,1.2515644555694618,0.0,0.0,0.0,0.0
2018,KAZ,0.0,0.0,1.0,1.0,1,3,3,7,1.3333333333333333,KAZ,18932727.0,179339977690.485,9472.48527327758,0.814,2.0,Continental,5.0,7.0,,0.052818592905290396,0.005576001585802895,1.0556891577557337,1.2285012285012287,0.0,0.0,0.0,0.0
1992,KOR,2.0,1.0,1.0,4.0,0,0,0,0,0.0,KOR,43747962.0,366921291824.719,8387.16308258471,0.754,2.0,Continental,5.0,7.0,3.57788991928101,0.09143283063105888,0.010901520541661096,4.7691930639880935,5.305039787798409,0.04571641531552944,0.005450760270830548,2.3845965319940468,2.6525198938992043
1994,KOR,4.0,1.0,1.0,6.0,2,1,1,4,4.0,KOR,44641540.0,479181794216.859,10733.9888860657,0.773,2.0,Continental,5.0,7.0,3.01831007003784,0.1344039654545968,0.012521343824854569,5.589720712110001,7.761966364812419,0.08960264363639785,0.008347562549903046,3.726480474740001,5.174644243208279
1998,KOR,3.0,1.0,2.0,6.0,6,2,2,10,5.0,KOR,46286503.0,397297216492.19,8583.43557499234,0.804,2.0,Continental,5.0,7.0,3.36813998222351,0.12962742076237646,0.015102043887886003,6.990207997227678,7.462686567164178,0.06481371038118823,0.007551021943943002,3.495103998613839,3.731343283582089
2002,KOR,2.0,2.0,0.0,4.0,9,3,4,16,5.333333333333333,KOR,47644736.0,650014391470.21,13642.9424537101,0.84,2.0,Continental,5.0,7.0,,0.08395471012789325,0.006153709906257235,2.931918839042108,4.761904761904762,0.04197735506394663,0.0030768549531286177,1.465959419521054,2.380952380952381
2006,KOR,6.0,3.0,2.0,11.0,11,5,4,20,5.333333333333333,KOR,48438292.0,1095175538508.19,22609.7059431449,0.866,2.0,Continental,5.0,7.0,,0.2270930610022335,0.010044051947127873,4.865167210781491,12.702078521939955,0.12386894236485466,0.005478573789342475,2.6537275695171774,6.928406466512702
2010,KOR,6.0,6.0,2.0,14.0,17,8,6,31,7.0,KOR,49554112.0,1192830015737.68,24071.2620526362,0.89,2.0,Continental,5.0,7.0,,0.28251944056630457,0.011736793856031534,5.816063972626964,15.730337078651685,0.12107976024270196,0.0050300545097278,2.492598845411556,6.741573033707865
2014,KOR,3.0,3.0,2.0,8.0,23,14,8,45,9.666666666666666,KOR,50746659.0,1556252422020.44,30667.0912467447,0.906,2.0,Continental,5.0,7.0,,0.15764584620240712,0.005140554248657052,2.6086595352760087,8.830022075055187,0.05911719232590268,0.0019277078432463947,0.9782473257285034,3.3112582781456954
2018,KOR,5.0,8.0,4.0,17.0,26,17,10,53,11.0,KOR,51585058.0,1824251454306.83,35363.9508228687,0.919,2.0,Continental,5.0,7.0,4.45807981491089,0.32955279414438193,0.0093188907482382,4.807155197435311,18.498367791077257,0.09692729239540643,0.0027408502200700585,1.413869175716268,5.44069640914037
2022,KOR,2.0,5.0,2.0,9.0,31,25,14,70,13.0,KOR,51672569.0,1799363116866.52,34822.4048404971,,2.0,Continental,5.0,7.0,5.81446981430054,0.17417365101394514,0.005001769745993764,2.584542923219751,,0.0387052557808767,0.001111504387998614,0.5743428718266114,
2006,LAT,0.0,0.0,1.0,1.0,0,0,0,0,0.0,LVA,2218357.0,20434922247.3037,9211.7374468148,0.815,1.0,Arctic/Subarctic,-5.0,10.0,,0.4507840712743711,0.04893583581566824,1.0855715393253813,1.2269938650306749,0.0,0.0,0.0,0.0
2010,LAT,0.0,2.0,0.0,2.0,0,0,1,1,1.0,LVA,2097555.0,23468324572.3343,11188.4191700977,0.824,1.0,Arctic/Subarctic,-5.0,10.0,,0.9534910884339147,0.08522125189787538,1.7875626302464815,2.4271844660194177,0.0,0.0,0.0,0.0
2014,LAT,0.0,2.0,2.0,4.0,0,2,1,3,1.5,LVA,1993782.0,30277203767.4058,15185.814581236,0.846,1.0,Arctic/Subarctic,-5.0,10.0,,2.0062373920518892,0.1321125963523126,2.6340371658050583,4.7281323877068555,0.0,0.0,0.0,0.0
2018,LAT,0.0,0.0,1.0,1.0,0,4,3,7,2.333333333333333,LVA,1927174.0,33247935477.3576,17252.1710428626,0.866,1.0,Arctic/Subarctic,-5.0,10.0,,0.5188945056336376,0.030077055481565664,0.5796371932063068,1.1547344110854503,0.0,0.0,0.0,0.0
2022,LAT,0.0,0.0,1.0,1.0,0,4,4,8,2.333333333333333,LVA,1879383.0,38003198508.9107,20221.103686109,,1.0,Arctic/Subarctic,-5.0,10.0,,0.5320895208693491,0.026313574626239095,0.49453284821785254,,0.0,0.0,0.0,
1976,LIE,0.0,0.0,2.0,2.0,0,0,0,0,0.0,LIE,24058.0,272489300.467827,11326.3488431219,,,,,,,83.13242996092775,7.339737731229345,1.7657941033791582,,0.0,0.0,0.0,
1980,LIE,2.0,2.0,0.0,4.0,0,0,2,2,2.0,LIE,25512.0,534699362.896161,20958.7395302666,,,,,,,156.7889620570712,7.480839285714284,1.9085117185714262,,78.3944810285356,3.740419642857142,0.9542558592857131,
1984,LIE,0.0,0.0,2.0,2.0,2,2,2,6,3.0,LIE,26596.0,502620991.852944,18898.3678693391,,,,,,,75.19927808693036,3.979141405588481,1.058292448230315,,0.0,0.0,0.0,
1988,LIE,0.0,0.0,1.0,1.0,2,2,4,8,2.6666666666666665,LIE,27948.0,1161757671.01756,41568.5441182755,,,,,,,35.780735651925006,0.8607647058823552,0.24056651999999984,,0.0,0.0,0.0,
2018,LIE,0.0,0.0,1.0,1.0,2,2,5,9,2.333333333333333,LIE,38246.0,6692620691.84146,174988.775083446,0.928,,,,,,26.146525126810648,0.14941829905571,0.05714652265684671,1.0775862068965516,0.0,0.0,0.0,0.0
1992,LUX,0.0,2.0,0.0,2.0,0,0,0,0,0.0,LUX,392175.0,15518702634.8808,39570.8615665986,0.8,3.0,Temperate,12.0,4.0,,5.099764135908715,0.12887675259043083,0.505422404471522,2.5,0.0,0.0,0.0,0.0
1960,NED,0.0,1.0,1.0,2.0,0,3,0,3,3.0,NLD,11486631.0,13282979014.563,1156.38597727767,,3.0,Temperate,12.0,4.0,,0.17411545648153928,0.15056863357288067,17.295263340258945,,0.0,0.0,0.0,
1964,NED,1.0,1.0,0.0,2.0,0,4,1,5,2.5,NLD,12127120.0,20232048552.8327,1668.33086114697,,3.0,Temperate,12.0,4.0,,0.1649196181781,0.0988530644723062,11.988029752233972,,0.08245980908905,0.0494265322361531,5.994014876116986,
1968,NED,3.0,3.0,3.0,9.0,1,5,1,7,2.333333333333333,NLD,12729721.0,30097635750.982,2364.3594192663,,3.0,Temperate,12.0,4.0,,0.7070068542743395,0.29902680976217066,38.06527859792506,,0.23566895142477984,0.09967560325405687,12.688426199308353,
1972,NED,4.0,3.0,2.0,9.0,4,8,4,16,4.333333333333333,NLD,13328593.0,54787070173.0294,4110.49164551948,,3.0,Temperate,12.0,4.0,6.3092098236084,0.675240064724011,0.16427233600146998,21.895191077228404,,0.3001066954328938,0.07300992711176443,9.731196034323734,
1976,NED,1.0,2.0,3.0,6.0,8,11,6,25,6.666666666666667,NLD,13774037.0,109329386564.427,7937.35246713998,,3.0,Temperate,12.0,4.0,6.30300998687744,0.4356021404617978,0.05488002986703163,7.559195619495962,,0.07260035674363297,0.00914667164450527,1.25986593658266,
1980,NED,1.0,2.0,1.0,4.0,9,13,9,31,8.0,NLD,14149800.0,195439301706.939,13812.1600098191,,3.0,Temperate,12.0,4.0,5.88414001464844,0.2826895079789114,0.020466712503905662,2.895998885877654,,0.07067237699472785,0.0051166781259764154,0.7239997214694135,
1988,NED,3.0,2.0,2.0,7.0,10,15,10,35,6.333333333333333,NLD,14760094.0,262295966105.474,17770.6162376388,,3.0,Temperate,12.0,4.0,5.4634199142456,0.47425172224512935,0.026687410042688847,3.939086808466299,,0.20325073810505542,0.011437461446866647,1.6881800607712707,
1992,NED,1.0,1.0,2.0,4.0,13,17,12,42,5.666666666666667,NLD,15184166.0,363497050125.313,23939.2173482108,0.853,3.0,Temperate,12.0,4.0,,0.2634323149522997,0.011004215848852222,1.6708984014880324,4.6893317702227435,0.06585807873807492,0.0027510539622130556,0.4177246003720081,1.1723329425556859
1994,NED,0.0,1.0,3.0,4.0,14,18,14,46,5.0,NLD,15382838.0,379688232231.505,24682.5866742863,0.881,3.0,Temperate,12.0,4.0,4.65639019012451,0.26003004127066803,0.010534959107084215,1.6205756928090116,4.540295119182747,0.0,0.0,0.0,0.0
1998,NED,5.0,4.0,2.0,11.0,14,19,17,50,5.0,NLD,15707209.0,438612530548.767,27924.281808994,0.886,3.0,Temperate,12.0,4.0,4.53430986404419,0.7003153774804932,0.02507908286668743,3.9392239611537874,12.415349887133182,0.3183251715820424,0.011399583121221558,1.7905563459789944,5.64334085778781
2002,NED,3.0,5.0,0.0,8.0,19,23,19,61,6.333333333333333,NLD,16148929.0,475529972122.746,29446.5330872868,0.892,3.0,Temperate,12.0,4.0,4.78904008865356,0.4953888892569903,0.01682333495045188,2.716788416580663,8.968609865470851,0.18577083347137138,0.006308750606419455,1.0187956562177485,3.3632286995515694
2006,NED,3.0,2.0,4.0,9.0,22,28,19,69,7.666666666666667,NLD,16346101.0,737593995289.411,45123.5432406426,0.906,3.0,Temperate,12.0,4.0,5.01913976669312,0.5505900153192496,0.012201834691548234,1.9945242225335122,9.933774834437086,0.1835300051064165,0.004067278230516078,0.6648414075111708,3.3112582781456954
2010,NED,4.0,1.0,3.0,8.0,25,30,23,78,9.333333333333334,NLD,16615394.0,852464982433.335,51305.7338533973,0.917,3.0,Temperate,12.0,4.0,5.45634984970093,0.4814812095337613,0.009384549705683214,1.5592799087251075,8.724100327153762,0.24074060476688064,0.004692274852841607,0.7796399543625537,4.362050163576881
2014,NED,8.0,7.0,9.0,24.0,29,31,26,86,8.333333333333334,NLD,16865008.0,901556501756.467,53457.2234864322,0.931,3.0,Temperate,12.0,4.0,5.40205001831055,1.4230648452701593,0.026620627717998533,4.48957099429067,25.778732545649838,0.4743549484233865,0.008873542572666178,1.4965236647635567,8.592910848549947
2018,NED,8.0,6.0,6.0,20.0,37,38,35,110,13.666666666666666,NLD,17231624.0,929733599796.862,53955.0770024266,0.939,3.0,Temperate,12.0,4.0,5.26723003387451,1.1606567088511217,0.021511538363645038,3.7067874074390645,21.299254526091588,0.4642626835404487,0.008604615345458014,1.482714962975626,8.519701810436635
2022,NED,8.0,5.0,4.0,17.0,45,44,41,130,17.333333333333332,NLD,17700982.0,1046540797548.64,59123.318556487,,3.0,Temperate,12.0,4.0,5.17918014526367,0.960398694264533,0.01624399167220224,2.875346041978011,,0.45195232671272134,0.007644231375153996,1.3531040197543582,
1960,NOR,3.0,3.0,0.0,6.0,33,27,27,87,10.0,NOR,3581239.0,5197398721.41367,1451.2850779894,,1.0,Arctic/Subarctic,-5.0,10.0,,1.6753978162306398,1.1544236495228957,41.34266996193716,,0.8376989081153199,0.5772118247614478,20.67133498096858,
1964,NOR,3.0,6.0,6.0,15.0,36,30,27,93,8.666666666666666,NOR,3694339.0,7206522121.80418,1950.69324222931,,1.0,Arctic/Subarctic,-5.0,10.0,,4.060266261434048,2.081447853273875,76.89573980815946,,0.8120532522868097,0.41628957065477495,15.379147961631892,
1968,NOR,6.0,6.0,2.0,14.0,39,36,33,108,8.333333333333334,NOR,3816486.0,10227087165.2414,2679.71300438189,,1.0,Arctic/Subarctic,-5.0,10.0,,3.668295914094798,1.3689137262447049,52.244400714207366,,1.572126820326342,0.5866773112477306,22.390457448946016,
1972,NOR,2.0,5.0,5.0,12.0,45,42,35,122,11.666666666666666,NOR,3933004.0,17358610849.701,4413.57569168528,,1.0,Arctic/Subarctic,-5.0,10.0,5.90405988693237,3.0511029228548967,0.6912995575453377,27.188839250240477,,0.5085171538091494,0.11521659292422295,4.531473208373413,
1976,NOR,3.0,3.0,1.0,7.0,47,47,40,134,13.666666666666666,NOR,4026152.0,35942270686.3374,8927.20162734477,,1.0,Arctic/Subarctic,-5.0,10.0,6.16359996795654,1.7386328186317854,0.19475675482742616,7.841202979619516,,0.7451283508421938,0.0834671806403255,3.3605155626940784,
1980,NOR,1.0,3.0,6.0,10.0,50,50,41,141,11.0,NOR,4085620.0,64439382896.0156,15772.2409073814,,1.0,Arctic/Subarctic,-5.0,10.0,5.78014993667603,2.4476089308354667,0.1551846021886457,6.340253143939747,,0.24476089308354665,0.01551846021886457,0.6340253143939747,
1984,NOR,3.0,2.0,4.0,9.0,51,53,47,151,9.666666666666666,NOR,4140099.0,62057955032.7758,14989.4857665906,,1.0,Arctic/Subarctic,-5.0,10.0,5.42936992645264,2.173861059844221,0.14502572627871263,6.0042086434077016,,0.7246203532814071,0.048341908759570874,2.0014028811359004,
1988,NOR,0.0,3.0,2.0,5.0,54,55,51,160,8.666666666666666,NOR,4209488.0,101900260856.222,24207.281468963,,1.0,Arctic/Subarctic,-5.0,10.0,5.86597013473511,1.1877929097315398,0.04906758783527394,2.065494221815314,,0.0,0.0,0.0,
1992,NOR,7.0,5.0,5.0,17.0,54,58,53,165,8.0,NOR,4286401.0,130838040067.584,30523.9850558974,0.851,1.0,Arctic/Subarctic,-5.0,10.0,6.63613986968994,3.966031176271189,0.12993163143699415,5.569390749231647,19.976498237367803,1.6330716608175484,0.053501260003468186,2.293278543801266,8.225616921269095
1994,NOR,8.0,10.0,5.0,23.0,61,63,58,182,10.333333333333334,NOR,4336613.0,127131319428.701,29315.8092337732,0.873,1.0,Arctic/Subarctic,-5.0,10.0,7.83044004440308,5.30367823921572,0.1809152937557537,7.845596148000209,26.345933562428407,1.844757648422859,0.06292705869765347,2.728903008000073,9.163802978235967
1998,NOR,8.0,9.0,5.0,22.0,69,73,63,205,15.0,NOR,4431464.0,154230295158.447,34803.4634058738,0.895,1.0,Arctic/Subarctic,-5.0,10.0,7.35759019851685,4.964499316704367,0.14264382997775188,6.321209973685276,24.581005586592177,1.805272478801588,0.05187048362827341,2.2986218086128276,8.938547486033519
2002,NOR,12.0,5.0,7.0,24.0,77,82,68,227,20.666666666666668,NOR,4538159.0,195914852576.467,43170.557174499,0.912,1.0,Arctic/Subarctic,-5.0,10.0,7.42246007919312,5.288488129217156,0.1225021976862761,5.5593445094975245,26.31578947368421,2.644244064608578,0.06125109884313805,2.7796722547487622,13.157894736842104
2006,NOR,2.0,8.0,9.0,19.0,89,87,75,251,23.0,NOR,4660677.0,346915160681.708,74434.4996835671,0.937,1.0,Arctic/Subarctic,-5.0,10.0,6.35822010040283,4.076660965778148,0.054768433765373416,2.5525797957629894,20.277481323372463,0.4291222069240156,0.0057650982910919385,0.26869261008031464,2.134471718249733
2010,NOR,9.0,8.0,6.0,23.0,91,95,84,270,21.666666666666668,NOR,4889252.0,431052143940.438,88163.2085931423,0.941,1.0,Arctic/Subarctic,-5.0,10.0,6.71042013168335,4.704196061074373,0.0533578137200452,2.6087979744635827,24.44208289054198,1.8407723717247546,0.02087914449914812,1.020833990007489,9.564293304994687
2014,NOR,11.0,5.0,10.0,26.0,100,103,90,293,22.0,NOR,5137232.0,501736471832.848,97666.6951838749,0.952,1.0,Arctic/Subarctic,-5.0,10.0,7.64403009414673,5.0610912647122035,0.051820031948289026,2.662115263657727,27.3109243697479,2.141230919685932,0.021923859670429972,1.126279534624423,11.554621848739496
2018,NOR,14.0,14.0,11.0,39.0,111,108,100,319,22.666666666666668,NOR,5311916.0,439788625883.8,82792.8427113304,0.962,1.0,Arctic/Subarctic,-5.0,10.0,7.59563016891479,7.341983570523329,0.08867896463130562,4.710552110884671,40.54054054054054,2.6355838458288874,0.03183347448303279,1.6909674244201383,14.553014553014554
2022,NOR,16.0,8.0,13.0,37.0,125,122,111,358,29.33333333333333,NOR,5457127.0,596297651035.798,109269.520580298,,1.0,Arctic/Subarctic,-5.0,10.0,5.45586013793945,6.780124413450521,0.06204954846917341,3.386122662889338,,2.9319456923029277,0.026832237175858774,1.4642692596278217,
1992,NZL,0.0,1.0,0.0,1.0,0,0,0,0,0.0,NZL,3531700.0,41649829859.6342,11793.1392416214,0.818,3.0,Temperate,12.0,4.0,,0.283149757906957,0.024009701921235714,0.8479506427522798,1.2224938875305624,0.0,0.0,0.0,0.0
2018,NZL,0.0,0.0,2.0,2.0,0,1,0,1,1.0,NZL,4900600.0,211985631173.205,43257.0769238879,0.936,3.0,Temperate,12.0,4.0,5.19308996200562,0.40811329224992854,0.009434601717726235,0.46235209177889175,2.1367521367521367,0.0,0.0,0.0,0.0
2022,NZL,2.0,1.0,0.0,3.0,0,1,2,3,1.5,NZL,5081700.0,249509991440.438,49099.7090423358,,3.0,Temperate,12.0,4.0,5.22557020187378,0.5903536218194698,0.01202356660220618,0.6110015840243118,,0.3935690812129799,0.008015711068137452,0.40733438934954114,
2018,OAR,2.0,6.0,9.0,17.0,0,0,0,0,0.0,RUS,145398106.0,1657328773461.31,11211.8876953125,0.841,1.0,Arctic/Subarctic,-5.0,10.0,4.67819976806641,0.11692036758718163,0.010257469895062352,15.162477953741377,20.214030915576696,0.01375533736319784,0.0012067611641249825,1.7838209357342796,2.3781212841854935
1960,POL,0.0,1.0,1.0,2.0,0,0,1,1,1.0,POL,29637450.0,,,,2.0,Continental,5.0,7.0,,0.06748218891976199,,,,0.0,,,
1972,POL,1.0,0.0,0.0,1.0,0,1,2,3,1.5,POL,33055650.0,,,,2.0,Continental,5.0,7.0,,0.030252014406009258,,,,0.030252014406009258,,,
2002,POL,0.0,1.0,1.0,2.0,1,1,2,4,1.3333333333333333,POL,38230364.0,199694463255.567,5223.45178967082,0.806,2.0,Continental,5.0,7.0,5.37052011489868,0.05231443781178751,0.010015300211105102,3.8288857263982505,2.4813895781637716,0.0,0.0,0.0,0.0
2006,POL,0.0,1.0,1.0,2.0,1,2,3,6,1.6666666666666667,POL,38141267.0,345897630736.173,9068.85528307627,0.82,2.0,Continental,5.0,7.0,5.18850994110107,0.052436642967314116,0.0057820575288226326,2.205350000161845,2.4390243902439024,0.0,0.0,0.0,0.0
2010,POL,1.0,3.0,2.0,6.0,1,3,4,8,1.6666666666666667,POL,38042794.0,478111630683.514,12567.7317676382,0.841,2.0,Continental,5.0,7.0,5.08126020431519,0.1577171224595123,0.01254937051295391,4.7741311725397795,7.134363852556481,0.026286187076585386,0.002091561752158985,0.7956885287566299,1.1890606420927468
2014,POL,4.0,1.0,1.0,6.0,2,6,6,14,3.333333333333333,POL,38011735.0,542134167178.627,14262.2841914116,0.865,2.0,Continental,5.0,7.0,4.93859004974365,0.15784599150762257,0.011067371073889665,4.206899764073594,6.936416184971098,0.10523066100508172,0.007378247382593109,2.804599842715729,4.624277456647399
2018,POL,1.0,0.0,1.0,2.0,6,7,7,20,4.666666666666667,POL,37974750.0,594616687350.017,15658.2120316794,0.877,2.0,Continental,5.0,7.0,4.55985021591187,0.05266657450016129,0.003363511389014742,1.2772850411998748,2.280501710376283,0.026333287250080644,0.001681755694507371,0.6386425205999374,1.1402508551881414
2022,POL,0.0,0.0,1.0,1.0,7,7,8,22,4.666666666666667,POL,36821749.0,695607470875.276,18891.2121169279,,2.0,Continental,5.0,7.0,4.31372976303101,0.027157862599085123,0.0014375923805730693,0.529346658017739,,0.0,0.0,0.0,
1964,PRK,0.0,1.0,0.0,1.0,0,0,0,0,0.0,PRK,12889770.0,,,,2.0,Continental,5.0,7.0,,0.07758090330548954,,,,0.0,,,
1992,PRK,0.0,0.0,1.0,1.0,0,1,0,1,1.0,PRK,21750911.0,,,,2.0,Continental,5.0,7.0,,0.04597508582514084,,,,0.0,,,
2022,ROC,5.0,12.0,15.0,32.0,0,0,0,0,0.0,RUS,144236933.0,2291612121334.64,15619.6142578125,,1.0,Arctic/Subarctic,-5.0,10.0,4.05402755323777,0.22185718549631112,0.013963968728426488,20.487061634056992,,0.034665185233798614,0.0021818701138166387,3.2011033803214044,
1994,RUS,11.0,8.0,4.0,23.0,0,0,0,0,0.0,RUS,148407912.0,395077301248.464,2662.10400390625,0.698,1.0,Arctic/Subarctic,-5.0,10.0,,0.15497826018871555,0.05821645517805972,86.39782655467573,32.95128939828081,0.07412003748155961,0.027842652476463343,41.32069965658404,15.759312320916907
1998,RUS,9.0,6.0,3.0,18.0,11,8,4,23,23.0,RUS,147670784.0,270955486862.442,1834.86181640625,0.719,1.0,Arctic/Subarctic,-5.0,10.0,,0.12189276383878343,0.06643157593312807,98.10003041675748,25.03477051460362,0.060946381919391716,0.033215787966564034,49.05001520837874,12.51738525730181
2002,RUS,5.0,4.0,4.0,13.0,20,14,7,41,20.5,RUS,145306497.0,345470494417.863,2377.52954101563,0.746,1.0,Arctic/Subarctic,-5.0,10.0,3.83502006530762,0.08946606152097934,0.037629841650893295,54.67860556822641,17.426273458445042,0.03441002366191513,0.014473016019574344,21.030232910856313,6.702412868632708
2006,RUS,8.0,6.0,8.0,22.0,25,18,11,54,18.0,RUS,143049637.0,989932071352.543,6920.19970703125,0.775,1.0,Arctic/Subarctic,-5.0,10.0,3.86626005172729,0.15379277054719123,0.022223747100082764,31.790990045629698,28.387096774193548,0.05592464383534227,0.008081362581848276,11.560360016592615,10.32258064516129
2010,RUS,3.0,5.0,7.0,15.0,33,24,19,76,17.666666666666668,RUS,142849468.0,1524916715223.95,10674.990234375,0.796,1.0,Arctic/Subarctic,-5.0,10.0,4.08974230526824,0.10500564132307444,0.009836602779842368,14.051535102765573,18.844221105527637,0.021001128264614886,0.0019673205559684738,2.810307020553114,3.7688442211055273
2014,RUS,13.0,11.0,9.0,33.0,36,29,26,91,16.666666666666668,RUS,144237223.0,2059241589895.01,14055.47265625,0.818,1.0,Arctic/Subarctic,-5.0,10.0,4.01387977600098,0.22878976254277997,0.016025317360496054,23.478399344561353,40.34229828850856,0.0901293003956406,0.006313003808680264,9.249066408463563,15.892420537897312
1994,SLO,0.0,0.0,3.0,3.0,0,0,0,0,0.0,SVN,1989443.0,16400767069.6294,8243.89895545106,,2.0,Continental,5.0,7.0,4.69971990585327,1.50795976562284,0.18291827371631522,3.6390547921700676,,0.0,0.0,0.0,
2002,SLO,0.0,0.0,1.0,1.0,0,0,3,3,3.0,SVN,1994530.0,23214593516.2095,11639.1297780477,0.848,2.0,Continental,5.0,7.0,5.74013996124268,0.5013712503697613,0.04307635192068963,0.8591707619637315,1.179245283018868,0.0,0.0,0.0,0.0
2010,SLO,0.0,2.0,1.0,3.0,0,0,4,4,2.0,SVN,2048583.0,47793117240.9001,23329.8417691156,0.89,2.0,Continental,5.0,7.0,5.59362983703613,1.4644268745762314,0.06277054465559485,1.2859067068219237,3.3707865168539324,0.0,0.0,0.0,0.0
2014,SLO,2.0,2.0,4.0,8.0,0,2,5,7,2.333333333333333,SVN,2061980.0,49514466379.6057,24013.0682060959,0.902,2.0,Continental,5.0,7.0,5.34328985214233,3.8797660501071785,0.16156894307751413,3.3315192924697303,8.869179600886918,0.9699415125267946,0.04039223576937853,0.8328798231174326,2.2172949002217295
2018,SLO,0.0,1.0,1.0,2.0,2,4,9,15,4.0,SVN,2073894.0,53689067639.9176,25888.0481065655,0.917,2.0,Continental,5.0,7.0,4.97948980331421,0.9643694422183583,0.03725153160441565,0.7725572788520806,2.1810250817884405,0.0,0.0,0.0,0.0
2022,SLO,2.0,3.0,2.0,7.0,2,5,10,17,4.333333333333333,SVN,2112076.0,59899117741.0022,28360.3041467268,,2.0,Continental,5.0,7.0,5.28065013885498,3.3142746757218964,0.11686315698784247,2.4682386915825454,,0.9469356216348275,0.03338947342509785,0.70521105473787,
1960,SUI,2.0,0.0,0.0,2.0,9,9,7,25,5.666666666666667,CHE,5327827.0,10412232620.5258,1954.3113206427,,2.0,Continental,5.0,7.0,,0.375387564198312,0.19208176314245687,10.233784038779833,,0.375387564198312,0.19208176314245687,10.233784038779833,
1968,SUI,0.0,2.0,4.0,6.0,11,9,7,27,3.333333333333333,CHE,6067714.0,20712102793.8026,3413.49358157003,,2.0,Continental,5.0,7.0,,0.9888402782332854,0.2896857001788972,17.577299785752963,,0.0,0.0,0.0,
1972,SUI,4.0,3.0,3.0,10.0,11,11,11,33,4.666666666666667,CHE,6260956.0,36844318854.2403,5884.77524107186,,2.0,Continental,5.0,7.0,3.65762996673584,1.5972001719865145,0.2714122641148821,16.993002434836555,,0.6388800687946058,0.10856490564595284,6.797200973934622,
1976,SUI,1.0,3.0,1.0,5.0,15,14,14,43,6.0,CHE,6302504.0,68476524643.943,10864.971231108,,2.0,Continental,5.0,7.0,4.47360992431641,0.7933354742813332,0.0730177243368946,4.601944997041749,,0.15866709485626665,0.014603544867378922,0.92038899940835,
1980,SUI,1.0,1.0,3.0,5.0,16,17,15,48,7.0,CHE,6319408.0,122557843886.137,19393.8805480097,,2.0,Continental,5.0,7.0,4.23401021957397,0.7912133541622887,0.04079706236220406,2.578132822682114,,0.15824267083245772,0.008159412472440812,0.5156265645364229,
1984,SUI,2.0,2.0,1.0,5.0,17,18,18,53,6.666666666666667,CHE,6441865.0,109455312167.511,16991.2458841517,,2.0,Continental,5.0,7.0,4.22711992263794,0.7761727387953643,0.04568074313604782,2.94269180382097,,0.3104690955181458,0.01827229725441913,1.177076721528388,
1988,SUI,5.0,5.0,5.0,15.0,19,20,19,58,5.0,CHE,6593386.0,215540625298.982,32690.4302734561,,2.0,Continental,5.0,7.0,4.23081016540527,2.2750071056055265,0.06959244912272622,4.588498797514961,,0.7583357018685088,0.02319748304090874,1.5294995991716538,
1992,SUI,1.0,0.0,2.0,3.0,24,25,24,73,8.333333333333334,CHE,6875364.0,279921425828.474,40713.6881521435,0.856,2.0,Continental,5.0,7.0,,0.436340534115721,0.010717293222985706,0.736852920027599,3.504672897196262,0.14544684470524033,0.003572431074328568,0.24561764000919967,1.1682242990654206
1994,SUI,3.0,4.0,2.0,9.0,25,25,26,76,7.666666666666667,CHE,6993795.0,301375055202.164,43091.7770970073,0.863,2.0,Continental,5.0,7.0,4.90888977050781,1.286854990745368,0.029863121863097634,2.0885655237052276,10.428736964078794,0.42895166358178927,0.009954373954365879,0.6961885079017426,3.476245654692932
1998,SUI,2.0,2.0,3.0,7.0,28,29,28,85,9.0,CHE,7110001.0,303459014346.806,42680.5867322391,0.88,2.0,Continental,5.0,7.0,4.75152015686035,0.9845286941591147,0.02306736550590683,1.640089918143627,7.954545454545454,0.2812939126168899,0.006590675858830524,0.46859711946960775,2.272727272727273
2002,SUI,3.0,2.0,6.0,11.0,30,31,31,92,6.333333333333333,CHE,7284753.0,309301422430.386,42458.7384679187,0.89,2.0,Continental,5.0,7.0,5.17881011962891,1.5100031531611298,0.03556401362000123,2.5907505491034466,12.359550561797752,0.4118190417712172,0.009699276441818517,0.7065683315736672,3.3707865168539324
2006,SUI,5.0,4.0,5.0,14.0,33,33,37,103,9.0,CHE,7483934.0,441634672196.523,59011.0324592016,0.914,2.0,Continental,5.0,7.0,4.84120988845825,1.8706738995827594,0.031700409595037726,2.372437731822294,15.317286652078774,0.668097821279557,0.011321574855370617,0.8472991899365336,5.470459518599562
2010,SUI,6.0,0.0,3.0,9.0,38,37,42,117,10.666666666666666,CHE,7824909.0,598851028906.58,76531.3729407691,0.942,2.0,Continental,5.0,7.0,4.80210018157959,1.1501731202241459,0.015028779388477912,1.175988310959152,9.554140127388536,0.7667820801494305,0.010019186258985275,0.7839922073061013,6.369426751592357
2014,SUI,6.0,3.0,2.0,11.0,44,37,45,126,11.333333333333334,CHE,8188649.0,726537808338.0,88724.9909402638,0.952,2.0,Continental,5.0,7.0,4.93057012557983,1.3433229339784865,0.015140299477549801,1.2397859817653867,11.554621848739496,0.7327216003519017,0.00825834516957262,0.6762468991447563,6.302521008403362
2018,SUI,5.0,6.0,4.0,15.0,50,40,47,137,11.333333333333334,CHE,8514329.0,725568717468.001,85217.3691512274,0.959,2.0,Continental,5.0,7.0,4.93008995056152,1.761736009966258,0.020673438144280982,1.7602045392155776,15.641293013555789,0.5872453366554193,0.00689114604809366,0.5867348464051926,5.213764337851929
2022,SUI,7.0,2.0,6.0,15.0,55,46,51,152,11.666666666666666,CHE,8777088.0,828508926958.393,94394.5106803525,,2.0,Continental,5.0,7.0,4.92419004440308,1.7089950562191012,0.01810481397595525,1.5890754549058896,,0.7975310262355806,0.008448913188779118,0.7415685456227485,
2006,SVK,0.0,1.0,0.0,1.0,0,0,0,0,0.0,SVK,5373054.0,70751813442.9881,13167.8954730379,0.812,2.0,Continental,5.0,7.0,,0.18611389351381913,0.014133913342105377,0.7594227961845258,1.231527093596059,0.0,0.0,0.0,0.0
2010,SVK,1.0,1.0,1.0,3.0,0,1,0,1,1.0,SVK,5391428.0,91112160800.7668,16899.448680529,0.84,2.0,Continental,5.0,7.0,,0.5564388507089402,0.03292644992318909,1.775205840564789,3.5714285714285716,0.18547961690298007,0.010975483307729697,0.591735280188263,1.1904761904761905
2014,SVK,1.0,0.0,0.0,1.0,1,2,1,4,2.0,SVK,5418649.0,101713075598.862,18770.9289896545,0.849,2.0,Continental,5.0,7.0,,0.18454784578222358,0.009831577642424455,0.5327386836054543,1.1778563015312131,0.18454784578222358,0.009831577642424455,0.5327386836054543,1.1778563015312131
2018,SVK,1.0,2.0,0.0,3.0,2,2,1,5,1.6666666666666667,SVK,5446771.0,106611673364.837,19573.3717031314,0.859,2.0,Continental,5.0,7.0,,0.5507850431016836,0.02813950766661045,1.5326945431277188,3.492433061699651,0.18359501436722786,0.00937983588887015,0.5108981810425729,1.1641443538998837
2022,SVK,1.0,0.0,1.0,2.0,3,4,1,8,2.333333333333333,SVK,5431752.0,115792972358.209,21317.7943982363,,2.0,Continental,5.0,7.0,,0.3682053230707146,0.017272205378863068,0.9381833611105037,,0.1841026615353573,0.008636102689431534,0.46909168055525186,
1960,SWE,3.0,2.0,2.0,7.0,12,14,15,41,8.0,SWE,7484656.0,15930075466.8898,2128.36441205712,,1.0,Arctic/Subarctic,-5.0,10.0,,0.9352467234299078,0.4394203916076416,32.88910470568486,,0.40082002432710334,0.18832302497470357,14.095330588150652,
1964,SWE,3.0,3.0,1.0,7.0,15,16,17,48,7.0,SWE,7661354.0,22685490195.3119,2961.02884624727,,1.0,Arctic/Subarctic,-5.0,10.0,,0.913676616430986,0.30856727977809334,23.640431631970138,,0.39157569275613685,0.13224311990489712,10.131613556558632,
1968,SWE,3.0,2.0,3.0,8.0,18,19,18,55,8.0,SWE,7912273.0,31277871668.8452,3953.08297234501,,1.0,Arctic/Subarctic,-5.0,10.0,,1.0110874586860186,0.2557718787486593,20.237369303822923,,0.379157797007257,0.09591445453074723,7.589013488933597,
1972,SWE,1.0,1.0,2.0,4.0,21,21,21,63,7.333333333333333,SWE,8122300.0,48883173399.9664,6018.39052977191,,1.0,Arctic/Subarctic,-5.0,10.0,,0.4924713443236522,0.08182774811429794,6.646295185087625,,0.12311783608091305,0.020456937028574484,1.6615737962719062,
1976,SWE,0.0,0.0,2.0,2.0,22,22,23,67,6.333333333333333,SWE,8222286.0,89232517045.8459,10852.5192441428,,1.0,Arctic/Subarctic,-5.0,10.0,,0.24324135647920783,0.0224133540800204,1.8428900746519452,,0.0,0.0,0.0,
1980,SWE,3.0,0.0,1.0,4.0,22,22,25,69,4.666666666666667,SWE,8310531.0,141886067003.972,17073.0446711494,,1.0,Arctic/Subarctic,-5.0,10.0,6.54646015167236,0.48131701813036976,0.02819163350188587,2.342874441580612,,0.36098776359777734,0.021143725126414402,1.7571558311854591,
1984,SWE,4.0,2.0,2.0,8.0,25,22,26,73,3.333333333333333,SWE,8336605.0,109043045407.287,13080.0302290066,,1.0,Arctic/Subarctic,-5.0,10.0,,0.9596232519112997,0.07336552248810711,6.116193816019631,,0.47981162595564986,0.036682761244053556,3.0580969080098157,
1988,SWE,4.0,0.0,2.0,6.0,29,24,28,81,4.666666666666667,SWE,8436489.0,206686590775.558,24499.1240758517,,1.0,Arctic/Subarctic,-5.0,10.0,,0.7111963282355965,0.029029459422045573,2.449067150900338,,0.4741308854903977,0.019352972948030383,1.6327114339335584,
1992,SWE,1.0,0.0,3.0,4.0,33,24,30,87,6.0,SWE,8668067.0,283908914454.48,32753.4287003642,0.82,1.0,Arctic/Subarctic,-5.0,10.0,5.26607990264893,0.4614638996214496,0.01408902572744447,1.221246189702125,4.878048780487805,0.1153659749053624,0.0035222564318611177,0.30531154742553124,1.2195121951219512
1994,SWE,2.0,1.0,0.0,3.0,34,24,33,91,6.0,SWE,8780745.0,228699066874.028,26045.5196995275,0.851,1.0,Arctic/Subarctic,-5.0,10.0,,0.34165665897369757,0.013117674859829925,1.1518295793707751,3.5252643948296125,0.22777110598246503,0.00874511657321995,0.7678863862471834,2.3501762632197414
1998,SWE,0.0,2.0,1.0,3.0,36,25,33,94,4.333333333333333,SWE,8850974.0,270887306758.576,30605.3669074811,0.894,1.0,Arctic/Subarctic,-5.0,10.0,7.05915021896362,0.3389457476657371,0.011074716035601116,0.9802202368848868,3.3557046979865772,0.0,0.0,0.0,0.0
2002,SWE,0.0,2.0,5.0,7.0,36,27,34,97,3.333333333333333,SWE,8924958.0,267371907446.776,29957.7776664916,0.91,1.0,Arctic/Subarctic,-5.0,10.0,6.91077995300293,0.784317416395685,0.026180760973900912,2.3366219210010515,7.692307692307692,0.0,0.0,0.0,0.0
2006,SWE,7.0,2.0,5.0,14.0,36,29,39,104,4.333333333333333,SWE,9080505.0,422528394459.353,46531.3762240485,0.906,1.0,Arctic/Subarctic,-5.0,10.0,6.37276983261108,1.5417644723503814,0.03313386788576358,3.0087225300601514,15.452538631346577,0.7708822361751907,0.01656693394288179,1.5043612650300757,7.726269315673289
2010,SWE,5.0,2.0,4.0,11.0,43,31,44,118,8.0,SWE,9378126.0,492750897239.447,52542.5759090299,0.91,1.0,Arctic/Subarctic,-5.0,10.0,6.56318998336792,1.1729422274770034,0.022323652907839695,2.0935402974998705,12.087912087912088,0.5331555579440924,0.010147114958108952,0.9516092261363049,5.4945054945054945
2014,SWE,2.0,7.0,6.0,15.0,48,33,48,129,10.666666666666666,SWE,9696110.0,577727767303.596,59583.4584491714,0.935,1.0,Arctic/Subarctic,-5.0,10.0,7.62924003601074,1.5470121522961269,0.025963785798298836,2.5174772311674367,16.0427807486631,0.20626828697281693,0.003461838106439845,0.3356636308223248,2.13903743315508
2018,SWE,7.0,6.0,1.0,14.0,50,40,54,144,13.333333333333334,SWE,10175214.0,549649344043.182,54018.4554391861,0.942,1.0,Arctic/Subarctic,-5.0,10.0,7.69824981689453,1.3758924382327486,0.025470784513298938,2.5917068317070227,14.8619957537155,0.6879462191163743,0.012735392256649469,1.2958534158535113,7.43099787685775
2022,SWE,8.0,5.0,5.0,18.0,57,46,55,158,13.333333333333334,SWE,10486941.0,575071237640.921,54836.8907235124,,1.0,Arctic/Subarctic,-5.0,10.0,7.31909990310669,1.7164204509208165,0.0313004699623655,3.2824618176759874,,0.7628535337425851,0.013911319983273555,1.4588719189671056,
1994,UKR,1.0,0.0,1.0,2.0,0,0,0,0,0.0,UKR,52075998.0,52549580264.8064,1009.09405517578,0.689,2.0,Continental,5.0,7.0,,0.03840540895634876,0.03805929542960486,19.81975802693247,2.902757619738752,0.01920270447817438,0.01902964771480243,9.909879013466234,1.451378809869376
1998,UKR,0.0,1.0,0.0,1.0,1,0,1,2,2.0,UKR,50379731.0,41882523345.1804,831.336791992188,0.696,2.0,Continental,5.0,7.0,4.44884014129639,0.019849252470204734,0.02387630735040405,12.028819241881898,1.4367816091954024,0.0,0.0,0.0,0.0
2006,UKR,0.0,0.0,2.0,2.0,1,1,1,3,1.5,UKR,47278694.0,111884752475.248,2366.494140625,0.751,2.0,Continental,5.0,7.0,5.97945976257324,0.04230235293724484,0.01787553670856496,8.451320312467761,2.663115845539281,0.0,0.0,0.0,0.0
2014,UKR,1.0,0.0,1.0,2.0,1,1,3,5,1.6666666666666667,UKR,45972380.0,133503871861.723,3054.908203125,0.773,2.0,Continental,5.0,7.0,5.87493991851807,0.04350438241396247,0.014980838923319808,6.546841564516119,2.5873221216041395,0.021752191206981235,0.007490419461659904,3.2734207822580594,1.2936610608020698
2018,UKR,1.0,0.0,0.0,1.0,2,1,4,7,1.6666666666666667,UKR,45208907.0,130891088293.55,3059.0517578125,0.783,2.0,Continental,5.0,7.0,5.3199200630188,0.022119534984555145,0.007639939533219372,3.2689868598859237,1.277139208173691,0.022119534984555145,0.007639939533219372,3.2689868598859237,1.277139208173691
2022,UKR,0.0,1.0,0.0,1.0,3,1,4,8,1.6666666666666667,UKR,41048766.0,161989520721.19,4199.6708984375,,2.0,Continental,5.0,7.0,,0.02436126825347198,0.006173238833894451,2.3811389610839577,,0.0,0.0,0.0,
1960,USA,3.0,4.0,3.0,10.0,19,20,13,52,8.666666666666666,USA,180671000.0,541988586206.897,2999.86487154495,,2.0,Continental,5.0,7.0,,0.05534922594107521,0.0184505730461686,33.33483482824323,,0.016604767782322567,0.0055351719138505805,10.000450448472968,
1964,USA,1.0,2.0,4.0,7.0,22,24,16,62,9.333333333333334,USA,191889000.0,684144620689.655,3565.31443016356,,2.0,Continental,5.0,7.0,,0.03647942299975507,0.010231754790300944,19.633611949560567,,0.005211346142822152,0.0014616792557572778,2.804801707080081,
1968,USA,1.0,3.0,1.0,5.0,23,26,20,69,8.0,USA,200706000.0,940225000000.0,4684.58840293763,,2.0,Continental,5.0,7.0,,0.02491206042669377,0.0053178760403095,10.673296285463586,,0.004982412085338754,0.0010635752080619,2.134659257092717,
1972,USA,3.0,2.0,3.0,8.0,24,29,21,74,7.333333333333333,USA,209896000.0,1279110000000.0,6094.01798986165,,2.0,Continental,5.0,7.0,,0.038114113656286926,0.006254348726849137,13.127627803707256,,0.014292792621107596,0.0023453807725684265,4.922860426390221,
1976,USA,3.0,3.0,4.0,10.0,27,31,24,82,6.666666666666667,USA,218035000.0,1873412000000.0,8592.25353727612,,2.0,Continental,5.0,7.0,,0.04586419611530259,0.005337854139932914,11.638390274002738,,0.013759258834590777,0.001601356241979874,3.491517082200821,
1980,USA,6.0,4.0,2.0,12.0,30,34,28,92,7.666666666666667,USA,227225000.0,2857307000000.0,12574.7915062163,,2.0,Continental,5.0,7.0,,0.052811090328969086,0.004199758723861314,9.542901760293876,,0.026405545164484543,0.002099879361930657,4.771450880146938,
1984,USA,4.0,4.0,0.0,8.0,36,38,30,104,10.0,USA,235825000.0,4037613000000.0,17121.2254849995,,2.0,Continental,5.0,7.0,,0.03392346019293968,0.0019813686948204298,4.6725627245602706,,0.01696173009646984,0.0009906843474102149,2.3362813622801353,
1988,USA,2.0,1.0,3.0,6.0,40,42,30,112,10.0,USA,244499000.0,5236438000000.0,21417.0119305191,,2.0,Continental,5.0,7.0,,0.024539977668620323,0.0011458170611396525,2.8015112563158446,,0.008179992556206774,0.00038193902037988417,0.9338370854386149,
1992,USA,5.0,4.0,2.0,11.0,42,43,33,118,8.666666666666666,USA,256514000.0,6520327000000.0,25418.9907763319,0.878,2.0,Continental,5.0,7.0,,0.042882649679939495,0.001687031954072242,4.32747314666887,12.528473804100228,0.01949211349088159,0.0007668327063964737,1.9670332484858501,5.694760820045558
1994,USA,6.0,5.0,2.0,13.0,47,47,35,129,8.333333333333334,USA,263126000.0,7287236000000.0,27694.853416234,0.884,2.0,Continental,5.0,7.0,,0.04940598800574629,0.0017839411266493909,4.694012928907484,14.705882352941176,0.02280276369495983,0.0008233574430689496,2.166467505649608,6.787330316742081
1998,USA,6.0,3.0,4.0,13.0,53,52,37,142,10.0,USA,275854000.0,9062818202000.0,32853.6769523009,0.893,2.0,Continental,5.0,7.0,,0.04712637844656956,0.0014344323929096508,3.956939133136983,14.55767077267637,0.021750636206109026,0.0006620457198044543,1.8262795999093768,6.718924972004479
2002,USA,10.0,13.0,11.0,34.0,59,55,41,155,12.333333333333334,USA,287625193.0,10929112955000.0,37997.7596573051,0.893,2.0,Continental,5.0,7.0,,0.11820939482168379,0.003110956958720535,8.947895956666875,38.07390817469205,0.03476746906520111,0.0009149873408001574,2.6317341049020224,11.198208286674133
2006,USA,9.0,9.0,7.0,25.0,69,68,52,189,20.0,USA,298379912.0,13815586948000.0,46302.0008800056,0.904,2.0,Continental,5.0,7.0,,0.08378580123718249,0.0018095503357256277,5.399334699333835,27.654867256637168,0.030162888445385692,0.0006514381208612259,1.9437604917601805,9.955752212389381
2010,USA,9.0,15.0,13.0,37.0,78,77,59,214,24.0,USA,309378227.0,15048964444000.0,48642.6100179312,0.911,2.0,Continental,5.0,7.0,,0.11959471213855008,0.0024586409342439402,7.6064997306601425,40.614709110867175,0.02909060565532299,0.0005980477948160937,1.8502296642146292,9.879253567508233
2014,USA,9.0,7.0,12.0,28.0,87,92,72,251,32.0,USA,319257560.0,17550680174000.0,54973.4207515712,0.919,2.0,Continental,5.0,7.0,,0.08770348304359653,0.0015953797643398389,5.093370508365123,30.46789989118607,0.028190405264013167,0.0005128006385378053,1.6371548062602181,9.793253536452665
2018,USA,9.0,8.0,6.0,23.0,96,99,84,279,30.0,USA,328529577.0,20533057312000.0,62499.8744390068,0.927,2.0,Continental,5.0,7.0,4.89502000808716,0.07000891734018823,0.001120144927787167,3.680007393046132,24.811218985976268,0.02739479374181278,0.0004383175804384566,1.4400028929310953,9.70873786407767
2022,USA,9.0,9.0,7.0,25.0,105,107,90,302,29.33333333333333,USA,334017321.0,25604848907611.0,76657.2488844403,,2.0,Continental,5.0,7.0,,0.07484641791974614,0.0009763775638827844,3.261270181726341,,0.026944710451108612,0.00035149592299780233,1.174057265421483,
1994,UZB,1.0,0.0,0.0,1.0,0,0,0,0,0.0,UZB,22463291.0,12899074922.38,574.229079896619,,2.0,Continental,5.0,7.0,,0.04451707454620073,0.07752493927025665,17.414652705851022,,0.04451707454620073,0.07752493927025665,17.414652705851022,
